28290497
15035603
15946951
31558743
23746359
18092812
20929736
18495156
16226039
20069616
29784975
15388917
21293373
21483814
38195598
24607143
23895222
22168821
26914985
26944342
19666563
28334829
22474346
24572362
21399621
24189229
30679631
19923747
15713478
19255464
28365387
24863636
11101901
12928438
23824602
17480000
18757563
31416931
23820574
25112866
30423558
26331548
26171785
17932790
29471489
32555346
38965224
29151218
31886769
17395198
17911250
21765418
20659898
22736796
31189953
14583612
18399646
34287037
34244518
22512472
34294704
21725323
26739254
18940606
35690099
14690497
30317481
18309272
37936349
28132784
21647436
11866529
17077498
16498616
16272117
32305460
34454944
26593036
29731171
27046665
10739938
24119404
31500206
11827486
26833716
23746846
35434837
24513855
14604535
20979125
18433710
22948911
16142903
32691958
18819925
19697958
36433936
18784070
18690748
21840995
35123651
18755898
23531275
28396546
19724117
22422986
24339979
24641521
33024112
38546236
30479383
29311576
30374105
20655926
24305054
28437792
24688060
20398676
11525164
12741811
15719022
22615807
33453995
23143231
21168767
38615987
16397490
15236965
20932977
23443661
31439670
34089718
24778228
25036435
23222135
23824040
11866528
31439375
33972418
37098072
32374767
26349033
19906936
29642588
33402698
26272706
34472838
11738554
15944695
17135273
28671682
19584060
38072042
19284997
10986461
18983854
22230954
22868771
28008928
24742683
11784327
34166615
33712691
19022251
20586493
21821041
18835274
21247895
33865870
16893178
16367755
20542007
32938911
38470055
22970197
28471477
22617327
11137815
25475729
22231399
18980319
22562024
16934832
17082819
29481043
26546681
22863569
19278651
24047894
28423182
21827767
33682792
33569592
18056714
30367660
25649206
11173475
17855348
18707141
31519882
34425109
26789250
14747696
23864660
25751425
23897460
34883515
20872636
15342248
16414069
16216579
30559193
18462756
16246371
21835759
10669610
24025333
26649906
20974911
21636894
15388933
16511045
21678907
17561111
25926100
20803133
30521042
17543334
24768538
22074452
27373333
28575120
24638914
19481527
17599353
22467275
27710942
11260493
34489474
22511773
23104057
24975828
18332142
23940612
37590348
38347213
15823052
16724112
17301225
34103236
20919991
10737931
21904050
35435307
22837395
15304222
28502798
32880594
21327234
33315219
29752410
21084280
26012696
28067914
38637576
18433773
18757725
30457554
25803078
19013466
15302930
12015593
12136145
26455400
15808865
16081098
27634044
17012780
29754825
12499565
16214901
17095008
25005087
25925385
27436376
30591587
27797506
29092908
12717032
15213379
19897481
16905539
21543315
26527150
26763108
12595726
15461449
19450486
20485264
39018392
29158259
21206058
17622578
30758287
32499435
21745478
30763075
25122622
18369196
38517699
22749910
23616177
27440903
27660387
38477398
24721390
30597162
15048832
17905596
34339455
21481773
21489986
23559067
23373518
23703617
11173533
26937685
15272307
20947020
30509975
31664051
21802427
15905166
15882060
20944228
24846739
36889587
21468301
12220497
20630474
21841773
27137929
25847242
10771436
25038530
25484051
33303238
21730070
16286459
15843025
11290327
23999288
15920478
12819770
27302132
22910915
19011098
23500494
22091869
33499592
10770945
30089812
36805660
15053872
22949812
31336103
23041282
17279499
20969875
15538360
24531660
34789874
18426222
27329856
34681713
18940611
34521046
33332569
31485076
36482135
16977310
32516362
19234466
31537789
32002546
22226038
27858202
11752777
11701127
29149597
17518432
21589901
24316825
19064930
11248040
15929984
16002085
15981251
14698296
16843900
17697997
25702712
27979631
28196882
17956607
21543872
14503861
25778498
11106759
11326105
21036862
31402189
33847947
23609437
36396658
11062562
24239091
16360038
29443972
11683996
38260533
11106758
17217963
17620711
26787904
19143837
28235098
16698552
24403024
29628443
11357112
12136130
16216577
22579474
18359856
22056177
26288686
24311582
18565341
19342659
25825493
27920218
10945972
11724603
11554794
20223832
21888914
26457522
19461580
30054276
33180459
23716661
23775945
12144777
14646086
15321717
20054114
26245371
25313401
23850455
17642516
20950652
21386817
30714902
12093724
38354247
12782795
18297087
34168070
11399067
17329243
15288787
15659373
28592491
11320317
36943056
38776963
17880943
23840063
25313868
27111888
24554499
30567974
38072447
37857822
19900465
23442859
17172354
25131583
11276241
15692043
27701764
23146631
32857889
17916560
27909292
15731765
33665630
24010709
22069505
17803214
23593271
27484797
31677892
23322043
14737159
26698633
38492570
20045436
12427019
24075991
25268799
18715865
29326162
20711472
15178251
31263181
15701688
20616014
38057661
33727252
37845529
26057672
21683626
22778434
14992577
16322582
21341660
18500332
15554703
18783790
17996707
11575934
19828435
19805072
24937405
23086054
34083717
14747734
23519796
27723252
32004470
10666632
10625427
19394299
38054258
19117095
18462755
11106477
23716704
26057796
14976314
18342604
18708469
12403615
15159594
18599299
19203269
10806386
17223798
21531711
11399063
27192667
28302852
23000721
15860615
23274111
34431721
34655519
16168436
27321048
15550245
19791798
12655046
33876763
18275829
37407580
25652824
24631544
20739937
21650159
30955883
16272434
11721045
12909015
11842098
20615420
18199747
22810229
11061969
33326741
12515539
30060237
18462672
22879982
18758445
16843901
28660889
34851716
19217845
18840608
26110759
10856290
14501123
30279316
36790757
25740311
38451205
17803234
18951093
27455460
33905682
22245966
12498798
32123082
27463675
17227385
22863205
22750417
29858276
31392273
18826253
26553994
14659746
30826165
33303630
27541325
12881514
16157639
16292784
21352919
26935699
33712547
16618106
20431017
35623699
24362024
25559274
16834330
19583440
18085516
22228183
10620322
16442803
32409579
19622863
27154589
15663942
19380723
23805258
26862167
23832199
15222755
26310724
37244892
25307743
26797123
34285302
34006641
15723536
21829166
20208152
29211711
33229582
25735745
29987012
27185936
19835883
31292253
26083744
17107688
17498743
20208150
23189176
23613590
10656824
25043011
25422905
26453836
35830882
16126223
19814824
21278755
16001075
33037216
25825518
12723345
17950752
36012140
27346342
18235492
21524996
16843441
23297216
27493187
31748745
33264408
24825175
30266644
12446894
18495158
31274421
32494073
16430917
19240214
19481096
23554157
32114262
17474719
20434454
17918726
15466439
18310249
19736991
23499020
26317977
16996030
37737710
35932807
27791029
16511280
37337995
31904213
31341959
16630634
22525751
28737760
22674577
16956937
17186524
34971423
16332734
18615018
29027901
34360907
12450384
21938068
10963452
28636601
30625383
26057813
31487494
12860130
17606610
29754813
23999292
23511634
18334255
28232026
12954054
34145292
15465048
11473257
32350888
29348404
26724270
15001360
24897238
16425239
23812721
28876049
16906756
23401505
17292322
32621942
33908345
37450587
23504311
20659893
25441029
28844748
24531000
28180307
15981266
17803239
16893183
26868929
18794333
11832217
12461176
28104837
11786025
21521654
37286611
21689661
23019612
29662179
15386017
21441524
20821241
34706941
20481584
19854184
27313058
31182483
36541084
15196013
23408433
16387659
14717590
19822747
21822288
10681442
31371578
34827677
31386272
22753782
20633281
31015551
35672293
31108498
20864041
19095660
25734422
27758853
16760411
15033367
34190594
26479033
23485416
23879525
24699734
27932572
33199848
11336675
20159464
32095378
30413536
30013155
12756253
18511562
19927120
22589545
15220417
20394754
17974914
34635670
15229888
15911615
18329305
31964529
15591069
38896445
35149681
17580969
10954715
18798693
16690618
12084922
17164525
24207127
27335466
29710391
20005805
27418187
30872475
28655769
32668200
33658209
12351843
30875203
21566123
26449640
33992958
17147473
19249875
14763973
26222030
28439081
22163011
11856841
24100552
25599644
31320752
14596923
21118805
22750860
30862755
22013879
20639466
17936703
24769418
17543335
22591469
24085769
24687534
25108107
22000412
15758981
17086192
30255144
32380735
22479393
23851460
17302441
18972012
15772084
32852783
16192279
17237797
37066334
15661747
24507717
26906024
26959646
38049918
31201334
17505114
25010341
11468389
15155948
24821279
11371162
15937902
17594497
19407397
28368276
29424687
30274705
18498752
11467938
11573086
22308383
26458104
19696344
24836025
21402359
17169370
18342886
25752612
15735344
21835981
35749071
14498828
22670769
34011548
31811022
34381056
11836130
21763426
22230959
22226917
23045692
24060989
11551918
15351642
27093678
16631785
28137883
29045394
25375177
31166018
34547327
24293368
27387657
30659601
29136196
19520960
25286246
18542859
17496143
25128528
18540635
23908048
37933593
19478797
27091502
20404438
18421165
27605430
22933704
19146481
21898653
12571357
23656592
19751213
20888836
29655979
23407639
11756679
15031485
17087502
18928258
31075719
16487540
33028835
33431656
12818204
16466927
18542880
17499765
18680751
27895118
12172540
25151276
20455582
21699901
22115775
29480467
23106217
24873823
32111925
26949259
32286308
21063756
26960132
15659368
15131298
20361979
10625425
22489897
19648015
24364418
33301730
33602864
15731766
23143235
15572451
21192935
32699321
19923746
19955429
19851003
20080685
14993673
15660127
16522189
18441008
21768339
22708907
18041838
30475211
31235958
31797813
34107106
10891275
26950744
28045395
38459127
10684659
18615077
23876978
17327392
32737358
33665933
18417534
15228524
18667421
12876312
27705815
27916517
31653051
21878911
24100577
30139800
30783673
17932936
30077971
22796298
32303654
20159465
22341445
23619282
35272141
35859174
19321455
23614777
33657187
11222739
25675534
27465719
17203075
26014357
31259689
31423733
17803212
11021971
18937497
33465378
30176245
11327765
23873042
34398611
11469873
12659866
16081736
37737245
19464297
32071271
16005887
26863980
25119025
32260401
21677647
16699188
22727813
24180271
27265851
22794356
19798682
20060835
20932974
27013661
26519657
37319422
24810373
19001142
15477104
16214900
21692533
24312643
28143931
32442521
33359446
38854018
11457415
10998630
21904034
31189921
23893131
28602917
14662742
21396943
11264583
19193644
28266535
12198314
24381172
12962626
33166411
17223692
11173465
12244300
30862777
11742346
36104567
16447281
18285338
25227262
12012346
28179135
20505714
24261830
32427517
17303700
22158901
32898583
37749098
11741531
25538247
31221832
23853712
18084070
26321039
23788040
24586168
25457051
21168416
29655608
24531478
27111889
28216041
18647346
21398368
27353520
19481528
29474922
21300906
16142897
14501115
31338985
35355010
19520089
32513714
21705430
23968652
18438417
33826169
34446444
33022847
38955181
27161977
15971206
10673422
18004773
33658721
12837777
18385128
20302975
16616186
19218394
21063153
14614509
16308566
19804756
17397863
27976861
28238532
23812833
25274631
11076033
11856350
17224163
17503420
19167403
21760931
22040731
25071205
29327289
32737160
21829362
27818140
15546616
20382158
19366688
20057048
37395646
27050687
38508190
24598755
37633266
33536435
38237595
30297805
21170023
29507389
22949673
11101293
12144787
12148785
19098713
29791979
25637661
18996848
15361618
25914056
31664822
31767780
29473952
35165385
28695854
35768504
27109553
12972349
20438737
14646082
16878989
15596443
11118452
29295714
30055466
19369197
15826651
15558546
31582626
20423093
33135671
25667046
16574150
15023060
16943291
17293877
25380533
19164527
29643377
17652513
17118402
27464895
19576787
25745174
27941862
19523113
25376914
17077486
21543856
22948913
26478180
28742025
16522125
16322580
12124929
20083651
21893283
17718923
30459217
16762831
21077608
18053819
18678938
15520000
21460457
11665605
27509861
30742897
18977359
20151383
38900892
19854204
20654628
38582449
27776355
16809541
22690928
31160557
21550984
24598921
15046984
15733928
15448163
14622596
31757941
31971387
20335168
14637152
23000382
31546169
17279613
11287666
16513644
17713477
37410842
15937336
29995856
31189955
19523900
22544723
26941001
15960505
20520659
16123301
18261743
25184225
10662688
15034935
23277574
10801482
21685103
28784764
26900875
30422398
11292347
15049684
19488704
11292348
24733432
21142052
29748256
33597543
36867703
25752573
18378892
28407400
16682229
18227430
21873198
12207025
24859038
17718515
23474121
12665854
33602856
34083522
29695868
21863833
20057079
21998747
15514159
28287526
19168783
23940043
20096703
24997597
11733066
28499769
11316875
22593150
23269808
29902523
21596992
15701634
17137595
26625011
22194329
30168204
31797814
33230775
22461628
20595007
21301085
29643398
30198885
11062561
12809486
15670833
27321477
38030728
28680092
38583515
31974447
16364918
12952983
15690345
27458092
20102159
29852252
31894111
34103492
22935026
35858322
17635929
12227765
30287387
23143238
21454512
15607735
15043934
15670609
24316832
17057346
18566508
34074754
19309728
14573599
22712611
24920594
11724923
35078983
27461074
17428027
26360462
19307185
10966817
18632560
23585443
25043603
26039067
14705937
26148049
19734149
23602660
30576731
28803140
37550369
22910713
22342964
12196153
28429420
30054433
33250206
35022401
20484046
15483590
17700703
15931225
15312779
29194829
25285636
29111974
22349233
30206170
23288897
33691122
16778023
24189235
31726063
20541610
24879127
29800515
38489389
11827477
24598735
26433031
23763993
15826662
12077417
29975771
24463465
11781092
12646382
23994868
28844695
11704672
31043524
15329727
17304242
34502049
24056174
22751660
11867549
18799570
23245732
19776021
14729342
32730563
26615189
28691798
21206019
31963646
32880588
22108197
11956227
15701510
32157081
23796516
17098196
11168402
21530540
25562208
20427268
36364477
38383789
19563809
26057807
27402755
35578024
38305685
15122892
21956117
31868587
17554177
34131392
26866605
20106967
25657007
27251291
27419667
15289102
23850452
38188235
38780411
32580550
29925588
12746495
21377464
22178790
31835032
19394346
16414072
26220954
10833260
16563431
19836337
18295296
11173484
13678821
20698687
21131357
36716368
12136140
19494830
16407179
26186291
35077765
29905823
22210773
12860116
32943189
16765986
17244533
11864610
24832101
32994364
15913653
16688781
16234923
24914149
26344097
23579681
12545174
30787298
21946808
29676907
34941255
11756454
11786359
17303080
22848102
19947658
30199146
30002364
11722165
21505419
24345345
34614154
11103997
20383003
29955062
23618869
12123839
33431654
23010931
33300032
25878249
16893176
24248594
27405311
30737390
32367042
34091303
16820678
30808749
22240456
24598758
26559973
20609589
26669441
15823032
26960121
26849035
22297984
21816820
32633484
11880631
30040896
24316837
22101029
26639444
18084079
21501625
15221845
25305017
21483717
28904176
11175901
12614615
12946355
21616082
27478928
28216043
14993703
38065949
16285928
15795221
36455648
15229653
21264317
20660722
21245531
23395181
16260766
35060902
11511350
11428895
16782712
21961565
24352193
30602789
30275503
17012233
38577994
11214325
12176391
14623187
21325282
21602819
26687416
14694203
16377627
17138564
25586196
20010678
21904046
25171413
10693812
31591892
38886579
38805268
20010675
32528175
16216575
24190916
31712447
14646072
12913150
20208146
27493215
21317873
17711307
27040659
15001355
16460018
27436409
28489901
20368966
21636905
11320325
33795473
23002225
19419198
33836592
23633953
11224570
26244522
27001835
16407062
18775437
38766263
16857941
19081389
12917441
28487352
18216012
38553946
31489376
17761195
26147209
25901662
31263785
32666522
14579368
31672889
16774926
26923588
21972783
11563912
29066625
18243111
34241577
17292397
16355420
14636605
22365600
12785812
25710258
15137744
23185134
33230778
14573957
10843856
13129930
24768115
17505109
20632995
26269568
27373335
32219215
20070944
32929284
18184588
12835418
22488778
25833946
18662905
16307916
21139203
32014992
15170217
22027836
25571984
27762343
17405878
12459469
12499539
17190806
24497635
21996020
19768676
21151115
15184017
31124002
19193990
19724139
31723136
21984911
31792442
33247496
10973259
21884799
19876016
17011575
15265040
23282241
33682790
22364416
25686088
30100358
36913593
19172748
21565698
18513746
20056549
15246268
25964325
11509182
37284623
30201718
33096015
23395183
31320618
31324450
24278472
35063773
11841211
23843311
36902223
23483797
10966800
17959776
11118218
11042110
19102704
29042493
28298441
31239376
31138651
22961982
38965901
23273425
21297161
27018598
17386263
10882067
21890748
11779506
23730712
36055198
11171970
33988358
24508341
18948538
10679276
15272159
18482976
38862016
12553908
12218175
17999932
16459102
19507904
16618936
27081075
24488923
11418763
18688505
16026157
23523424
23175788
17192262
19407816
30206119
37025142
19340074
25437098
16673029
21904058
11330297
18765922
11779235
19198899
21117060
25918157
27758862
26689363
16809540
27312125
18555071
20890290
16544326
20681615
28966112
32967967
12057195
32274853
19433803
18806782
17346963
20236930
25123586
34556862
10966652
12054806
23385457
24262070
21460234
16280621
18780818
35050655
32133841
29703953
30906865
23039029
24200810
30281793
32092125
28686620
18462673
32840211
11694536
19851019
31606079
17343378
38824131
11551506
16041080
10704200
21827954
24522437
20138889
23611982
12505993
22349231
25102080
16059670
26984725
12615540
36871760
26108872
26933181
38010414
22025611
33053319
18362338
31740608
12372317
27749819
21772249
32244797
33980849
27986852
25817996
15468321
19255474
18072944
29784804
24367637
30911017
38101408
15964983
20398219
26919524
12548698
22102024
15491133
21799112
26568381
12029132
32783951
38548954
33878294
23480277
38658755
24619194
14993674
24727900
15983416
33008599
27924558
11526334
16384580
12777810
21675703
18540639
37717031
18660801
29794027
30327444
15955818
33721990
15123429
12217656
22949182
25825497
22232161
39084225
15078210
30202881
12719425
31738165
11080454
21315080
28115689
12021439
34435952
37595557
25743157
33318703
10917535
22213702
15087464
32636267
26389736
15254383
22940583
11581264
21677752
23674679
19664639
24717845
28723557
28073912
21080423
31615653
18758443
15628851
11162794
25286935
17001104
15450853
17707227
24882745
11453695
16828114
19385665
10656809
14684909
19932117
20421509
12818207
14659748
23658013
23932592
24726327
33253560
34287046
30575763
19915006
20558739
20214399
29298892
38615725
38818823
33965373
22078559
14764885
11884718
22844533
24699645
26701219
23123111
19342773
32112332
19103602
12475215
22241997
37385581
24513854
25182414
11352583
15939020
29545539
34719824
19297335
32972993
14660615
20130031
18973379
26644359
22129429
29908278
34762484
15677325
21659513
31999255
32402240
27737777
24006185
16485309
18830565
11217865
17001101
18334645
33547416
25762138
31295458
26110556
20606260
12408833
36857690
11281715
12660160
29410413
19523897
20173764
25550159
27031283
27875311
32661420
29027293
34526721
33837197
26237540
19445518
27731370
32853774
19860741
12193605
26260226
25837512
21938394
22403391
23487779
16793521
34188171
30111839
19008858
15289101
11224560
33931760
30279182
27791103
17292396
30385506
25343534
21441520
19628398
31129210
32356522
16901503
27874013
16169851
32513959
28665948
17140245
27251276
10966815
25229183
21697083
27752127
32457314
12972251
19923712
27698419
19665022
28154188
29407382
29361028
27701820
35647678
10807922
21494619
17081045
15206928
20589643
27867008
38968768
11373668
16272444
18160031
26028538
26950603
26160949
24203330
34155202
16506234
16325200
11976487
23955022
17141803
17407260
23184973
27530427
18022194
11955064
19006325
21575592
22139374
26841766
30198635
20581225
22139150
11718558
29307484
21206059
31427728
16338406
16946481
15833745
16403522
19075235
30831075
15866722
16983091
19923724
22090426
25684576
30539760
32293878
11997478
11371163
18455186
22248449
26680202
33782616
29769723
23745576
20575532
16388576
31541113
22168824
12015586
16513973
18093984
18095641
28993610
25210042
33431688
36289330
12667068
24367611
30198888
15629142
29176642
30068950
31469892
27185533
12837778
33548211
26494625
11342130
18502213
15585744
23143260
11432824
28008971
19923744
19154741
20847256
25203508
18753631
26055328
17512005
23940038
27654917
19361433
16497327
35357834
18313383
17532339
12499564
19740746
26083545
12390027
37477604
36171725
27376588
29681455
16157351
23209726
12730190
25853415
32807782
29167449
24813625
17293595
15723519
22959269
23454357
16081536
21057455
25646489
35013249
21592966
32564735
25848052
15112238
31964740
27085420
19194010
21960487
26249689
32006282
27428775
11032839
23341643
16698791
16511185
10944104
17277446
23051622
24269479
11524669
11580249
22722933
27482568
30684364
18713740
12487133
12460584
23804638
21319823
25084383
23233673
26910105
25012291
30361386
28667625
10673436
15524279
23812722
30971495
17442671
21273447
24338476
20210304
16092953
25760702
26482298
22375048
30510221
25775247
32392465
28445724
15180986
22085930
28919439
20215433
29625202
19710183
11546839
20696927
21131979
32362013
11377200
19616011
16511181
27509843
10959838
16690741
33827952
19108583
12530535
30349081
20159592
14741581
35149153
25554787
27591049
11601915
15951571
11371166
18719951
33917059
33877621
12381840
30197003
32220335
23326423
22494177
38877064
16310803
20179327
37198476
27271722
14501127
20835242
24297169
27001842
20347994
36382886
29324327
11987160
25369873
31285470
31264960
32541896
23292143
15794637
34019876
17215290
24157611
32902248
35614055
38678040
11266365
29626214
31666521
19196009
28598606
34308841
19617632
26143924
25044474
15451675
16511211
11864614
11697907
34871438
22405012
28716925
30463026
14501135
12079339
21969538
15350124
25061212
29907748
27808280
19966412
36867692
16778874
23151631
15761136
33203675
15134446
31954841
12595724
29670697
32994223
29345637
38422169
26562384
12460582
27509491
31862883
16308567
17459884
37745379
17311412
25903135
27454911
29915090
17329817
29930203
16943442
28860193
22343718
30346996
24100575
15866741
26163658
22957938
10623554
25636407
30850819
28470758
24361271
16540345
23288104
35647917
23722835
34975846
15890260
11533442
24015281
31121226
17765265
35478194
19150326
16407191
26235055
27586496
22808208
35058365
17367713
21821893
26494761
17962222
24311577
26600430
31429011
32224253
29880640
27552911
19515941
29706531
28026953
26235916
33370777
15784257
19703466
30310856
16564177
20450919
29771342
24650327
33065002
18453697
29703838
38141759
14623185
19487668
22889313
31384064
19254724
18247575
29161022
29510985
20610398
25006165
26805589
33620215
15971202
29146805
12406692
21195048
24012833
26670543
18974054
25687570
33296660
31104813
17010654
11237620
22281737
36797249
22325783
10828945
36190192
20043918
22102226
33775698
26458101
11959140
20888477
19513809
16356524
23354837
25727019
20861839
20427531
24149619
23184293
31653781
19138746
20393127
21642959
25005105
26914207
20106979
31570614
27519423
35264791
16414070
25139988
31831781
32066962
32398758
26800003
12351828
32482881
36702157
11439028
23897461
29899443
17894347
11583591
15839679
17656759
22171062
20106978
19521994
26352473
19838170
12966080
23569276
21050859
23872434
30293796
28396444
38599239
30010541
21288902
15823017
32231290
19074338
20557110
16271889
33205945
26060179
25389296
15159575
22323819
34759376
11601847
26112706
12051854
27112597
11310979
24419627
15131304
19477418
16714294
23213214
26968363
27881301
38714719
38351005
33060363
22825244
30154570
34634944
18007040
31134642
17148610
18475010
19695097
23086143
32632186
12351882
21866890
16482217
38346960
11237600
17279617
22297986
32790952
11751893
26525784
33493516
21817792
25203211
22717436
22682774
25720475
12660162
11135676
26859322
22660477
33558762
16317783
12434148
17669423
33172954
37030124
20937900
18991141
20700447
32415580
31535977
17170107
37399331
35046412
21718071
11850430
34556871
16472748
34782468
11859375
21788359
17277453
15369673
24316401
37311001
36302762
26548953
12524132
12944258
34381037
34880242
12954649
32014998
30647412
12001234
16574148
23164605
32318758
35738283
28904194
14532678
20133745
21323366
17197414
26610257
22231402
19917297
29466327
17287355
17362016
34100776
35059628
18042701
21960769
23695576
11423417
23580650
34406789
26417072
33524412
12574112
24590712
34330928
15968122
18255096
16818233
29202927
17052460
21507954
24953776
30598556
31234766
20208172
17582821
22748766
23143258
18439416
10651824
15117957
25059659
11524687
23820381
10805770
21898649
27194810
33083003
16095620
18381289
20093122
20631791
22437160
11418837
23506233
16500678
31199122
19033360
15095868
16275340
28011644
29242193
27490825
11087354
15989950
26258636
18923500
27373148
31419492
10818357
18258257
32811817
19710012
12837773
21663747
16285927
31242812
17360321
20124695
32879423
21723815
28132785
26075520
34349260
15644219
17958702
21820315
27487920
17910960
19241474
11884738
17360628
20007275
23702293
24590720
26464437
12621043
11526331
14512630
17407781
33684218
32413289
23180775
33020607
12054817
22362775
26323300
18293927
33188728
19606093
12595263
15981250
12411682
27895115
23514009
24375505
20798318
29551290
20939005
17853449
15610856
15916958
23509005
24043813
24894648
26492416
25040221
29860349
33103311
34315873
15312761
36477260
37988924
37259003
31002736
14747731
27493217
16402859
18471981
16690081
18171677
27462106
16461403
32315598
31384001
18004874
30297797
32310937
21489992
20159466
28689658
34757842
24402281
20974933
17609128
38233397
16330046
12069608
12237304
21059358
14671305
28710336
22531064
19515814
16377641
12729736
16600399
16467263
29229809
34678313
16829960
19328811
19893533
12853578
17327177
24203335
29261802
12746498
31816408
11099380
18854158
20025846
27036132
11427888
18371493
22841979
14573960
27493220
22325774
16627940
12051924
25043005
21495256
17223531
25306919
24189234
16084390
17898164
32961724
15567410
16135522
15334087
21646533
21914803
25581064
22989411
22707714
35477757
15890205
27277702
14690425
24846670
19232357
11416198
27174988
25411884
12458220
16076217
33275968
30460895
28652389
19146480
16226253
34256240
22876874
30742075
21822282
34197115
20944209
34520740
38734767
29269875
26085087
19332786
29263091
17035239
32424346
22864288
32818430
11329255
27791004
38517390
29626847
22727022
16864776
12079346
27380369
31599033
22039098
23698002
16564539
25287511
27991905
11222272
12475227
12015144
12004122
12777799
15993893
26394183
26322585
19655750
17531228
17893204
17384227
28687786
28974686
11802718
11721036
15109257
30082790
25336653
17263560
21113136
16792811
38509361
18839332
34417468
12962634
28226239
15604430
26852363
23696742
18436237
18204464
32994533
19321620
37402369
26072700
30615268
17358056
16684887
22906049
26344157
20616806
21442609
33742128
35940205
20826778
25157460
11419946
23217682
31181288
33288957
28928145
24039702
33548491
34489609
25670504
12614885
19103206
26483468
23695564
29767456
10792039
11428898
12473454
20364120
21147779
19153467
12631270
27993680
16484367
18391419
27445473
20223990
21214273
22792278
11723795
12079333
27458016
18684709
10944342
18793174
20631709
22953050
37286607
11250200
27713574
16253988
21498772
38199566
16375919
36450445
15667211
19435349
20693690
11587641
21937655
28875424
34016967
22438863
21104698
30066435
34086670
35132244
27253059
21203985
24872454
25178855
22802670
24637758
24531476
16934835
37193829
25412657
15073325
26657628
28248658
16419067
15152086
19721004
17911258
36257932
32883811
30409901
22545130
34352203
39121216
25997099
17559875
24531467
22154937
20694000
14975510
10811226
26687682
17937929
27839951
22052913
20606272
39068302
16570183
18725644
29991595
17640891
12080132
19923716
25248746
15159592
16288921
21704044
29618818
25241165
23814056
18832644
25987371
17133764
17100651
33230146
22154807
17192588
19111661
26673105
29531058
31882871
10627545
32225141
24086133
35173330
28755150
29352301
19602727
31677891
36617428
26009280
26113721
18630930
14757057
29414678
16472743
20347849
25122623
25232738
23843990
19555085
24048471
28993291
11170449
31601764
22727814
11032798
18443147
23643786
19914209
10673423
19211558
29773504
18792041
22835932
27871811
21310949
32580208
12234918
34737233
17897095
24076404
37682540
11836536
19818708
11042088
29335428
24291818
17540406
16282592
20620151
30742995
10944185
16809295
19217397
11141059
20599510
32616653
18425854
22329777
27670836
37158309
12372304
16751439
27177970
20534488
26904950
12093902
34168071
34824240
16516921
18097080
22847007
26025625
10716174
18662904
20702425
22792273
30030519
30626926
16990134
21917921
26057802
22171985
32068790
25554780
19141288
32478746
26662629
31857588
11699870
31250299
11375483
28681606
11217612
30733335
21771856
17531267
38062209
35896552
37742916
11139620
31209220
34330992
37257453
22331906
27606840
14726579
21767345
16876192
33741963
38459206
21246636
16967193
16630882
19106298
34475399
21821881
15668249
18761354
32239732
20112981
12721305
12972502
23345433
29514078
18782772
22289180
17081990
28111018
22695053
11000116
19208805
34374644
15383284
34099703
24073649
24936067
19153466
38674110
23589842
22612644
17642514
25521717
18275084
16091047
29904056
37500658
31392261
17395591
19815500
25375166
22170047
24019523
14717589
19913483
21572042
15583139
21152407
23519664
22694317
19018097
25690096
14734545
29936696
20659888
15965234
15651036
15981245
19449157
30652968
22965870
16284179
28045370
31125144
34707099
11724791
26893383
32428017
17223533
26242779
16980501
27404889
23812375
33568813
21081668
21912874
14737160
11514675
34675434
17070541
16873246
18983853
34615715
24021814
16385005
22691797
26378620
26581987
16943288
28886336
12774115
12706716
23988112
33385326
17277784
36731470
37531432
19204733
32873792
21212358
23770602
14514716
21876144
12070164
18272179
23776406
14982921
23752926
15130469
25664723
20208151
31588925
12192070
26222029
21572987
28390173
26863978
36577381
23893132
25660651
11371156
12535524
23999295
23908036
28291753
35388221
12454461
30638443
15057940
15577897
16519519
31239340
26106855
32001521
26211613
15184043
21370307
12684502
31045565
28839073
20444836
19246376
19035373
23011764
25848013
26838673
17680699
24082111
38471529
19767730
18662907
12079356
18459799
29372902
18768797
22232657
29177822
20019282
20851704
38961288
19303884
12876343
11223513
29151266
18097100
16049913
25326828
23884409
16924132
23770819
28106073
17207812
17891154
35234136
37176000
19591842
15625712
18235504
17137594
32653644
28604693
16184518
21454656
19066990
11478862
15808857
22304631
19493107
10704307
30385160
26057791
20164221
19095797
25510494
11304671
15493898
21211513
22331908
26059427
33214556
25713138
11566892
16627619
38627970
16407074
16644220
23262488
28967883
32726433
32848248
15721580
18290643
18923516
32047248
26057799
27040018
22804629
16885166
19604478
25372826
34850113
20036253
22776098
18824173
29985425
26470022
17099700
23059543
16698036
23519804
33110068
30798053
25504723
17905833
10944359
20964330
21338915
31792452
12374755
23314154
34526663
29559617
31314152
28120828
10903948
24131983
23297211
30923125
17671371
18682228
17330285
30198883
11101899
12820260
14646098
29608861
22124946
18650441
23529178
24838684
29625199
35013242
22566663
16565725
22817895
31282858
23757493
11723249
16330047
20454456
34354246
31142841
27489114
28188547
14871888
25195751
34186027
15944409
25185827
33483369
26130806
11491289
19153450
28404848
20944238
26004440
23996001
24425442
10801489
12144810
10623531
37645790
17286576
18088098
15916965
18561189
18250328
22178924
22465956
17874041
29311594
23426577
36881626
23584589
17434746
17910459
25343578
25901680
12595729
16369485
28393830
11839304
16511145
12654267
14627734
38570680
15851514
22511758
24550388
32543371
11375497
11507643
18048691
11371165
19923216
29414779
11700065
36002576
14556743
37878698
15784741
29804820
30951668
16865708
20516588
31323046
16838328
17171578
36038598
20139406
18775436
12051921
19110442
33080205
12498803
38906101
18845158
28698372
23630569
12154288
15701511
30855138
28604725
23394723
11906281
26237510
31226491
29203283
25950957
15729334
18316329
23232152
25471186
26627651
21602818
12960167
20693674
15314233
25363287
15341481
29874286
28281548
26950392
11453690
31168089
32027819
21452901
15766545
32494015
22307055
25056142
19307723
24634061
17462571
24586799
27309817
32553275
32782292
23722205
12054830
30122450
15740749
21050862
19948790
34709351
27419870
30149697
18280239
31554800
38012412
12417202
21397182
19535864
19458715
16378623
10899108
15755729
19133276
19915539
21552261
32269335
15103125
12055621
24957055
30194229
22900284
32123390
25707801
24893593
34699186
27789573
35653481
14972547
24623648
25478983
16309698
18356501
20629176
18054239
28258219
12535069
16511285
22363663
21220123
18818642
20823546
29537015
34620169
29898396
12904785
21628585
11927587
19710186
11563914
31629769
33432152
36189720
18442260
23881095
25347386
28802041
30405110
12054740
26506002
15145952
15701515
21858212
15486189
16511318
21569248
15865437
22982244
33858992
20880843
19135450
30644741
12788916
22927815
19768682
11389593
17574024
30194714
11525166
28342850
17190609
26894672
21749647
22066782
32749687
16322583
24844575
31197009
15468326
23132862
22691791
12128196
23602808
25664783
35857020
12925792
27556947
27614148
24081950
28632757
30478378
16793061
24611898
20071329
19128036
16729961
17297508
22387043
18206161
28618168
22741788
22632070
19334535
10666622
32839613
12473462
33191911
16930618
24162851
35074430
16338403
12087407
16343530
16806267
19706443
12657792
19950993
29719253
22942247
34918934
20352052
23623729
28191894
27456030
11021791
27582183
19768810
15674245
16331970
10764791
20962038
35882843
23460799
21816826
22386589
17881562
23861496
20404203
21209328
27824028
14992585
33284795
20400691
11279123
21048711
20559389
14756552
25185034
28422428
21930914
31980708
15982665
28667626
11139614
22358840
15958419
33171826
37233218
29323271
24108697
33999620
27339980
19177356
20573952
28582576
16116438
23409873
31723268
25355358
12654246
21388719
23549915
25242525
11357122
25005094
18847236
11491286
12450381
16165152
30093619
20944217
28976958
24882805
21411517
15713456
11257229
17854829
35365610
21697598
27482052
11969414
11820928
26875772
16429535
20633230
17142327
17880999
25327774
35715389
32786412
11265453
21909073
20660080
23908032
19319932
29720631
22868760
18219319
18260100
27064294
31666526
36922493
11381081
32446388
17848566
34031651
21884704
21425316
30115681
15262976
21760949
18602927
11123942
26832667
12886018
21267063
19189962
17115050
27474738
31570878
17410205
22822072
21718401
25121780
28145059
33140490
11513584
12763806
20883031
23682566
15665127
27129203
21098295
17442675
26308676
20888341
27133568
15938624
26797714
17059209
16829224
34031522
21059958
24171431
21419344
38891853
14705033
24095059
17003130
31570877
30894561
16061251
28823097
31251171
32457311
25664749
28972190
19683540
16765605
30744994
15317139
11784137
19010333
23022319
32029744
23761076
36310231
20400952
17681535
16441656
26814179
16263718
24367074
20453859
34861190
24699659
20143871
30049795
28414448
23166655
33703886
25605733
18587152
19285993
23489133
33004626
17922011
26169829
10856287
19596016
16201757
19139097
21102411
19933100
28757607
36604500
24554445
18842001
17287295
34161781
31659175
34667172
11353864
31049401
17060607
18773907
14646096
15689399
28347672
34866603
19380375
16627473
19682976
15647261
16397890
33214250
25007185
26178410
11925213
12784220
23989147
27428887
17401196
27369768
27701776
11371633
23159127
34942097
23212797
15665872
19043415
12782639
34158536
17581881
27159829
19625247
22139156
31391518
20156447
21636902
31767763
38998944
20463071
23584587
39152100
16511296
18850720
28223499
28972175
22198464
19961859
24179159
21206062
18453703
19033461
23888039
32203130
20811494
19423669
19397279
21507947
23344952
22334583
19407388
10873855
20696399
22004756
30194969
17511517
34923703
19580813
19029896
38710701
28695851
20937829
21625866
29712914
10896473
11937059
32471988
22699623
39152123
11850637
16547462
27974208
16337811
36806352
11812139
29127277
22545924
16884737
32039891
28487372
34836937
38927025
23137517
24127340
10664449
17526705
25752603
34267357
22353711
34177966
33548201
18318036
17703190
27101778
21870821
27654913
19119875
29572475
34018214
19961413
11738041
21396940
17363272
29414766
38354260
21561155
27425598
12176385
22505411
27839949
10830969
19799916
22500768
18445629
16495083
11896404
19835886
27454617
23123849
11243784
10675298
34100775
16873247
27920087
16737961
15251460
22826234
18353655
22869111
22659319
32820062
19194458
20223218
22514181
31358960
12888346
19591844
14705889
23143232
26708480
33636189
32557910
14501106
20538977
27022027
12203006
35104890
20797630
20471397
28731030
12269811
12077429
26907693
11679739
19712775
19844931
27121947
33338410
16327804
11907243
22330145
36251992
32311329
11062563
16478141
33029876
33989682
11835514
33972673
10731422
24474780
31945771
28432121
23993463
23377541
23292512
32348749
19851001
15930630
18782066
16426637
32371397
19712683
12434151
15823018
12032291
21123871
26631735
36693097
19665031
17167796
22432862
21678923
23396000
33768254
14556748
22282805
18996130
17499046
38697404
20138512
31416834
12123017
12899837
18006331
14636592
19559030
14672659
23519667
31724718
26174026
20833715
30242716
24486010
10673442
26688547
19450535
20875039
21441910
12576021
18986982
15944411
22156523
16420526
29217769
29925945
29666285
27076635
27864160
15452258
19801550
27392600
20943665
30832312
17764689
25698059
36057255
16513975
26936323
26442932
28450393
22383884
16243353
31260457
35698912
11237598
12551908
37861467
28057754
21505237
16829959
29706542
15890279
20971194
33790016
15774460
31811229
22285214
19805340
27026703
11323717
38139282
23188795
19217396
28179139
22504883
16840698
12473452
21346759
15096040
18818516
34086932
28472636
29925951
30872532
31734457
12972249
19552399
37633970
30047866
18206968
34021087
31206356
34131334
15895988
24385486
21354180
22885007
18680116
15629718
26503045
21177854
15109491
22407319
24901026
21481771
31584081
21213247
22098732
37321139
31303482
15001780
28035031
32481556
23333295
19556969
20965200
11839311
21763731
35173352
18997780
14661950
27457616
28236662
11932258
30081750
25684575
14638858
20417641
33620038
24104393
17950006
35278476
29198706
25286941
22106272
12079350
14749821
20471983
12931000
23132064
19761773
21265759
27912064
19079236
10843853
11685246
18485872
16989859
18343822
27487927
11722168
20554915
17660751
31296859
30111488
30980593
12733969
23351065
27846502
31566564
23273427
31129879
22940585
25288775
20643101
22411995
38992051
27524200
31601708
22119847
34083757
35994636
36752787
23519420
30589511
38852931
11017052
18281060
30100186
10681446
23702688
35959463
19208808
22395605
16141336
18971333
12897052
29325219
17077494
11250201
11740506
27578558
28314775
22544739
15981272
22941657
25138218
27305963
28733623
27986812
25661811
35533283
22865330
23238393
24979784
31910004
24598738
17209552
12621040
16225889
16421449
20032175
24915102
33571640
38236721
29403048
26750484
16027157
14980207
12925784
24030827
20188075
25172766
12042876
16129464
11352586
11851403
27109927
29367607
31706575
27723289
17563367
25609543
15455144
18976659
24569476
11306026
15722470
14698299
26278177
14646099
16574071
24756028
25802296
16919463
20044574
31733991
28421365
12702760
30030863
10988074
12606717
20080582
27193681
21110939
21044611
11099381
31300275
16049008
11491285
14616028
21949245
36151382
23592968
12517338
24498434
18940604
20048261
12518057
26180047
20445241
29339766
29728606
32979254
11323724
24643968
21249122
18826375
23361460
25968649
21031487
12421807
19119025
15101556
21047113
21663745
22361983
21626699
19646995
31582849
29097656
33944951
22876187
16927377
22325780
11279129
19427319
12551896
16364912
32254049
18157955
21399643
22291925
34013269
19609323
37016452
11435118
33124814
14656442
17070547
19564691
12386327
28208298
32424145
18540667
19086272
28045387
20017931
21047798
24465852
24598915
18082611
28165461
18831551
11373655
15476817
22139186
12016306
15608123
21965680
12624088
24968921
24990943
25762514
36442092
11375505
15213468
30839288
10739940
10926489
11732895
18710208
15946682
21454611
15805177
20675408
17329811
29262358
24804811
11524682
23908767
38271335
29694895
30068643
16213196
25190797
16916523
19167249
12931005
19021761
21047790
25005083
32887797
19906994
15713378
31698413
25712767
32938938
17062140
27189946
23094679
10737936
11325721
37515203
30165344
37344598
33877628
23333657
32188938
31539250
25146185
27377244
20888467
31201302
12390017
24747401
31492636
18952096
23047001
32165583
20844746
26936951
22957058
28602352
17973280
21393840
24982148
10932248
15667212
28542288
12055620
28761097
32034060
24550516
15242593
15719016
16211523
20599649
30068551
33846594
21856312
16356935
15632288
33780447
24352554
21893291
19913036
26173110
20571891
21248851
11932540
27986533
35173349
37169754
18929577
10986467
16229893
20382162
11423129
15805589
16962654
31988522
17289667
15789406
20413617
17310249
11914488
10733893
19388075
29126780
35435722
19893485
14579356
22307589
10700286
17229157
18786396
18047709
18084078
34824283
23161908
30834616
27036939
37078249
28193046
22958642
19114558
21565155
15062092
18784071
22825853
30674671
30744995
34099169
20225399
15211511
33523995
23414806
18338855
30482845
35418573
34330837
11124031
12525495
15306883
15990111
28743884
33693873
11790113
11106733
17158459
24531474
29467338
31217444
32843629
22753492
16791136
29967063
31633065
36261523
12651851
25053417
19249313
19268422
23754375
19683009
22123988
35676484
22685390
21250658
25613812
21680063
19726686
21900230
11545726
30185622
22073177
17804419
10983982
19073923
30782654
12730601
19717605
17673204
23079477
24808177
19878683
26365535
32581365
24223721
36638176
15272185
16782126
29531287
26807715
35794005
22403673
34610097
15722427
26806107
18338381
24915944
14623971
30904680
15192098
15805592
19958482
29720657
16460020
22139178
25118175
36116515
24805245
28739947
25896007
34371041
28948231
31348612
32193322
11080458
29698455
16906151
18001138
23994008
11602602
28000660
28499203
29626188
19679081
33559605
11440715
32732395
35839926
28612368
19574635
29292505
12595703
22709580
30242280
19652343
32917641
38509367
36310334
18583962
28834725
19022223
28074646
21530539
28509352
11352585
31205016
19966411
11062550
17537733
20944211
36125941
24704788
32887929
21029378
32560560
34819673
17580928
23519416
36097290
29217583
11568181
14646135
19452559
25267638
11741911
18395223
19096501
21880708
19728742
22325355
20644615
24175891
20576439
12192072
22912577
19744497
29726815
20731394
35209128
22362132
19923739
12051842
31253771
16309700
16646632
20924356
25857779
27311713
18680750
16093500
21904061
20512113
31597161
16464851
31492816
28177317
19946264
20831869
17015448
24811524
34210893
11513585
24699746
16216576
17575979
32661194
38154792
17082594
20944208
21059355
18757858
10926498
24379410
31488907
16893166
20669149
16996276
25601084
10737943
30559341
31768063
15781386
19593381
35831291
12706724
18946488
35639884
27980209
12406693
21319744
18334484
31196628
19778007
12646042
32305437
15864315
32680882
33009385
33010889
16511089
20150497
22511788
15229892
35304125
17349966
24419393
29398115
30802039
26491019
20862319
31672913
19177572
38806516
18062777
20124708
15662962
17337454
23201280
10848964
28097774
33259810
24112942
24456211
23028743
12517343
25564614
37158597
20375021
28370139
24467287
33995893
15826192
35732732
22771214
38335062
17348709
32796831
36450447
29555844
15281134
12079340
23746808
22511775
22231172
11313498
16212421
28071757
29523689
24097978
12005434
11525728
18187645
19620239
27936128
18536725
31076506
35382945
15353602
28482099
16204250
17581590
31001586
16672363
19152632
27068646
28351836
34089643
14556739
23213254
11599026
38949068
18469005
30293840
11786017
12823960
36114186
18219118
24158810
11580261
31531940
29610537
20665267
19937654
27391173
27653958
29058710
29335298
16537488
14647374
12037322
15701513
24297919
28059770
19678642
10700283
23711417
24240276
35831509
24113528
26524320
16216582
21766403
30198891
24982198
38838667
12972429
31392983
19544573
16209941
29213119
17998537
19109250
26052893
18500822
11846563
23269243
28960580
25081058
21873222
11014182
32531208
16169877
12642101
29622679
27491543
29973722
16615904
31891428
30510220
33531497
17671977
16343540
24941155
24889649
24945826
29148969
16520393
33639213
15794648
14699122
34735234
23589368
28586324
21834536
29967543
21205638
22843345
15365182
21123872
21481774
21463689
24282309
32064661
14996834
21505239
15659362
21574565
16246367
22323738
30942928
33726638
38127736
19656282
25243119
33653894
26032434
16888041
33927712
16219321
32910895
11491299
17071962
17725819
19120453
17947230
18280243
10998631
18468621
25253688
17381075
26627650
26469317
34031903
16413306
19966418
11526317
29146870
23295489
15458630
29223729
10956028
32880591
15943813
15907932
17303562
21275429
22158123
11572866
19191553
33761323
28318486
25447533
16511175
27883268
15970585
15088068
31116986
21458667
22847415
29255010
15163194
24619421
18987156
19616558
11509720
19089952
19662078
20696402
23563142
29069504
33852892
28781236
23769667
23525020
32783916
19244332
17157258
12215420
10675319
15507433
31537648
17673622
12949587
14506271
27043298
35912527
23353787
32034139
15588815
15342242
22684056
34563540
22622583
16165155
38925148
18682229
32234471
27821511
33882274
12486014
18369188
24565374
23352932
17283070
27072897
16430919
19022906
27784779
31575922
31243364
19591837
29642013
12556447
16541109
14690593
26162879
16949362
16008342
29183787
17998541
12876203
18300246
19946266
31533957
23385452
25005090
32053592
15319425
27986857
27599859
19362562
12705827
11860283
11749974
25995122
31327531
19564416
11418848
26389739
38398647
21259076
12679016
20940320
16411239
23540790
17557166
22102254
29594860
37095225
20445243
17470637
29167428
18722382
22569035
30568167
17502100
29074108
16287120
38870289
32807989
32423822
11940588
25347729
31767868
32458997
18708071
24120860
17543333
33237724
15388928
29142318
30122227
31434882
15608653
21839089
15003455
27466363
26200343
17554176
23403578
15039578
27940918
30277212
32929282
34083449
31209106
19140675
12888349
26627655
20944230
15697222
19733180
19021760
24419611
10986466
29577475
33243891
16204893
36841481
20054116
18479132
12005433
25497729
32698187
16212393
32123351
12037304
21123867
15281808
16131754
19536266
23432621
39085540
30032235
34397372
15388916
11222285
12145213
20227375
26226421
25658636
32877645
28981583
20953180
15209499
16544324
15159541
38839776
25372683
23063756
15043922
18572191
23598339
21054786
16002581
38460521
27922006
16843896
27500912
15368366
25557498
20713061
19437048
11591723
21531795
20837679
17803233
28086082
16312015
38981336
30753870
38501920
27905398
15569623
17185228
22078562
25759390
26219431
12709420
31678142
11743729
21273426
33823661
18762190
22130015
29233695
12754496
34272275
11976505
19349281
26192749
24711391
15342251
17194213
25315777
16377266
15224334
15368577
36413996
28218750
24449750
29924793
17697996
18268339
25024436
31356074
33355144
18420222
22303011
15583395
30244033
25946571
27434672
33007200
24033548
24375409
23277578
24479855
12154125
16755588
31775157
36206765
17760617
12138114
24320870
21310988
26068751
25242456
15159565
22653727
20308576
26224628
19063897
31483737
23509373
16939420
22859295
27859784
19206187
32299921
33947819
32249211
31866010
12096910
14643217
18483195
19072585
22447656
14646116
16239139
38459129
16308322
21778401
32649775
12051853
11733998
29712910
16428312
28112729
19177350
22002607
26871634
18537236
23403925
20637416
15315751
28218747
19695263
25534554
15851031
31390192
16777141
22045336
11878950
18006495
32649858
22325775
34716315
24956165
11707390
16919383
23996217
16216571
12547200
21367867
12777807
31451806
28112645
29420470
10873471
34274318
15853804
31594862
11399085
11752778
15558745
12359875
15665334
11961546
31495333
21458668
17306828
15819896
23123112
25286931
17905741
17947583
35051687
25702872
16212412
30478053
26735493
38326620
11470436
12906818
36156414
20194787
35861182
20383024
22272354
15028724
20833725
16375921
21041683
23496842
15681867
24456689
31267467
15619638
38159849
22967074
22356912
22961985
16926026
16615907
23413923
17485524
20113006
25084382
22085748
10949038
17172439
16534731
24990751
15301532
16843489
23104439
31945772
15379555
21110513
22022377
21326864
24965656
26450213
21159620
15451660
19280623
29603081
23658524
20944229
19393666
20445227
23897475
25049413
11224571
20558298
22890107
14725765
39149041
26057797
24185006
33393463
21569201
25074927
22116277
29769533
21124448
30779794
12930965
16699187
17826090
25982945
17222425
32324953
11526312
24747050
35853968
19241371
12459591
30459428
30283140
11414837
26082492
24920672
28193903
20106980
23613584
16314578
33620209
37733873
18067873
16165157
37882754
38351373
10970745
38759629
23349464
38123677
19103151
32152538
35628121
15341730
30696850
18798692
23511972
16239335
30346944
12631390
12837779
15657928
33737693
11493912
16250652
21816279
16844993
11702069
30118817
18369191
19004002
21438536
14568533
12594333
15843017
21965658
20080697
16999976
16511302
34099682
28137870
15502303
19858093
30718768
26460036
33645536
19731367
28067235
16246368
28615448
14747732
12077435
26478257
17928861
20923632
17099698
15140887
18258259
28073742
14736236
15865428
18793646
11469863
11960014
26018083
27685543
19369383
30357414
28077635
29860047
11369847
12850154
11960500
23108620
36129979
25404745
25957471
29026093
15651050
19121323
21545173
33305433
23868982
19029894
28241144
15269221
24607412
15632114
22575828
26863983
25564608
19820093
25524451
26344568
21597263
12593667
29496880
18188150
24699652
26057665
11739930
11023795
10864668
19923721
34433091
16741124
19204291
20178981
25149865
32535228
27445329
14597624
17897673
19704023
32347705
17174896
24817710
34050348
11175900
29346615
36191023
26320582
29906447
18852451
15769590
12360520
15471453
38935342
23645497
33436318
22860022
21541411
27599738
20693686
19622860
10891264
15458628
26744406
21900242
16469743
21598903
22769585
21203980
21292163
17493831
39043678
19407381
11095707
35559680
16984974
15299148
15821166
24820088
19865084
26817416
22608738
22692206
11124032
24323354
30542156
18022568
17551010
23289910
12051943
21896751
23934913
29382759
10944358
26974124
36083619
17897949
34415624
31758956
24186060
25686373
20851901
21701600
30010922
11951047
22504227
37214997
31976609
18706915
12769840
12637582
33798263
33232691
22139930
18448527
23891289
27889239
18305544
19187035
11752799
15029242
21964332
17942675
23728540
20173742
21383008
19525971
28644006
38943876
29342139
35271300
28447092
11504721
21245534
11799204
22325779
24560274
15557277
25615973
19013469
19717427
11187835
27808442
29499417
11136974
34062150
27736894
22101825
25536293
15117952
18068723
12093730
30585150
35090055
12036355
36417436
16125198
24787148
26442814
37657439
23891291
20453857
22238126
22691781
18367522
32697937
27098840
18929572
25676196
35013136
31284631
20934431
22475449
20865003
20837490
26753620
22853911
21108987
26343760
11976491
23644547
21388199
34687713
31568828
36701435
19280639
11866526
16292303
21206038
22493223
30145335
26546676
24428762
16434054
37750730
38895210
26472914
35917926
23251350
26627714
27295975
21775426
29636472
31641091
25221918
38995055
23395959
18497808
24072709
21471223
25104389
18621669
16114887
12595697
22079407
29339518
23333303
33127641
16905105
20335170
21671584
16710295
19374884
17660830
19845004
22418934
22750876
28842338
38635563
15728358
20054113
22991965
21995438
24990744
31724694
15103124
33712624
25814576
18062990
12764189
15361612
24236072
23790379
30076387
18829451
28846854
27347692
32168422
33877611
16171318
17396155
15284442
10731419
22521722
23232148
23250067
32337507
21134126
22102239
22891352
32161130
17956731
19904432
21245535
22447243
19135534
21812842
33958484
19016299
25471880
16038930
34552243
21402695
22632834
11286886
32374860
24633984
24598877
33926037
17258767
15029188
25123481
18689468
19390528
12005199
12743303
28947741
21139218
32268096
30894496
30225569
18400176
15829607
20227411
23501107
26449475
27981705
19109973
22139149
21385612
11753426
16359700
20404344
20711197
20133789
17936318
25913193
34678168
19655751
27756103
19737939
11827172
28365856
37258668
22138345
26762462
24556575
11188694
17996702
11735509
12692248
20145076
15377783
32661391
17328569
31063149
15342249
25447145
23519662
23099666
27698420
17095250
21532594
16483138
16756997
28189796
20427291
28932846
17945915
23689510
21357183
18672901
27384649
20152156
17001033
11350172
15382245
19153463
37993712
30093605
32826994
22265972
22864911
16309704
23241243
18076904
17122346
24596087
21241709
24114469
26503043
12604206
24293129
18805093
19646983
20122941
24767986
38407413
16920821
20132824
18054956
26483482
20184897
17977019
19843697
23786399
26841765
15751947
28304156
29054754
38070498
21609864
38547289
20305268
32081947
16787367
20715286
18063798
27479128
25451234
20516618
25372833
28235798
16225966
17258469
22646091
23175654
32943521
25264107
21956331
23076154
30459273
21195115
30349045
25084384
33676034
22227115
17486576
33828102
17059823
18765902
31932609
38387550
14563846
22278975
11709171
19059198
15242589
34879391
21856278
15930633
24521460
33479123
20816983
38759627
11053861
15016353
31776515
36720859
29743239
19562781
17376079
23990784
18398906
17570393
17803215
20584910
25340352
28874590
12642575
20593803
18951904
24700294
34282049
19465773
18955063
32325255
17330045
17954916
21605994
24620993
22960633
24248336
32690711
35354393
33549695
20463873
11468393
29844180
33277949
28168775
16678106
33283513
10801492
14725769
15665873
29712860
21904059
12426369
16439662
36773603
27135925
15111118
34423272
22405001
29127291
35641520
23873792
24958863
33060577
33860980
10966643
22198292
31862888
19153462
19494845
14736160
12686541
36222279
22837653
23667562
31666324
23878199
30808748
12773618
31040180
17850818
25535373
32269076
17237764
22135460
17128980
33981033
14739239
20509130
22158900
22232651
15558565
27250689
34100777
23474457
33149300
20606283
16533755
18395744
19437128
19668212
28247484
20026332
28983914
26502962
21226485
19170764
22198408
28844746
29374059
15860459
22993085
24909990
19011614
32519699
21672512
32160528
29886526
22727812
22277737
33819634
20042598
12070315
38267598
15254379
36189721
10748017
31744874
16101289
20959106
14691241
19242489
11470431
11472020
17289572
25847248
11684018
33876849
32632184
35858375
11121413
16511258
28585176
24073193
20124701
28466867
18331058
30095910
19177520
31870903
14992584
28965402
27213893
24531487
25312469
30268810
21378753
26828675
18931256
25500532
31080064
19557331
16388583
20034111
35176105
32209322
12456645
20147290
16552148
15256599
14623189
28270620
18206966
28291750
11017201
19153082
15882052
21892138
37327785
12151340
27769928
30850820
15713454
36224384
39008531
20392638
32313034
12692241
16216574
15454080
10755949
29915046
21460449
21358047
34192867
23145064
15260974
29440511
17656360
10660049
16363874
12909016
16643907
27226599
25723168
20966218
33208949
11679756
11922676
20208178
21931163
22505717
22491172
23848201
18359857
23035111
16171818
15772287
19232358
10666593
32103024
32453425
32719506
21719644
31073665
19106109
33097922
11518532
11090282
15329673
19295907
19840941
16345073
16098517
21206018
17554164
24524139
24582855
31201319
17692334
19172750
23754381
30675000
23526954
12885655
18769462
11856838
16414075
19029897
19351597
19805289
27257138
23108989
34739874
12460674
31883792
23054485
29098572
29610278
30970033
11937026
12192074
26304198
15933720
11753427
33676181
26051906
21376055
18560157
12446901
19621084
31332180
21454577
30877199
11373609
18678943
11884747
31469822
16732694
27926874
18420936
28694077
38359093
30639101
11331594
38135565
20673834
18562316
22186626
19652357
16227199
32788370
11832227
38570683
10731426
23584531
28705932
16187343
27860280
16867985
31204694
15007073
18398907
20227435
33633398
17321544
19070522
19674973
22032967
23555258
23724776
24299297
30243724
30735603
22120737
34373646
21288573
21444918
24316822
20353826
27733232
17077139
18154282
27819269
26744777
23166501
35733257
33408407
16386444
28959035
11700068
29961805
19927125
21969550
30635421
18372281
32914530
15615524
12645920
12228710
17211914
11914494
30916349
35234146
25113029
19004827
26961658
15723539
11175888
25372677
21821896
21650223
30181294
11278591
19850053
25268964
17935696
32071219
35939401
25855788
29661938
24316823
20826342
10802739
24293259
37236970
25781966
20538861
28008132
22763450
24419623
18995832
31939736
33115459
32034140
15558053
27596592
17911104
24228759
20725044
27282391
32367018
33482017
29557065
17237767
22383522
17625826
10843216
21276801
23458683
38000368
28972140
20505120
33945405
25482566
17620716
15518536
25195910
25296255
27933800
27667482
38048422
29335561
21346410
32439656
34552083
10884227
28250468
11062549
22771212
26616586
22556426
19847268
27396827
26706030
30442641
38377487
19574214
36456543
22054235
15005612
17923088
26121586
16403521
19944699
28583797
30794680
17589525
27417497
18550409
17438074
22547812
29700422
22405003
28935609
15591050
15014442
24649856
16180905
20144668
29198987
25287913
23201474
26411811
11560492
20150893
11853453
17942536
20109467
11085650
17029242
32335021
20133840
24690366
11702068
24606932
22613762
18651760
24055609
28877506
17881827
29382713
31969703
23420214
19822424
25568319
25037222
33259811
14508495
15175152
15345580
12120501
27333541
12763768
16511080
19271777
20698571
15935757
21636892
31740855
28373698
19524596
22992736
38394197
27789522
19236878
15504410
38570679
23487447
23334914
25531214
31835031
11134923
16980366
15663934
16004878
22160671
24089731
15963643
20370823
37400537
12454491
19267481
28747437
19522538
22989878
10944349
19651138
36174678
12927540
18077374
17460036
18407658
34471289
20672804
23032187
20457942
11397933
24157361
27151862
25136092
27839950
21292165
16319074
16305237
17397865
22329241
28508083
21959261
15949441
18028944
28935770
32735215
33139728
10860732
20668762
10873854
26159998
27973613
16540118
17698806
30769795
21040728
31250302
24939847
12517345
15902272
20693661
19461581
31701097
34225353
38376112
22143761
21473620
31815672
27629413
30542154
17070542
20404922
22841292
29289599
31114883
15272177
23724081
26305948
20332208
27762274
24452142
19596855
20064527
22064074
28759049
19361527
31365157
15186173
16211485
16114878
27693250
19577575
15558581
32642004
29259197
22807443
21301086
37481159
38513124
27818103
35418677
31792450
17185018
11121488
32483132
27654919
31888984
18706423
15281123
17873883
27768314
19008859
20030373
20534495
29177825
15920472
16929105
15504407
12741812
38206994
27499292
31859366
25114243
28737762
24980796
11856846
26278174
19615379
14534293
30814529
15705579
26013176
17024183
31481231
17855175
15864302
31291455
15930004
22001210
10860734
36870333
17419729
27273793
22058036
29186539
19662314
25387830
16338405
18060879
23056221
19396172
23593299
19036817
34670167
17988382
19172747
24312350
25545591
11323713
16285921
29199993
38578996
25286841
23143245
30912741
31117392
19345691
10666634
32755595
11679719
36512220
28320959
15934751
19690374
26023133
16946706
19021777
30988257
17308347
15538349
19248789
17042486
32892948
17188892
26479198
28890085
10873776
17642515
35026466
17765264
22337878
10688205
33291927
16537626
19091741
10745009
15823035
16546209
17637674
22179700
18668044
25945577
36646699
30832206
30455150
22780444
20122935
22126412
30625288
29311697
21922627
21487006
23818606
33571490
20559564
15866179
19136006
23617613
29395787
26114474
17605817
21914848
14656429
30824373
23171893
26644467
16984393
12641449
28538735
11779505
16519514
35831498
34793198
15165857
19136076
20054118
24903610
31274413
31964827
22139160
11733997
16005888
19488708
25661652
26027733
22120736
17636129
18786402
11130079
21182595
11827482
31669042
15893668
12777766
30018322
33004869
31886770
23184970
32866476
18387944
19596002
21095585
24608367
29045877
33513365
24531484
12837792
17956100
21045134
33883744
36626401
27073141
25534036
33759124
20170337
21839768
23804759
17496150
28930470
21233223
22308040
31353241
26833388
19414020
10966651
27573844
23115291
25285530
28179369
11118149
15865441
35151199
17524418
14646097
28467902
14993676
27524203
32254061
32457390
18560150
10681053
26919519
19578064
36163289
33330937
32749217
30877094
11493007
21565699
31616952
22669463
24709262
24930395
16741993
30545845
17610898
20106984
32880587
30429968
12732651
15469931
12805204
15629723
15579210
20211733
23845423
30260634
37668213
17417653
18991405
20005796
23798666
19055325
21936810
21843643
31117383
19285086
19236879
11700061
20498086
34605439
16165154
20025975
17608567
38842932
35165386
29656875
20606263
21366328
36805598
18260113
38408247
22343046
21366335
23878260
29530979
16511087
17910057
17976647
15057279
23123379
18542882
20941737
12432100
17303556
21752922
32882062
12372319
12771376
17882209
17204427
22568617
24971962
22569249
33410511
21839861
16481006
31768031
15558602
22078558
31645726
33139928
16807243
24349508
15037249
16841894
26079269
20138030
22724525
31447307
11439086
14501121
15802654
20354773
35787555
16532449
20604544
31806817
22847006
11118459
21107322
23840694
11322886
19748359
23293003
28736891
29109153
26919584
33714756
34019809
18455984
10908736
16990139
24997600
25372670
26678875
29203900
26886794
19307711
15196016
30139912
23413188
29972886
19477162
25822078
24859794
11300769
16946699
23650349
18722383
21835184
12782631
26560942
25197074
29083550
22037395
29775593
38614101
28256220
22506723
26020841
20816079
27933795
34815415
23416110
17142890
22347812
21454623
27939290
28272441
11062559
11316885
30710292
23980151
21419777
17785467
22842904
12093917
15692569
15896804
14653815
11468391
14556751
20133843
23000901
30447286
26811339
18343620
32542665
34552239
22448927
26940873
28411241
21124457
20098425
11846561
31604309
30396000
11756456
25137390
34750381
26966189
26988127
22306465
27601325
37477459
28924213
18657283
23703893
33321036
15769474
21280123
29556049
30643229
17215247
25583506
22511789
10984496
27251272
16914159
10708649
25760083
25976323
16364916
15075327
38480881
19003877
21092126
35993814
10806090
30657666
12974642
21045122
22859955
32004460
28098232
24733887
19319987
32571184
33785922
24100324
26275511
26953339
16580018
15292194
11224575
24218553
25970265
11081519
24792702
11811062
21483454
20206185
26619264
21491905
15791207
22570477
22964223
23791943
18400861
35500114
29414784
28705933
37011209
27402536
29708963
17496037
19631657
12553423
18332182
16475182
19362563
23148689
21706411
16359701
23519803
30177742
29847127
26085092
12183613
19237745
21303937
18162557
19944110
34728631
24995510
21228232
30759237
34099674
18164033
22442144
10970746
20388855
17098869
24116191
17560374
24843029
32521185
28844863
28526749
18923527
11706179
27050129
11316870
18216254
11106755
15130464
15632199
26198632
30620182
19234193
18691598
31882615
12914698
32251415
36442502
11804578
20558746
24121232
32216114
10713518
10669601
16447245
16567368
18704168
26404402
27802572
23954505
32947025
17803236
11839745
17516659
21775435
31918959
21550983
26884191
15449937
31726096
11904409
11780146
19383603
22761676
18158267
26964885
16417378
11588249
11842205
28650463
20080733
23856620
26562505
23875708
25972089
18931431
17292914
25059720
33972439
12832771
18597780
21709254
16769893
18237743
21191009
18412327
35951303
24567321
20175878
36799721
36979501
17021379
39007857
26249693
32234486
34452907
18607079
16641486
15018534
21072360
10818350
26063803
26420657
32747785
22334676
31909744
23536183
27397502
20545626
21282100
12121647
18338856
23633951
15347809
18219321
31647755
37350740
36906653
20181714
10873857
14564415
25486594
30950822
18929574
21518917
16978644
21731629
12783877
16290328
29109148
17187990
23247335
10801351
32101746
30231078
19388077
20516624
11511371
32245971
12086621
18262540
23612307
38709931
36851569
28753309
23715276
18079394
29143818
12876351
25306253
27779384
36690613
19122202
34112695
30145017
30208288
31141352
15491143
16129825
20385547
28751471
32743075
16763562
25311310
29251720
35987200
29596914
27720643
18422647
19712777
24467707
23509285
23792959
19117542
16635574
20951142
25775265
12501179
21893285
26534841
33686268
16725155
27693650
21219854
33637718
37196677
14993668
22101889
11250199
21795786
12426370
16129838
19278655
24055315
32398824
24451586
19532868
12627224
31176485
32155444
16730025
12691757
11875520
20238125
25028510
22802649
27599856
29460780
15456751
19895817
11049968
22543240
10978153
31780649
17685636
32541898
25915729
32483379
25707805
26709046
24316146
30375379
16355230
33807444
16115868
12379102
16375918
18602118
19828438
18034162
20693677
24692665
38319970
15522288
20516613
11859376
33028863
10748209
27716029
11062564
11254384
12139941
17166841
12499561
22048315
17267502
28348242
16696853
25903141
16950775
25079050
21726564
29088706
15491357
21609501
18008171
21570330
29599245
15909233
22139157
19129502
11170380
16481621
21636893
27447594
31697820
21795600
29806881
19954984
20938981
17872964
28862739
15501918
30281048
18759498
15271992
20887852
25157108
26344196
26087140
15798990
17583731
11385491
17157874
30463954
22247550
17355871
38503292
16511171
25609251
19645448
31114890
19102629
16305238
24307688
30232455
19787042
25775164
11884145
21793805
23434405
22902369
32038040
25973989
27924829
26912619
21948623
17691822
19007112
25054942
25541491
17620712
21127057
29605927
25482543
32610138
11459991
38424114
19965480
25456814
27851956
23485337
15213459
15254378
17142891
12460570
21636921
16537370
21536047
25404733
21565703
22813930
33229538
26249697
17082188
31014674
34210765
26132214
22575649
15731407
21714483
17652170
32341549
24531468
27074249
26694222
23457445
12324399
23633590
11258921
23826277
11601846
26774281
30840920
18455736
18502127
22527276
24956411
16372014
11967569
25645665
28205250
17077499
14636598
38600324
15157613
11812124
15266248
18550842
25615976
21676862
26278173
31992852
29372903
18542876
36071160
30038002
19327365
23625918
30500536
34462576
21206037
38351715
22505413
18375760
16337227
11518716
12370410
22560898
11739935
28424515
17277460
16898584
32494008
33688044
24771327
12612343
15971203
32277040
24316827
20359483
26416888
19074144
19635800
33453150
12753925
20550721
21543866
19717441
22429898
27791034
31341042
11453692
18400234
31870799
15713476
16615913
29444443
17173858
35404232
17195848
22609356
12767232
21210640
22902862
17442384
15016874
23599284
33181828
24007778
30425100
30301898
28000673
21078123
26913570
19864624
11585832
31485080
17409095
20220147
23123194
24269510
31145925
17532006
22819216
22525755
22383530
32115940
15908429
11737640
20380465
22435810
15147185
26344199
19144639
24089518
19623382
11719810
11062565
23665890
25533486
25218912
33707221
37890482
26237227
28678775
16523484
21203383
19627991
18547389
33990585
19408310
29717709
20546901
22485159
25117763
16169903
20443544
18925771
10894169
18707092
29887523
23726974
15692564
25100731
24898247
14568530
20033059
24860091
31618172
26258305
26984886
32966762
12914785
27449623
33207833
15710392
29236692
29197585
15701650
25635100
24217340
26712030
23376735
11372198
32138239
22797708
10965031
16677817
16411755
28340337
19226623
14499608
38848218
12621151
11152607
28808060
17481657
30561149
31570874
27872191
11306057
11714912
31994962
16990259
28714467
21573013
21908432
33360015
12554932
31477705
17289942
22055191
25410874
33216759
35338845
19013203
18836453
36738736
38748880
20823513
19118384
12829759
38767964
12011092
11170645
15866174
16929108
31949166
15735341
15327768
19883662
16407071
34186024
15477096
21357626
31023924
31208722
20152160
24816092
19889643
10739914
11478889
20516622
23921390
19553661
24548275
17389391
18330964
11226153
17081989
19203996
20580724
21528129
14645217
12406691
26929360
32025192
21076045
19523898
22500023
36038000
23932591
23177926
23322018
10931203
19514721
38207080
28763583
23273429
28993624
15557116
17223530
21247899
28747490
36598500
36598351
20439741
15355959
20804767
23432372
31906428
20814582
30661981
19698123
18160037
16415057
24666693
16325579
26299945
29040713
16384918
32994220
12791394
19494831
25661654
16297640
12741810
18722176
23385451
28861834
17331533
27425408
16511241
12952981
16943443
32004463
14764887
32901109
16415027
24780590
16272446
39103320
30277213
11384222
29628140
27330110
25645022
18662988
21543855
21714133
15504406
11183779
10906336
28042923
31836139
34851139
23989153
18310328
28922082
26894668
29643511
12567183
22748767
31080121
12660736
19240332
11278703
30008086
18089575
22072792
38805245
34284062
12008053
26438823
18706912
11914727
27085422
34728609
15628862
24670637
38326375
28479293
18097093
28134253
22252131
29507391
31260525
27060135
27936493
16492764
27487930
12554650
18466758
12946365
38464160
27568927
19940917
16928740
26859324
34580297
19324092
26554818
15084146
22134441
18765914
27432965
28786986
19446530
27350047
10771425
19581588
21726194
21410281
11048710
22343722
20172855
28934482
24100564
15456792
25210036
30582634
20027625
18047803
29227648
32408533
33608565
29458774
19621872
20392112
26794057
19171964
20595000
21893289
17506864
11991948
14735332
18542855
20667822
15099522
16271893
25013903
21645851
24473078
27698444
19158086
17371050
18769593
20140203
23121521
18201719
26420866
20505720
15342253
18980372
19237566
10891268
30657661
35650207
30078705
22195972
23912279
36834906
33007145
23275158
32506769
26206314
14696371
31103428
20882682
21701561
29546752
31927936
15928341
29967539
38134222
16061414
11052896
26525192
26655740
23891287
15695803
17467737
22940248
19718020
20823528
19176554
20726553
27863026
16531409
12486720
20888835
17581591
11796116
17581573
24165130
30067984
10802055
16527306
20461058
38831036
30150771
34200764
19219046
28582391
14530260
31534041
17764934
26539719
16135569
24675079
18636271
38042986
39116126
39107474
39037205
35133176
31919429
17696548
18795805
22505674
20606254
19294709
16310215
30846696
18084085
20595044
37730991
33408414
31110294
37648856
31209342
28223489
22516614
26092861
19122147
37904048
27550523
18467331
12949080
17174897
25006746
18366254
17418139
19564683
26945504
31964920
17190834
12454462
12885653
36347259
25637025
19450532
17059830
22438033
31330532
20463028
17292489
20433687
26479032
17082791
19057509
21114291
25006260
26960119
29349888
22262834
38802343
18610997
34473104
23214499
28807888
12242451
32479753
16511290
17436344
11223514
15340170
21385715
12225755
28561029
14966129
30198892
27484475
29382717
21962493
24832102
18848566
22484275
31469551
19167254
15883190
36089535
34881874
23537227
11373613
17714077
25332237
25664747
20054135
10775261
15733914
28719212
28781124
28673988
17543868
17499269
27507825
19680437
18497827
23473392
17620724
16388592
29053958
26410384
21161089
22210861
30504218
28263324
32058103
12356299
22496222
12093271
11286891
25180929
16755587
16511278
24374182
16675947
22657106
11112508
19805193
19013177
18052041
24975613
11329257
11940603
26751161
20530482
22753497
21903932
16421930
28218252
25667979
19422834
34783859
27830641
10828979
23919586
19820092
18061613
16923346
38902248
33999154
20181943
25490095
38589608
24685145
25043052
21883211
24099757
17894825
37344589
19913554
16415883
22422985
28844736
29074581
26905908
15456258
20693657
19652879
23428413
24356978
16269131
22683786
12731858
23664870
25423369
22896702
22438274
38605244
10818343
18577564
24572368
11441022
33658379
28287099
38418882
38935733
29946976
15701514
12925789
14646080
18762194
29410427
28642371
14687575
16123589
24663330
31693208
16185708
28827470
37468628
23071614
12627963
19336398
38657677
27279229
38468562
26432831
12549910
34827563
31856152
34341188
15857953
11092924
10827184
12136157
15764702
31464684
12590576
22863567
18186463
22628651
12840750
24275656
34162975
21458338
33398175
26444490
31444298
22425567
31757961
32744252
25505269
17363899
10722750
23942235
20097152
18393441
19923723
31103420
24842877
11106481
22272312
31253769
28945246
29641168
11598288
29203374
29599493
38555357
27979921
30388237
11473254
25915019
17476261
26915684
17323922
25855297
19111749
19549604
15236970
16222336
31268220
14695284
17643374
21591667
10771439
32446810
35042777
25490258
17283998
17012788
24594356
31882602
14985753
11577745
18922469
26301600
26585405
11243891
12430436
16511132
10997906
19775160
20875426
33420028
33999617
20947019
16272128
21308847
16272154
33060689
23974025
29636412
18641076
11327787
18395746
21350490
28467824
25331881
33196145
23351063
10881188
12646372
24982157
32667285
36517472
28892042
24014183
19777643
20124699
11477109
22927375
26135247
33190413
22810237
21358628
11157762
20810170
15518551
27580033
20668092
17057333
34995802
35939690
15483603
14529625
22306464
19968959
26894670
17264083
33016372
19222034
25934389
10818364
18000047
20332209
16169557
30833088
23664842
12709431
12589763
14992408
21593422
28179499
38860981
18441012
22000514
24821719
15914152
24768348
31665744
10871616
21864876
28683309
39031999
11560486
16061252
32830360
35172173
12230560
31548310
33843112
18849971
19571812
33579052
21181557
18536017
26785683
17451745
17315985
15141227
16840692
18775332
26202907
22850207
32876045
30029468
20835240
17327672
17187054
11101898
27466442
29899450
28876239
11751972
31768987
18034161
28077872
17654545
15339150
31932639
17001098
20834233
18194651
23633581
29936228
18543330
21920370
23812587
29812892
17692377
24163283
27298341
31951196
19361523
32469068
17654547
18997349
15831489
25437562
32976585
34525326
19531050
28777089
16217027
31083688
23091039
37961559
23732819
27487210
30076221
33100009
26124159
24114836
32732284
27396825
18779322
19622858
32828535
12595266
12782314
26946941
35715417
28215822
18305175
32355178
17115053
10956039
15379554
25070890
25697363
22718755
35981028
25886884
10876237
17292917
15023057
16101585
26661504
24002091
19699799
28832129
34551288
20090755
20534429
21904051
33686648
35924897
16544291
12799468
18281059
11408683
15340911
15735345
12554944
38449296
12586937
24095060
22030393
10835268
11976484
16632247
21173986
31363102
20062059
15342230
27622274
22022266
29899455
15733844
12496082
10693761
31205017
27827373
21772288
33523989
23205845
16306262
29762030
25918396
15893671
22613568
27129273
20383018
21623357
30894747
15834924
15342250
18394645
18234219
33033236
24590711
28150568
16820168
18718563
16966333
28716923
17350572
17888947
29219966
12411581
16872276
18723024
23363292
34853317
19072037
38128244
18974053
15966718
21493712
18165683
11747311
16622408
16474402
21203422
23612981
11526233
33847563
15632161
16415880
23272073
12657798
22977249
26155016
34339457
31205019
16511113
11135673
14581468
12899613
19914167
20934430
20479265
29107485
31253804
21190666
15295115
10771420
28112732
20427563
17727880
19289466
20476795
26745716
16041077
11478857
21614503
15608655
22120741
14646077
22353718
19769747
25486611
21984209
22532668
29731169
25484204
30867591
15274622
20171259
26356348
15327769
20937909
30177392
31581174
39060282
30089698
29165244
16166264
23049735
19280690
22334680
15649901
19477918
36929010
22549881
30541924
18267359
35377792
22131332
22923526
28223502
38562900
21093442
11118321
21127055
24407558
25581794
12004067
23700310
35482892
21073419
18058907
19959989
19149470
20669977
20810665
31270507
24889603
16624803
15663931
21209100
37945612
17557817
32843433
25127877
18061479
18930737
27919066
38177683
18234538
21285457
20053352
17617422
23897480
15388921
32814032
11729189
19143838
37344587
19805275
21035462
23116157
32650633
23630274
22876177
26044321
17555709
23098276
34506758
21569135
21297580
27385590
22681901
10764570
26671707
23275161
25991862
27462815
35235791
17085597
16690865
21821042
11223534
15583129
20463740
31877041
12022893
14527149
19019826
28288938
24590717
21634789
36890228
20080730
29056483
23341615
20735360
33495445
21768348
24714498
26163514
26315269
37079676
25771684
23639357
15068803
23174186
24362565
30925337
12234916
19646999
12391313
28535029
36931277
18462950
16514594
20962334
24265134
25706619
19913480
15327949
33626330
32841031
23996171
18424512
37942280
25084376
23143872
25620561
16335919
10966799
29258816
17991863
18243107
12756305
18036614
29358323
14747722
22461110
28137867
11891340
24915099
20124706
31384060
28324508
16142893
26678751
19299505
25637630
22984443
16797589
23636326
25568314
28973872
18824508
27455459
21193413
26894666
33208943
26995613
21871439
26646013
34750373
22150951
29503074
16530044
18715872
29414791
33208940
18768791
20691702
11285213
32076272
32239688
12576015
25814670
12517339
20516591
27845445
25848005
16297878
10745006
20659897
25382739
39117603
24442837
32286226
12941707
24744376
17118401
19020518
12664263
14967020
38743223
35726684
12945046
19361444
20727901
26327381
23236069
28876489
35932760
17666402
19376777
38071196
18258260
22321795
33191913
14561768
21444718
19029248
33398170
23769668
28263418
30905673
19244328
16627948
21764580
35578022
15780942
28250466
24567401
15863618
26755730
16890956
18084067
16385006
21245344
30737185
18339626
20133841
20932905
28515320
30690142
37142222
38349818
20471400
17251299
15198595
16642036
14633978
11573087
21465610
34502534
28383161
21639859
21460442
17498738
31047989
32664695
20060836
25433025
18556019
15930618
17229691
17209554
30783010
10771441
15593094
16957736
29792261
22949654
18033289
33462223
15713465
19635047
18930025
14623980
30670590
18952712
24239947
18215132
30385318
25645451
31092861
30733287
18163651
36310214
15298888
12777402
15733927
15035616
22771211
32134919
23530206
37328936
18987630
23871485
22740694
18186485
38548794
12909624
31431622
11937055
27174052
20880844
15065852
20620148
21715503
22930756
24914152
17869196
19361423
16731588
22483801
18775544
26821296
16138079
11768293
20808866
16121187
31774394
21387411
32217749
32645326
19419240
28338621
21050017
21115828
35589726
23679641
15475965
19270703
19387495
12023229
12269813
14646090
17962407
22844465
23033476
18776902
24161953
29348170
18448118
11250198
23999189
33774138
33547302
23818638
19041739
20863834
11518529
19895819
29109439
14982443
34813592
29416044
27821762
32050070
26399896
18235446
33594727
27088990
18701448
34023896
22813741
17526645
12924894
31461748
23709365
15709744
19497855
27487821
15979093
25378500
11157739
16468986
22523075
15504404
22684798
26673461
32047038
34500473
35504354
31570002
10970744
14623331
27997715
23483653
15751943
29848978
33561579
26863083
27699868
25215494
15694336
11839305
12912928
23142973
23254940
22747601
29263092
12081480
15758992
15719017
16344469
14526088
35467349
19576902
16537480
25441091
37624243
21605466
11061972
25488330
30296253
11812140
32620929
18996700
26910421
19573535
36369505
20797609
19369248
27509854
28902838
21367906
28939772
12954985
23539270
12875848
16415881
30194280
24880343
20225260
26863189
17693509
15099743
25480338
11342137
22343531
18440555
20870711
29618814
10944113
16325572
18448119
32747649
18640983
16364911
26131893
30111632
34518699
14600261
11042085
20101027
33750771
38906067
24522393
33439149
15919666
15350224
15890882
27396824
32884137
31550154
35114687
17997968
20675373
16302977
16787777
11399068
26672965
36263929
33606986
36782049
17671980
32350467
12741825
18323626
15476402
18674782
26488902
35143257
37669364
15371447
25898751
20054126
30451826
16472749
15044434
17346040
12686145
27566549
16814717
14623194
24375666
34609124
18444665
19706593
27489998
32610085
38641239
16824099
24265767
25761671
31844670
17456741
30573545
11532960
16169759
10876248
18007057
21552258
22290936
20465238
20855604
33301120
18987633
26464513
35022426
36906667
34941388
17524419
30675061
18542891
17496148
18172503
15504034
24257752
11525167
21505235
25275011
33068756
10739245
38158175
18621668
28862749
25383531
27594684
11242087
28777087
24439376
34887559
11851334
12946361
23815857
26269596
28184005
12741822
18272182
12054871
22819219
12907670
15210132
16740483
27569046
37267359
39089879
29374162
18326494
34143212
36379934
24419620
29915388
24322538
20398753
28471361
31238823
17660832
18094477
15937903
11448195
14583607
20404149
22574129
19646531
28534525
15103158
38879609
28232581
29891918
24370672
16511497
21937441
26031418
29323674
16782819
22102224
30913026
14717711
18158904
18359859
19712680
21832041
21205904
28619731
27610567
36939268
19509331
15329733
19193643
11186225
22350899
24036405
26251146
29170376
31900364
12364582
32327568
35819518
23454186
36116541
22269576
12634789
22579255
27663073
16905099
26172206
23115296
28931607
12759475
14967019
24935927
16616933
25074932
22303436
16628225
30044908
18634192
23407310
34634937
26822536
38577872
12139934
20036257
20129922
12595249
20823509
17123957
25971514
21971831
18541539
20066663
16935256
24735854
16051266
20179326
22268978
33785622
11697905
22132167
24843001
33863889
15377788
21278333
12426383
39147751
12144789
24316845
17610893
27708276
29799751
25760699
21733847
23640894
16574152
27906160
31088930
27422657
34985963
15299032
19053264
23966383
17632548
21498507
22080375
10781816
15760708
18843296
19935683
20428113
23708608
18052235
17869269
31896756
16339309
34135320
21900231
18202258
10903950
18491387
18997778
18948118
17434970
11080142
34887565
22724061
17289074
31570876
31666516
11373617
35487464
37542031
15342244
30962530
18068379
12972350
20880845
11071808
33620036
33798940
20595580
28740220
30405241
28887307
30337683
34782772
16227435
19406745
18603533
22672803
15473697
22115998
11428897
27616290
17996252
19155215
15909982
12876335
32110738
23695560
10913252
19124027
17936782
10772862
28067917
30523278
20209484
22100450
25362066
18793651
15711565
15961084
17189637
23288853
28716944
22424302
17301076
18086185
35831510
25349408
27498775
30001505
19079550
19851009
29618511
22057274
36130077
35063503
24598752
11313499
10944354
23770568
28844738
31873307
33567276
20159470
24927547
19004822
19856959
12784359
15103137
16188223
21304926
22848655
20716525
23597076
23001747
25071206
16460758
30108145
21262824
19771357
15201215
20729862
18204463
10966648
18988853
32483187
34135318
18766385
11053846
17910473
22591843
33946272
36448805
30462309
24443566
21295587
20516619
34171258
17699634
20812720
26894542
29463680
19465772
15513928
16204889
19219012
20404336
20121111
21068239
18725454
32342007
24727949
31253939
19347570
16830149
29174494
10944848
33958479
15654080
24551044
33243850
10801353
29127347
33529594
38879008
25666622
19297330
20385093
34188035
31350353
14744134
34974622
25327252
19617363
19718023
31036554
28913898
17176085
16125724
15373829
15281133
37907462
18667514
18632577
23543476
23142347
22000948
17660251
27621435
28108520
31848341
24311583
34108458
15760840
20829041
15632186
11679717
32653645
33060197
30765606
15522295
21505238
31320636
20124709
21148420
33902686
19264960
24915109
12859903
17114047
28379137
21933716
18796009
30626284
24469399
19779483
20674574
22558308
27296226
33734450
37290436
20156453
32039887
15502308
18006321
23151482
30930004
27639436
16331965
30425291
17620453
33676928
18052212
18540060
15518563
30659530
36055235
32730789
12080340
21561854
16885030
12473464
15201864
20566411
14698302
22903596
23523719
15939019
33686186
20133842
22422993
26686638
21372189
18537269
21762799
27693469
20091676
32717224
15298919
11348594
19835144
11023796
30975770
18542890
22992069
17902674
22247334
26585513
28714967
23055524
32960677
21147767
23013274
18336837
27976853
33879791
21029046
16080143
22142337
20179334
30928093
23695244
34937700
11563915
26499492
14623876
18513992
21969534
31853065
14993226
11175895
23919999
33044464
27090790
25344756
27402535
30102405
26377800
19079336
19407371
11572683
11846560
20954171
18980579
25857800
15066428
16698553
24184277
17284852
20230749
27193682
15928919
33311513
17521668
33305524
33006578
24169694
22303017
22132858
33971209
33883742
20592081
24648513
12706722
15272174
23254773
20576851
20054133
30102747
24816106
28092367
15996101
11509713
10788328
29266436
30550789
17713926
18245382
14711308
32038041
20305088
24011591
29367338
23644597
27881300
33328633
28689660
10884228
24313395
28760974
21868352
18280501
31836717
32420736
17761677
30543422
29864163
32006285
18400183
15272163
18161993
16909422
32929027
21543851
19731378
24594526
27711177
25209663
26280531
11090284
12204472
38870275
19004819
26589798
28705762
17176061
35446127
29526754
33495333
24642411
15269206
34200244
28801928
26757821
18675274
21389988
23201273
24872444
12941964
12271124
21782983
20029853
22627175
12454481
22869135
24613836
34262183
17175208
18369147
28134243
26656707
15887963
24694068
36260741
10634787
19769985
36774348
32230759
11904410
15522863
20204852
34097877
21789174
19724122
33244127
19653700
21536907
26841837
12054822
34625749
34625748
19232354
15882061
29223533
20070943
22802656
27152988
33484636
21109633
16434053
21573940
31089181
34388369
21337010
26215615
28985219
14993670
14516197
15096031
16344483
25209664
30318141
27601326
15013760
29372900
25980909
16957777
31585692
25043012
28228481
21883526
20858734
31314496
24916958
30733327
19705488
11701129
17473010
38579990
18164726
20516589
24056041
28538729
23891288
24123467
37852256
24548299
17975069
15193642
25918412
31846577
23623350
17277448
23317505
17105192
22300763
16615893
25917648
21787787
27478930
14690607
21454578
25185828
38565696
21082706
21441899
22822215
15062072
34311576
30894744
29042496
17505111
11276250
25200501
17658548
30814734
17075039
22932904
15323555
38729259
11178907
21574595
16488065
12898291
28067618
11524686
19675567
23042633
31870848
18193061
36754682
21979583
23341454
36399657
22511776
30538201
26288844
31230944
24997121
33970942
16338399
20054120
12524310
24422526
27016144
14691678
21109664
21697600
21991310
17377988
18948113
16407955
15590682
15102337
18347330
19622864
34021257
34114559
32510466
38569936
31877323
19524593
21124459
27935677
25865894
26258880
17001646
32698192
12360532
31331740
27618313
15808861
16828701
28818949
16477602
25559942
26133119
10873451
12576013
27399259
12054821
30195326
34850144
26391640
21867916
30371052
34050764
12417026
37155863
11489901
11007651
21874019
26457523
21788986
26754561
22306467
27974795
31628168
29345920
10745013
12051850
29217567
16626285
26144232
29526435
27739094
36814846
18768789
11188687
22105886
11560490
20208147
16483599
12034473
30893606
16708364
18772135
16793551
23567804
29674684
21240269
22096102
23293021
18597781
19706439
12719427
19098105
23541894
28137839
30140054
34819376
26980148
15906321
11243783
31270470
32398862
15558575
15591060
25557547
28092368
18524932
15731107
23933103
30315069
29388911
32152075
34741031
33335104
29097679
29246508
26923589
11807257
16511277
32999288
20522004
27418190
22162750
24121353
22355140
18823993
22841691
18453702
11743727
33372143
22843685
26750477
25849506
22586084
25064512
25423138
23405277
25921071
15326183
23688113
10700281
11713475
23180774
21613212
21454481
22654060
14647368
19564689
19652347
27618338
18928262
15342255
31649265
22307604
27805809
21035460
15509576
18689676
36109516
17584787
22166217
30839289
32636384
30065316
33058875
38981693
20089862
24690529
31106357
17761196
11419944
25861763
15701632
11676541
18171028
38811722
16511151
17882215
23376952
24311588
18561946
29630677
34079129
26395518
28739580
19298042
26625273
27779377
17540769
17139085
19136011
28977617
24394662
28509422
31930693
17851531
20194785
29185737
20221442
16784234
24598923
36095189
19759157
34916672
25578875
16051796
18205396
11080143
11790837
21326901
20736161
23913273
18203638
12954782
17397795
17330300
32513722
33361816
19374419
18940612
17149487
17762142
32376150
22194570
23667254
16484493
33594077
23707760
12457845
19358821
25595659
30503338
16675548
17912370
15807513
11846562
23934793
26370083
28534504
30786702
26299947
31996849
33863900
34548400
34515634
16630632
10869174
24244293
18712866
20711187
16946474
26390154
25155747
33932137
27924919
32076264
16415882
37808858
33408403
17082458
20540085
28134924
26910052
20888469
19217391
19847256
35383177
10794711
19682998
18065761
31548674
21822798
12498796
14573859
26416754
27163532
19001363
34915129
25356676
22707726
19596812
27646017
17050688
19686854
20025608
17084861
16101277
21620857
22623184
26719278
14993213
29348366
19458722
38873898
11714920
11707392
18445621
17562314
17911096
28949132
36205456
21814577
25414009
32819713
24130486
20383005
26808202
14981508
34143799
17574029
28389958
16376937
19237750
20124697
14670610
15528208
20958070
18618694
28732596
12614609
22417139
31708416
12948495
14659747
24140957
18951087
15522287
19901337
12547202
32182250
18845483
12925531
16940172
20838636
17599355
16831445
27063142
29714018
38113892
16766715
28534615
20953194
23573258
23739333
32286223
30928615
16300742
20516623
23188794
30337146
15840829
15823016
31740583
27873205
31863580
12595246
15733920
21948797
22194619
22473211
22384065
21029740
33947858
31425683
22092013
14661030
14609333
16473525
20606261
11148030
12893249
15913651
25996608
27122108
12615541
24748111
15576935
31449839
20660598
14501125
24931468
17568777
19748511
31279241
12457847
26359492
24742680
38791363
19941869
21505245
28988770
12458221
11080624
19052627
32219201
18680461
18420935
27041595
26249678
20643089
23746807
16168672
15362849
19751194
28183184
15814707
17270290
26538516
22155294
17446402
19475663
34048589
25681631
25947153
26051714
32967953
38265873
11123902
20696397
15263005
30504871
17448991
30657780
24700780
23260656
30309908
31058487
33731932
16330049
36151375
22050933
25526805
33184172
34088904
18279889
20832729
12044862
27973583
18156270
21935384
28878017
16923804
26037924
12409309
17349803
20054112
20541509
28760529
20208173
26786767
37464004
17881829
23219466
29138320
31059253
38570702
11526313
33558766
24678784
18538788
26902118
33058871
34272366
23583914
17803945
24912953
12897770
30792173
18838690
22056769
29880686
10742177
17444515
24140346
29210357
27191344
24753230
22927377
23315742
22536357
10985773
12586930
10926516
18697939
19285076
25845281
33820827
11753430
21493860
15645447
26324721
17434525
20606268
22969087
22511866
21296164
23545645
23972470
16499958
17159918
21589902
22891302
18063774
20694005
15985462
11375518
11368172
16767096
17426027
11432786
19244623
18025461
32098965
25219853
34157102
31600774
16012171
11264592
22188654
23533329
11889054
24975935
17329806
22388519
11287678
17938140
22467831
17116475
22902861
33093501
11733492
16511224
15063313
23106386
38490311
18054959
16469696
21903274
17151603
31172465
29688811
15879705
18614582
17123542
29594720
19440206
21880718
26491021
35679397
30096191
34601771
23946456
15852022
18566513
12556468
23532838
18560156
15775971
30206120
18946693
30374090
37286794
24499919
29290488
15381418
32165497
15980063
32599651
34312563
11080144
30406994
36189719
11278884
30395580
16774921
38569940
15635372
16923808
18344977
22120714
27935479
23394943
29095161
31259644
26851071
32363751
31053408
19244612
11796999
26363069
26458359
31951201
11101880
16472754
28369529
14646073
17765262
26543158
31147444
18288106
30905475
10926511
12736368
33902108
22997138
19217390
20186914
26894531
23026083
28377293
12057201
13129604
19883604
30421358
21795788
26432834
25490259
23090406
29505698
29809143
12150914
17158291
15057273
11356062
14595439
16793544
20696398
25419797
31285605
21460456
12211007
31790267
21078669
23286247
26887496
26929371
25114210
18045614
12764229
28621666
30814678
27562646
19810108
17855371
22529745
19217289
22248489
30013099
34789875
11250202
25005089
29993123
30053256
23426624
33984073
20412048
39012001
17923480
25561738
37037974
16648257
15265863
34488576
21791290
21304455
12623016
11732694
14968132
18410126
23030251
23256156
24530301
38049384
37794193
34730359
38372588
23952479
16306038
24699649
12953068
11743728
17322528
21206014
29018126
29089385
33202772
11599027
17144654
21592965
35489383
12962479
27514916
37516426
22002606
11905107
31265110
33981042
19361449
22973237
21245528
17401203
28844860
28168758
15451668
27710935
31789032
27980088
15526038
29519915
34161757
24274103
23846216
22227391
29643369
21206015
28262097
26858449
29632169
17142901
19759397
24419378
16982615
18321727
20441189
19130299
20574420
24706749
21574198
18755688
20026407
10924110
17095015
17053069
18474114
17289996
19200745
12215416
26432641
29857134
32291341
26976449
29941917
17241780
12560540
34353904
29400321
11485397
21726080
24855948
10827943
25034014
34235541
16728975
16931718
12738871
33558536
20346956
21704637
24099525
19769984
23209377
24165124
22456709
23978166
30076302
20057053
11601850
27447050
32355036
28542634
15229895
29107940
24463811
26457516
34910460
36442503
16181607
17350959
25084372
33058878
10747009
24418318
30102271
35132089
14980206
11914498
26095544
11752427
18416562
35500664
24070609
32493773
15340917
28848052
15699035
26410532
12802563
35577074
14711519
21916437
26717045
29784879
11872165
25572397
20606273
28564595
39097586
19186148
28320961
21481781
26222026
15272171
25296320
11157750
34729883
15902263
17537456
23457610
23774504
14585932
17610131
11993994
24811232
27428867
23803605
28428249
32761170
15766544
15632289
12915569
15931224
21358050
15355973
30820458
27667334
22474364
33545352
25861818
23085076
23211638
30814588
15788412
23827137
12897056
21543841
17886433
27825926
34214466
24347283
37945601
27819266
20944213
11904365
31521478
37728609
26527146
18585737
22679021
38182160
19106294
27974801
12176389
16120446
31915248
29909397
16627938
32811827
24121504
16917055
30172710
12773375
24218107
19923714
11007486
22525757
26139605
22522823
28111073
28174304
12738864
27261259
28844747
16323946
16271312
17369628
16008570
20433200
18640126
22740688
19084606
34519785
35732735
26062005
23746845
23285193
33980881
35679404
12557182
10891279
16935303
20592031
21045284
22427839
37831771
35672557
18762193
10969019
16928683
18514737
26174163
23480697
17488812
14691240
23799143
19234303
20600129
18329667
28739446
18953640
19726719
19166860
24817721
29440399
19896952
29784875
17057344
34127662
12929390
20689804
25155755
25995452
11884135
26211610
14534294
10764575
23099021
22449983
15887226
19580264
16258043
26188084
27909983
26920050
30520730
32265440
27601667
21277857
19193103
31189654
15558049
30747251
18930738
16204890
20133572
25809480
29093091
29883591
22286688
20064473
21931221
21297637
11030624
15865061
16061183
19185524
28041800
11714720
33514727
35679425
19327366
30518849
21089573
20138514
30950607
31384003
24590706
16757556
12051912
18511071
16828801
21533121
33063666
19435287
26909574
15299013
27551091
29358237
17028187
33787846
23611437
16388312
31181074
35779765
11352634
32277159
31624207
35477760
18515364
24768540
16689689
16051270
11375496
21795676
20947025
30095067
18765905
33759266
28541292
30724163
15755455
31226277
19928916
27991902
21454495
19664638
23727244
17505110
31649201
18286181
31513674
31740857
31831667
19923215
16823039
18003896
18165317
22331899
16154587
22308031
11342133
23055931
38664235
18322461
15826946
11053866
15530820
31023582
14706845
20166753
23871486
15930006
16879102
23695669
32038044
34080833
16421095
31874027
15242592
18300227
16336694
22927390
26551836
21715494
31295325
33753506
38049400
22013070
16650858
15657040
17380186
19761222
35986212
18560155
25760698
23275167
34517052
17719492
15975918
17426384
27919036
10734109
35900198
29033322
18997329
10673440
18772430
25422158
23888307
16360169
27917837
21821899
20544966
11346647
34647035
16531233
21344600
25785725
11173463
29355501
29691334
17173284
21416241
22684063
22509010
24975440
16929101
20864039
31121180
33121679
20805464
14690595
25180755
35136060
22573332
11004461
22308375
20850455
12514740
23598340
25088564
26249353
27579711
29248541
24893801
15555583
34301900
28418062
15802565
38493166
21301083
23519659
18370400
22513198
33270159
22281738
31792243
17269658
31748551
27053150
23222542
34429416
16885937
29265588
26841934
27340124
22439750
27219844
15276836
19852838
24631362
16963457
16984398
27006387
23104097
15510133
18214877
14508494
32296173
36677714
18178614
12628239
20080618
25348485
16195549
22579625
22605777
20716687
18334218
30944318
23819815
15257292
17196219
12805203
15659170
22055190
26130467
16422577
20944216
24656813
16060668
37865089
23252338
16699184
18851711
15175003
16354304
38870272
27912063
19908864
32640193
16540562
26344722
28196602
12756244
30860024
15159564
12743029
28867616
19426744
34216574
16000312
33926964
25306867
12445786
16935304
10971589
17892308
28953875
35357889
16173806
15989954
22193720
15660128
15522782
11529678
11114201
23671667
29970614
25553844
38448592
11473256
24100313
16924118
31515389
20625546
12816539
12206779
11264582
25950977
30282609
19327364
34145250
18066080
19903875
10704199
26629790
11690056
17600184
26439008
20377205
18782578
22760789
22442232
12054832
20513431
28696203
18971931
17451434
10957640
23934774
34516876
27276256
22753070
27473901
19064254
17996706
18689684
35356285
35254907
31469273
15713472
26293615
34116125
38658656
21164002
23636399
22642810
21467029
30114513
18926552
24174528
20338243
24153184
26849148
31131408
24626239
21158481
22170055
25109385
18702519
16216578
18940599
18725229
20006620
22119959
33450958
21895666
11437375
17094109
32014995
20308582
15835899
24768922
17526494
18022368
10856233
22264099
25619277
31296843
23651206
29459436
26098096
27659385
32571953
26457424
21213248
24086250
16084388
17379812
20493877
26627645
28270616
28077875
18840433
32180123
33311536
16781731
21389213
33548203
16359702
11591353
28368013
11941509
16946477
16952374
27697150
20064486
12379108
25195900
26076232
31566371
16537479
27033207
19240333
24075871
30240633
24121351
17681543
26627652
29720398
10673426
27193689
27223329
25504322
19089950
22119916
27489102
23092444
25005085
11352587
29279382
18088321
29915389
19172752
38926614
10881048
15751989
18497745
33579941
12777821
11237597
18239417
30692644
18556022
25478848
26057666
26439285
32719457
20844487
32708696
33571432
35615908
20851780
22981948
26484870
33199628
23396847
27660388
21557415
28323617
17958342
22993212
20397067
15588103
21848287
32255259
24692448
15157095
26170285
12927541
33782388
16228380
31678787
12122004
16260763
29661272
19151722
16371358
36622099
11276260
23431194
38745065
21358054
14522956
18818650
21499241
16997323
22887034
34606906
19583207
19490104
27449622
26343828
34759380
29590090
30902765
16615908
21835779
18652489
17372352
21653318
11224563
22786881
21788480
27455458
17431175
19705873
26975689
27478931
28291749
27502541
26249346
29055967
18409558
30795505
33058883
19229296
33227497
19233840
27028580
17333306
18038897
16511243
12056897
16469879
28842483
15743199
11248020
21124458
19172740
29581260
15469831
22925577
31455528
31130483
35969786
11101288
12784215
26724995
23805757
24662372
18422658
30039960
17347437
25659429
31980611
18819103
23983220
23194267
27070150
29164396
32472090
15095867
12899614
16461354
22343629
24191698
32764564
38615307
19947584
21117236
27777002
18803397
28580914
38238498
15212951
22829655
31101817
24460375
24260475
37326584
22365928
32939280
22483116
27239254
15567413
22253436
26137584
31213125
31184588
11781084
33320993
28591624
16055151
10666635
24240171
33633399
31117640
22940584
35570218
27802573
25174610
36416224
24786965
19884503
26750487
33690760
25959396
23850453
16840685
24632863
34103529
20965199
28388411
24379409
21487935
21715387
34356620
19523954
15147841
19748346
28645916
29281622
17976651
30737283
12873133
14646113
21262231
19716788
26278175
28471363
17713898
15558556
18786639
19414021
36794997
25340632
18655070
21923764
22654051
11118200
25847243
31315988
35648833
31188575
15343340
32546545
24247251
19374909
29360779
27922015
34191293
15609340
33645539
15843022
23148265
23559248
24780583
26831788
32565425
32948786
31439765
24179160
17583914
20211621
18268334
11591351
11967318
27791117
18462682
24569939
19037316
39107281
17418232
15996096
22193820
34402504
34605438
15014439
16511322
24692547
12925811
25242458
20938508
27362945
20054111
19302784
29995857
32661131
22273583
30526872
15933202
18081320
11524683
20729861
16540121
32071152
12475218
11741548
29334380
30553015
24594357
19301318
18538660
38349793
31155309
34774797
11256392
20124698
10968622
26597175
19727858
11885959
27851736
29186528
19610074
29577715
12054814
27821593
15031714
38935498
28984245
12743028
15933719
12536205
21505234
12037559
15994378
25617045
28238725
28886386
19429866
11163218
10653632
23219879
22665786
25478841
26039169
12136154
19371099
17321744
18682225
19913035
19804364
22418579
19626704
15496985
32444142
19913479
11352584
24391089
19169257
33753866
16688217
15710405
21821878
19684598
24623674
24625057
16214888
33021501
33420071
23530044
36364032
27757847
35653469
11858641
20015111
18662699
28985564
32348746
17288553
24146614
24650629
12554953
11162090
25270376
28472657
32703908
16537482
17118524
11336713
16339447
17277455
19631222
17002291
19772365
26471124
11173485
18323660
10669606
17599351
26853941
21629666
31874042
20208155
24153182
26032422
28742852
32042062
31281019
22679020
24737328
30144506
18089574
18627175
22366037
22634186
30327422
32084356
37198180
22306461
30894526
24564201
22405013
12832762
33712813
20833871
15231835
23516364
28652322
34043188
10666624
32192768
16322574
19081054
27462921
18957416
16905106
17554179
30476241
18536718
34206070
18519563
18706426
24590070
16714288
23519412
32451409
38788717
32386302
21904889
33559611
18092821
25301953
14997555
20098421
15215245
19131972
29271416
18292340
27120157
14871601
26780475
17660747
22474296
25703379
22325782
22795083
16785325
34552241
22918228
38609662
15670601
30353110
17273917
28220774
18675278
23530186
14993667
18278057
11807949
16446443
29098736
23128140
29782796
20059681
23385746
39040950
16361109
25132172
12923572
28111022
10767425
31235914
15919091
19285505
29172540
10966631
11518530
17020880
15071498
17505107
34106826
32876048
14755572
31754273
25728767
32555460
17289792
21818496
23776208
18551131
19535342
27933779
24794838
12167672
19697957
16793549
19326375
21829169
19628241
19950367
10721505
17157300
27880071
25918163
28794035
30765225
29593210
31311931
29277661
28283062
28508043
10731416
16084384
17051221
31306470
31908032
26143925
12972408
20438763
28479062
37993462
17067836
12939139
28067916
22948145
37028467
29875412
32917864
11992126
28524878
23239422
24953649
22869114
23848146
10970874
26627657
32694165
16041082
21978667
18367445
12140561
15510139
21663612
20516587
34062386
30968138
21263232
21491644
17538920
28876238
15861126
30938154
15340916
22331897
30503773
21204011
25029208
26457515
27630019
27610825
10933908
15805594
11453691
20208153
21527250
22932899
27417938
31664019
38236059
25664737
26883891
28811582
31080012
36383672
10986463
11135672
17237768
19917266
23196367
23630251
11525729
28244370
34735239
23513222
21704636
34944446
22326164
16611889
16517731
33576519
35869048
29070693
29466332
23395180
12560550
18410729
30135093
20078138
27477077
31132404
12711784
31363049
10860731
12441386
26348592
36824856
27841751
15049685
24975328
18039651
15147182
21087616
35357971
19309113
15194688
11406392
23603387
21565159
20561530
18536007
34019797
26001782
32653619
15122898
17468163
29959397
34894649
32753597
35135274
12767334
38103675
33098904
19653995
16511017
16505382
18952099
15090537
27449280
29319807
15729327
33398168
35296545
10801480
27012424
12045193
16625208
20197550
10716177
12559925
14705934
34818583
34519269
27825928
28334932
24503852
25049402
31603944
28449057
31130485
31485071
30593500
21543875
22251463
15227639
24349440
11937054
20508092
35418675
25548779
18083582
23697754
31377608
18781570
19932116
24825900
23625916
33480416
27115634
23055041
24029017
24419614
31073061
34815346
25139911
28918447
25468906
27802578
30302912
20057077
14613973
27194953
28543856
19325628
27807141
12677028
34468314
23364792
16511308
21661078
30463959
32750208
18086573
38609661
22842900
27662086
22733743
28067918
19244615
33326748
11806936
20944218
26163516
35831275
12836706
20681545
16322461
17902637
25118709
35927584
11955016
19706470
20117114
14672662
19686684
22194334
17057714
33268889
11474090
17174886
11707456
33203861
38670073
16954186
26473393
11518714
16407954
26371297
26619764
21738470
11080455
15819976
26789245
21289650
31246463
34576938
18672899
32127561
34815401
26063732
28298440
29995855
20359484
22275364
30823507
37562568
18052207
25068633
27367566
25498144
27534696
37529283
17057342
22767592
25923120
22993088
14580350
30337572
18154320
12353976
16647258
11815610
24152548
12888347
21841183
11264585
31086188
36604501
37498130
27863047
17581636
21811409
34887563
18574155
32860428
27775711
17981133
14503867
17825835
22155667
19678840
31064824
12860136
33296676
24669844
20959807
12136144
15103634
11248702
16478479
17277411
37563123
38918500
28438634
38990013
33094031
12388872
23389036
36161892
12518058
17053786
17495531
27309813
15710619
19965869
25587033
35087070
32081874
19415758
18272479
17187064
23911607
11292346
31873303
16100265
24671690
31660744
18186648
36150379
11726495
16325199
26334681
29858487
21216948
15767255
23426625
12944266
21599648
27240572
29514959
15933718
23748560
28700571
16140325
22309255
27571219
31176713
31690665
28407006
31852825
32505353
38368506
15998643
15029249
16169007
21295486
12885240
19797082
24043885
18699782
19697909
20054129
17913711
28032857
20159152
16330050
34770946
23105108
27605664
29704493
14741345
23696737
19772300
16501879
16531404
24446360
12719529
11514664
22120740
21443499
26924438
27934394
28111017
31358613
37495693
16493657
16629130
29545810
21970763
24495995
20944237
20133654
33252040
37230976
38762184
19706710
26656452
25950978
21045288
31930594
29643509
15678099
16005885
27580036
19438710
32439711
24126792
21089593
20053360
20467039
26634441
11352591
20384325
18000058
22792331
30252448
33357414
29480466
15659396
18084069
17375909
19131631
32518240
19446481
25197798
27045103
19574737
23818520
25195757
19053286
12813127
33767140
33939422
32111820
17377991
26503046
36585502
29479005
11532147
18191219
29410130
23506287
10784442
29019976
11427882
18508893
24931993
26177844
33166396
32350470
31194673
28608415
16723113
20600115
25792743
15304650
15477103
34226692
27255711
34446549
15602554
15456790
16301802
16131758
38866834
25752492
33230133
29891690
32123169
32998442
22033919
10811818
11250911
25202029
33129970
15229654
16618099
26586438
33067417
22262864
25363761
20062057
31209348
33759125
16236260
23792159
24120140
10949039
17157838
24915112
24639244
30067224
22637474
23226421
23999290
32298120
37225986
21596746
16081100
31133699
38467877
31026587
17329376
18847224
16642039
23573271
24220033
19255492
30422110
12627225
18772144
22167681
15755648
34326324
19017491
15014443
15634670
20154136
14700633
21064165
23999294
30862744
11170378
38428393
36171293
17116403
30333234
28559336
11724527
16809347
23045687
29414793
20107073
12101181
30548443
28766941
35698800
24115125
10731701
11780147
16920041
15694338
19339989
27029275
31061516
33468661
11779503
26676274
31444342
28655765
10827177
19727188
23054484
25295515
29754144
35201900
15809496
16418270
31230405
15981264
20202935
24039739
15865440
29519914
30729160
16765596
17192463
32555462
14583036
19028677
29499038
14730967
11015199
32557576
17057716
25642729
18195360
20926380
11862220
29247757
10797014
15660995
34170126
21904056
11163232
17030805
19407373
10715214
21315184
21505417
21439834
18160044
27647903
19727859
15006353
31294849
34555840
12738865
38866426
33937337
20236927
34981771
25734798
23431166
14715255
15857954
21038913
23178717
33514845
38940586
20606288
29083539
24942737
18560148
11316872
23955343
19067958
24699642
24958721
35136138
27215198
19073599
18332423
36477586
38688959
21863821
38647213
15952781
28533415
22078411
19153460
28516950
28876232
12242434
22056329
32679775
34031427
36300618
16970917
20934432
29724956
22298779
30190470
15210354
12662933
15003507
30278288
11005826
22425630
17636256
28877505
30318713
19769746
30076408
11711173
15876368
18075585
19117953
16260604
23226294
11591148
20675294
32284600
24074955
11323678
19631658
31989172
15681588
15790859
29764935
21189423
22896624
18483193
24598756
21621883
24835102
25384243
20845945
15774467
20427284
27591900
14646145
31517484
22865878
19956664
17202356
17968677
20546754
26094577
19456106
21602359
15663922
23665020
16277600
24407213
26863591
11599025
33854234
27696240
15029250
29372896
22868772
21041946
24248472
28986446
23142567
35148990
16198295
12270717
12032548
22869109
25353650
32103017
22940003
19787773
31249135
19927328
19194444
17893339
20579721
29936828
33454013
36289347
22013894
27145301
29097720
37704723
29402945
20693687
30405243
25331899
19812042
26378240
21904055
35355020
36114178
21462277
23580648
24170203
24598930
15959519
11829504
25752577
33173051
11286892
11601851
28119500
19152799
23632025
26351699
22908224
25255805
15340929
27739253
22119846
11298741
22215586
29372904
29526695
32066964
33408415
35136084
17012793
32123037
19285084
11983888
14976550
20056607
19500592
19251323
23382384
16799561
24856362
25383525
26032412
22696408
32729833
22586271
36108048
22855491
23269829
19844956
34166616
28032998
17962412
11591349
23547757
29372894
20826808
21661728
30679709
19966410
32820719
11124907
15078221
20648477
31285450
16246999
16315359
16027125
35158202
16905097
17803217
15502341
26278176
29073020
26457510
38798619
37228182
24128043
33417835
31455527
17955155
19966413
31851940
20077567
31064842
33420033
11387196
14636571
21917929
17932512
25734970
23409101
34903725
16411890
19944078
21220305
21641913
19262666
27368053
30339375
22609916
19555779
27187663
15147186
15081810
22297987
21171945
19405474
31591267
12773376
22876860
32109412
20974918
14684907
15350127
23644457
12507480
37749713
15211523
38032425
19738021
12732625
16835299
29101316
28692021
35412894
11161218
23851357
28864297
19053248
23219485
24500195
18007038
17628590
29669273
20981093
33582281
15116069
11020294
18462681
10799002
22464331
25661653
10891066
21858148
21276853
25002468
20826819
38260608
11976690
35525244
20887736
22993096
18496527
11230122
21265544
23543743
20430898
12379103
38597224
25925954
29507202
17202263
30952865
21965687
15343268
19937650
24215428
27214134
33229520
25450833
30348667
31509708
32303641
11170377
30013126
29733852
11786530
20018738
12126626
27605113
23861396
16434747
18242640
19889631
23228487
31080011
35679155
15749783
35622886
23085075
33033258
27616573
31815338
18178834
20181955
19074270
27899666
14747705
15322282
16934291
19726674
21795602
12368902
26249690
14656438
32555463
16365312
16627946
19692332
15578663
20394823
28989052
38879612
20516620
18508892
36826433
16221723
21146538
15522300
19658434
23143248
35576154
23722839
33307091
12777765
34242727
23090993
32376942
18093969
19666032
20159469
18701452
19162018
25330973
19189860
33758081
19810693
12684006
35679401
22064121
37187220
21700222
18172504
15860619
12559916
17126283
17828277
24508575
11976493
15544807
32973265
32814813
20124696
12665346
36963492
32853772
28288108
25005077
18390544
19377521
29733913
21923101
20876096
36951107
21841197
25126779
10806086
21806996
18318601
12779346
20164194
19809163
32822875
17451950
32303637
26748890
12051906
17502600
20797400
21321222
15063122
15388940
28092155
32196438
23748380
21367911
18992255
16964240
17932298
28002624
12878729
19439655
28232575
20221654
19017207
22325778
31695184
17276059
25326388
15755456
30250274
31402173
12686538
18479705
22194333
35247328
25675500
23332751
17717183
17434529
26923598
17151076
38513658
21549310
23177925
25217505
38134875
24045937
17322901
27610568
33318494
22584152
21775434
24385587
22869380
32942285
36795828
19109249
37695261
10794410
10715215
11839302
14609326
23275567
21714024
25664733
27616740
31840320
20823512
23559560
34260945
19217399
19563812
14696185
21115486
23733956
20876129
15843026
19651599
33243860
22993094
17012801
19433801
32669547
17761194
18625239
16616331
34813955
16380425
18616949
33420048
30224471
21787743
18631156
23110214
14646105
29650704
33831509
15383326
20457909
20383015
21933903
27355874
30860382
35301440
16006508
10818363
22869110
33990582
10873453
21220294
11226247
21203571
12269807
25389271
34181731
24699646
16488888
21491491
29632366
15280359
24153188
30540250
19740754
31309145
26096987
21795809
20691033
35848829
26901871
31905366
21900240
24685148
27380367
19834935
29245012
30733444
17452359
19193998
12829696
16046399
34469715
35001227
22504716
25576794
11916381
16584182
19004948
22807482
31792451
18395318
26200339
11593006
14757054
21301082
31197137
12145194
28887302
18094470
36322424
10625420
20179345
22750141
30554842
22902368
16483937
19539602
20019667
19183068
16513976
27499439
27072913
15137100
25555204
14600025
32150590
28943355
30261282
22242635
11399074
31353677
12823973
28471427
31732561
22480290
34362932
20836988
26919518
15847584
37289586
16630629
27404920
30381491
30914451
17664317
30106565
31923589
30642940
24070228
27320834
19696352
35139378
28026062
16641488
27563008
17512006
31686031
22931054
11483495
23843624
38733997
16142898
33941673
33361332
20444085
30213947
36922595
20410261
28549184
19616102
25774984
29301962
22102023
38821922
21713639
36577875
16981699
31484077
21399684
11988102
12627947
18186484
28002402
32878987
21612658
17881031
27571206
30279485
22707718
15574706
19515770
27643814
29628308
32542766
26226318
30940727
22706283
21870863
26719334
11866530
28979890
27050132
16749832
10884354
11943769
15510214
16458324
20970431
20635345
18001137
18511655
17052456
22363010
12485844
25092625
24931469
30793424
11546844
29750988
19822758
37632366
16920109
33521680
36999600
17491010
21823587
26443463
12016307
25349383
17375930
19654317
28629859
28470618
15323549
24474570
25429979
10976871
33630249
12351821
19038266
18024500
12914699
21746914
22232162
34135319
20303981
18806800
11531411
24793739
20876572
19407374
17475623
17766440
27992714
29857171
20075914
29987021
14871068
28416636
11846565
19737520
22807678
16684886
11587647
34326541
30137533
14988733
25528640
10864506
26244280
34576210
24287201
36139128
25723169
34996869
11127988
22437499
20128603
25837515
17015643
17018279
21835774
31900312
16438984
27262437
29887376
34700375
16511294
20444480
21821126
18052214
25453557
15312764
25794153
26198187
17604278
33853966
27113583
24550278
35120603
30804532
15194511
18093968
21245449
27943209
28179186
30228257
11277925
11823543
25089587
23620593
26449474
29263097
20208174
16427014
14993701
12408728
30679550
14573596
22483115
16790937
17142893
19923718
16260762
25043846
36949187
10944355
32297861
34562374
10906212
27905396
26268558
14724278
17085685
17721508
21317871
12624095
20813114
22101818
30570212
28223532
34377375
11371463
17503096
27226593
12005438
34265249
21484972
21402358
23633599
19141864
32610344
20833802
18971332
20222013
16639700
21084296
34789879
36513068
18479707
24751834
10966774
29335563
19923220
18287284
31919484
38212334
25280103
15016893
22354707
26483544
11101900
16882719
30232337
22973030
37620344
15313616
21824775
25404323
14992576
24100318
22491457
30580036
34256050
20546902
23934758
21463641
17803232
34002536
21376640
26894959
11375511
20450491
17680688
21821901
24459060
15617063
26850260
18650427
20540076
17685895
15647287
18395224
24482437
12634061
12152085
24001774
12215417
20363226
19730673
16511085
18540052
28701406
15567415
11473263
17683199
24965652
19527728
19505822
38383785
31363053
12499557
27889208
11812138
26289816
22576621
30387779
16341225
10625426
22734002
16121195
23236279
15046983
23982741
32946782
14993666
25286863
19563766
11042500
26874053
20054117
22750945
23595989
31117390
15525981
16787776
25438669
22320344
34880419
27681122
29518110
16973604
17656576
24998893
22500737
16647716
16344011
27842381
16407066
21245529
27811912
33397726
32514176
27883039
33177498
19801641
16427314
27627798
20534494
38575788
25158098
28771236
12779336
23909465
21889532
19838198
32029867
33196848
24961828
27780759
32358203
26143920
38684645
15765497
24646888
14616029
10788326
21904052
19260967
33673017
28580926
23458680
28682051
33716191
20064470
19000695
33916826
26249701
12679020
22531044
15530410
15939998
34415547
28543443
34097874
11545747
32356524
20148364
30591568
14638684
18376849
25404746
16710298
24748171
34080844
39082940
32559189
15452777
19265705
15794639
26628370
28252385
38199006
23353644
24651466
27568929
11828118
31432357
35298269
20980250
15624230
12595738
28177216
22722836
12941688
15848162
37549294
21539921
29259132
17582169
10756103
20493816
20659890
20153323
18770515
23185543
33089779
21526129
23750000
28846824
29606590
11348595
15981268
12093755
24982189
18800055
20361982
32908139
20693656
22367545
12139940
18007047
14668855
34325785
33540542
33542155
26918388
11970948
11851337
38985763
34981774
25601277
27298344
31492848
32358072
11050090
35132062
30374166
11419947
15890272
16948156
39075067
26161532
18073116
15692574
31862189
12429097
33277478
30061559
33579933
16511303
20584915
19520058
11679716
16137617
23822111
23476018
19237565
26537685
17007814
28478513
37815717
20188577
29229838
27936598
12445782
12454482
20132820
34373645
23765277
15469844
26303832
23954504
25175027
33184287
15048772
32313240
16139844
29453354
15713475
12379842
21904060
26130714
12832770
14737155
16172937
26586190
19128030
17916556
14726591
21449614
16247819
12379117
12167867
15496473
22193516
26896718
29770512
18462753
31578520
24870237
19098917
19783784
22721802
20434985
18816110
20550906
26909579
31882451
35951290
26960120
35506764
18164316
22114184
31471543
32601441
22232185
16211010
11251120
19490113
21093452
15715473
27680699
10891277
11937053
14993680
24755594
26138376
15225619
17570397
19361447
21466236
15895982
25411337
33264604
25192068
15481030
21147776
12196011
16109370
28276027
22628556
22108167
23984351
33335017
33333018
17030576
15149242
24567329
30061717
15502301
17392280
17536799
22577140
14659753
12015608
33819633
28877983
23891839
10742175
16290146
22314235
25313062
32907938
14501133
23668907
22748764
26457866
31620562
21645854
19892943
32373850
26966182
25144725
10669618
17459872
25540003
19222191
17079150
31941905
27114531
22733763
15728574
26280335
26903517
31685885
11284681
12595727
25156426
29928781
29078359
11566129
27501074
14646102
24375412
26344198
21733841
30251954
24336198
33225840
12595258
19616009
17095009
20500835
19307713
25043029
34061186
11574463
14763978
31155310
11707393
37620400
12037321
16790936
25119048
25822993
22902563
12791258
20227506
14521935
11735422
11268201
26750482
31296570
17851534
10821666
21880711
19150846
15321716
15251957
25278503
32788727
34688687
21444771
27297880
20734329
36762436
20435045
29280634
30209400
10764595
35344984
19234124
37506202
17230192
28535041
26235029
29211723
24598913
29345925
15733922
15774580
20399792
22167201
24733841
27036862
15592479
32651416
25466392
34233195
21816274
20181687
23219881
15850383
23430744
28042035
22664968
11080631
15755748
14556913
29700119
32601205
14690597
18625243
21623345
24224005
23184954
23857636
23417064
16554069
15981258
24419377
30850536
20887733
25855634
21746902
15495251
23308114
26457521
29069428
23716688
29074584
30720432
27694841
36991118
22052974
12914533
30632633
30573807
31379073
20529855
16429154
32943522
25865481
33231899
16945955
16844787
11955070
11863436
22033917
34887518
28931924
37076658
19810752
30035712
24531492
19835887
21827946
11183778
29941456
26305355
19955442
28534491
31704029
19701184
24072820
12620069
24100328
26095031
11368311
28703128
37759710
36298815
22562242
17401210
19004016
12021453
14646095
16543148
19052361
12183630
11685226
17360522
16025134
24440518
11399084
14729343
18262309
18258261
24759615
15254043
25583999
26925840
33568648
28561586
10966653
28855679
32880589
27908245
18539118
37980340
22802671
38442179
22842047
28183995
16321951
11500969
19501595
33205750
25684574
25599643
14725764
15961102
27062927
31928845
33480393
24671761
29372909
32376910
15502322
19712776
32488130
18187656
12721306
10865132
30111836
37084813
11939777
17202259
22334675
22579254
33981040
19095800
29138423
34419446
17379794
23615910
19589376
30289692
31835703
27125277
37609343
29401259
17626883
21454705
22187461
32494023
21548881
20823555
11135669
22102022
28368393
38490435
15645415
20209096
28479063
29128676
12051852
17585939
12972347
17500051
11054290
20054137
31226167
31188444
17223133
21217703
38593794
15774891
17570834
15733923
20463020
18684949
26963090
22325781
16923390
25016098
15826663
17442720
14500888
16962968
26057810
31614074
25372820
34234349
21842896
27338790
24318986
26902414
26200123
23432543
26744254
12767829
28674417
29066778
22102229
25615964
29864427
15644342
27791164
20688982
14660560
25945584
17418792
26472759
23542009
25528571
26753910
36689575
18502806
23456886
29038012
22505428
17551008
15613085
16281059
21068379
12386322
23434847
25306922
11134921
15502812
23046340
20599691
17434531
29287778
17569668
24560924
14499663
26711263
15378069
18447829
20856875
25890246
27007846
25054653
23086940
20231488
12858162
16211510
17715946
20176112
22797896
23275157
17240984
24951590
12963710
15843027
15906318
17876821
33905418
23319881
21829363
23260654
17285631
35905443
32908316
28951575
32895526
31101807
34209803
21384882
22244755
14651272
10625413
24667070
22885278
23123270
26587649
34519271
17557079
25486515
32633155
32916103
38740791
27935424
11959984
25200078
20541505
17603498
19650626
15003456
30367941
17386259
22153507
29686356
22814377
15576563
15342252
11525168
32076649
28098230
20093367
21417339
16549073
21667996
22388736
18096806
39005351
22442227
18560158
15735331
11053853
23145779
27023709
31666700
16169010
25902503
17583737
16024043
24519750
16677827
19626707
20823510
16154141
27722437
16170782
24706844
18282283
34795272
15327779
28074932
15502318
26457429
27612581
32698188
27021160
30323254
12907759
28668638
32828830
15123643
18542871
12768205
14687572
29695864
25371205
25720495
18160040
26721998
32586950
34985943
19851002
23996170
23317506
25943742
18054042
12414693
20819959
17057332
31926786
32587243
17854827
22549980
19219048
25703376
24662464
15313614
25195905
22367203
25659907
32188943
22442220
15551859
25087510
26280334
18052250
17477548
26657688
28248295
16946072
10716194
34341192
17427953
38823386
34937942
19254725
25636406
29883607
17962404
34344897
33500404
18082767
28882996
38587893
35145322
15985547
38006624
23972471
30060171
34040255
31518050
30215880
23024345
29480465
30546036
20159461
21958016
26470814
32311316
37910439
23353741
19917292
38199491
14499611
34824221
23055922
15935782
24753615
34590677
24134223
31076588
17962306
18242189
31974167
24335279
19650644
23953113
30249616
23124163
25046425
26212456
15274915
16672238
19508219
24630722
30367843
16961434
20571026
20622874
27911835
27981706
11435112
