23820855
16816379
15713884
31295752
29271667
27184842
24491534
30456387
12231245
24308967
22903717
20549705
36495510
33629639
35193647
10817687
20932347
25118570
25466889
16648474
34845164
17426025
16878273
20824170
32890576
23652004
26405040
29514855
30454851
28768768
17072349
30522111
18458105
23236467
28454518
36043765
39173944
27818272
25080593
20132239
20013910
17846787
21411523
20933420
24787147
30720101
30982983
37391429
35624501
12376531
15831520
17035335
12787920
31992359
38232306
14622206
28548306
27743893
34412652
33475190
33512745
28728367
26966684
17320204
15812239
11756417
18984584
26037926
18165306
11231127
31000200
35117355
32587517
18280186
21371448
37882235
36444162
26678856
16135528
30942400
14598382
29903032
23672745
24572141
32664591
12165861
11113628
33000257
10880347
19129461
32336749
22306343
34385821
38762714
35949608
15031298
16831604
16469739
16442271
37713782
20026061
19027008
19622586
33848613
37596693
11160658
35379056
12702149
37761295
15661740
14613905
24112720
10781616
17688198
20861242
31531927
10679323
37606084
20418907
17251555
15119843
33007133
20016275
30428904
11883187
17012351
25107902
37858140
21500971
29508297
15604743
39030705
31176039
18605083
28469980
25831502
33172965
16198104
23153039
23773223
23699531
17407230
31098988
34352343
38988917
20711462
34050133
24747173
23378021
35912184
20817212
12720541
10783118
30514309
19406750
14667929
19293389
20708355
11533228
19711357
16146628
26900922
17635912
10636845
12039673
11283019
21593558
23184915
28644885
30447431
21308480
10809668
11136737
25099615
26609070
32226543
17663465
19897022
37581443
36541793
25832584
29499066
33099540
22155237
11160690
12171941
36382409
39143031
17130457
21276203
12781364
12782285
16053702
18385096
18070875
21177408
15829563
34539874
22766736
33442289
22584026
19496786
31099449
12943676
30108282
11120742
11931841
15972854
17679096
16525474
12145695
17965411
36438710
17451355
25247763
17289818
38466744
24620831
25853243
15949469
10944212
15792944
23308192
23223239
26136558
29768434
31493399
36121748
37703462
19302483
33015801
18187566
23349492
29932112
21270242
34090492
24674379
36565127
15240638
24706758
16876844
28294531
21031432
17947707
11950928
30417395
25449132
34009976
34140036
16282220
21672625
34730432
27025983
38681991
17316705
27812929
33658002
31476440
33842002
20624918
33062239
33380466
32964975
36636919
11739372
11022042
30156705
27147579
15507449
20428189
37488049
11551954
29388138
10792606
11279091
11470790
11461120
19775453
11283000
11861854
21642435
11208719
15623596
17634133
16945134
25008548
32170063
22492811
33436890
12130654
24374015
28402257
19846943
26484699
12079333
11901050
17099728
20103628
22093166
16033705
18702532
23704086
38542254
38693111
15525529
10666301
28859856
14625306
19153691
11734542
16424870
17145778
30925081
37827343
23756706
37814294
11278549
23237801
38211639
11478853
22884695
35114774
34549308
19080430
19414803
16254447
21370070
29995308
18172010
25819371
20085764
27169424
27069062
16971462
19788913
14645668
36736607
15657641
35810559
24335013
37108200
16923726
35340291
30662357
23874518
20162433
25117763
26496923
27075925
28347954
17084018
19049974
34732507
18729224
17761768
30593864
32140725
34970351
38622929
16640730
28263976
36793865
29358324
20198633
29577901
10775613
20890306
22145046
12021271
25700894
26485758
25479246
29752336
31186065
11003662
17349974
14693677
22087807
10631312
14559152
20458337
30568293
12755701
25359726
26199400
19730691
24456830
17002572
12467226
30461308
38791568
37840566
38834354
22844102
22427331
24521922
16398611
22778624
28559423
20148896
19525387
29054531
20863810
24497085
11675932
11146551
32982424
25126784
11165249
25706089
30662348
10978339
16537084
11198363
16611882
21875085
36763664
22528363
22675500
29101324
33901592
38273783
15128501
16873253
17581989
24920637
33767593
12552124
24231739
15043811
16338933
21473051
38504674
25103498
11706042
11695728
24940990
28567647
33458251
37880717
35933395
38036039
14645214
16424157
24123001
16135239
29052531
26935808
19553351
31902050
17415608
10871428
27638876
27966078
23533197
23762270
25645196
11799106
31184779
11254959
22446748
17804415
27315204
28726800
24604303
29115528
11724278
34255496
39166861
11876650
18583365
23022870
21659647
24645644
33252086
29229729
10684651
34313988
38956497
37056370
23245717
26803638
17166843
17070676
23328708
11555416
20471352
12243531
30510142
16543409
30268666
25277656
22030427
12704184
23295168
31059057
34748924
10807927
11173535
11116065
15033977
16036919
15961561
23409010
18754814
36881772
21135540
12823543
19933325
20133761
11220679
26981160
24004002
12623966
31882736
10781438
11891846
17068624
35624155
32606755
17151209
28692454
10947987
34188473
27761829
10906152
14755240
10769208
20177668
15753091
33079696
38878913
14506250
31775888
37903473
12492400
16430869
19483306
20942125
23006675
16488887
29935344
36209353
34271795
30511378
26472726
37092308
34462564
35860571
17611669
17321492
27538899
12364556
28450107
23345407
16355836
20207472
19939927
11112409
35116068
37480108
25964651
19808923
39214310
15455686
19357830
22996336
16698994
15564467
35818189
19997741
33975615
30514341
35401822
12675301
12051739
21374590
22580125
21598622
25230686
12704785
11728423
15100677
23161812
17823364
16129668
18362137
34859819
18765732
14658767
10997928
11579091
20532212
24418675
36004481
19424591
29228673
22103298
22917612
15234121
29310105
17122112
16963480
17652080
24514027
18509009
38322561
21042280
16115866
15703174
26658105
31935338
18484747
11713246
23796957
25304039
18524769
20203291
38294851
16142753
16229470
39115562
12754377
12888576
17482841
30218035
36958293
30885218
10996328
12695497
17065489
10691849
38012694
18755268
15110758
19106108
15542851
21598303
21615408
15955530
16928863
19598247
20433855
11279160
12032075
20132480
26935904
34445708
17342344
25189618
12716909
16840549
19349299
26253971
30907880
28142214
26445356
25188285
29386406
38657573
35832006
22544753
34459789
20199159
12135916
25462159
26460945
27303692
37689715
35760390
14509350
26318036
31637423
17886244
17595318
33466636
31471556
20861385
15749709
23346930
11802773
36969901
39066891
27875740
33215218
25725290
16103080
17110462
24374017
16844342
31061090
11521887
17404115
36313200
22915108
27402899
22079573
19650579
37287397
39177922
29673854
37052853
35225430
35981877
36760720
12003772
30323815
10716687
14754636
15564377
17617602
11039901
36512241
15647376
18798266
28253959
19531597
34727930
35270116
23216091
14739301
21209860
12907610
38778315
34737337
10970733
15140795
16879212
35816943
32213595
23802942
38940930
20555396
12934099
12503620
15479832
33555594
22860145
34338972
33489916
18509945
19893639
25482438
25016022
27730550
17107343
14521606
19155039
15158464
23486467
24500208
12135388
22837206
15304550
22480520
11278314
15069196
22438557
23602387
24828610
19406948
23848403
34524408
24252417
12475968
12646264
36990704
11697899
36670423
10964780
18312416
27018634
16150821
18386791
32103987
18511210
35396498
10910708
36069546
15767459
37890757
29426546
22791290
28686708
11160737
36702294
20584010
29202848
12821674
26862143
21744092
24401661
35696068
38808801
36527113
27561705
26374856
37488153
21261729
21750546
38299702
19487464
29927112
10948329
17043355
19098270
11988087
20721934
37524688
19229862
24638074
24295302
27559025
30131250
34921867
23108190
27302160
19857525
15048872
17226751
34034092
21483438
18978810
10764794
10711425
34223957
29081389
21878646
35880837
23842744
15578723
32290274
19160102
34002283
39089461
12551948
34553033
10998417
10696856
36918934
19403801
15849189
15917798
35891518
22547548
32429588
30651352
34668777
21985068
15781451
19301309
10700387
33011404
30903795
17693584
15090040
11886520
17108104
33054826
16103147
36323459
25204418
24028645
23523246
29415469
16335966
12927814
15090600
18680169
23313222
24742962
37464367
11953448
10649445
32831649
26498358
11959847
38705504
37700248
36712094
24341493
15571973
14643891
36436562
29385627
33876395
34628109
11034332
17027006
22914792
11938450
26984758
22621922
33835465
34184952
28202027
22661713
29923210
15890777
12144852
11668175
26213100
38781869
16335988
10852818
11549733
12514174
19553668
22786446
15937477
21645239
33116576
22135470
26504237
31117253
25377554
36991117
23399561
26434932
25630924
22828632
36877015
14976144
11740943
15596450
32863962
35293080
34788392
11509555
14500708
11400211
20562009
31846370
25361009
12826266
12091390
34638765
31410022
25524922
17172855
12480535
15140881
17235284
33004943
26535572
33650646
25938566
23460338
24408909
27398647
27667469
19919577
19656393
37987909
27832597
25414008
20965181
10934648
14976202
15574885
12898519
15159407
30337686
27489347
12767222
33140466
34238763
24591176
34995415
15319443
10753660
18514056
23489520
32822048
15182672
33168610
27263974
32509771
16882879
14559908
17200139
21070476
21654633
26625011
17344482
11779129
12676937
15498498
19861419
22636676
12393611
36259103
37837399
35119656
22112648
21493626
12475964
12144784
27156250
15574588
26101266
34306350
36512307
26427465
16051869
27064211
17215373
19721078
35802072
19488069
30010769
22490869
16532639
28114363
11878894
15967165
38717936
15525538
11779210
12411428
15545268
17196217
32458119
32766708
34310804
36622343
28423647
36086906
19944437
11297757
30339873
11313345
33198623
31552031
18592180
17610306
12855700
21224388
22489099
26841863
21228389
14688327
19920860
16644202
19265198
19307462
11577086
12374793
11259428
20653564
14613929
17521358
18060821
34197691
34729247
39089666
12771919
37693154
16733801
26760961
34174322
19886972
18558078
23820890
15123666
10731722
14529711
12411487
20405502
14627714
23077236
26926710
25585356
28559152
12703308
33181435
18559514
21454704
17301177
15951253
19949079
18265057
23509262
32019578
22879895
33815059
38395742
12756170
11988077
10759501
22861820
15456530
32088212
11276204
35574701
27913309
38482552
11504872
12650697
15737640
24130701
24191025
25744063
35003349
34275626
12409447
33656667
34504599
35442950
30052675
11716507
19672555
19596800
32386035
37252276
11288989
36107285
15486195
19327339
21170590
24358933
17146047
10864453
12612063
26223644
17707771
35105853
31719195
22209329
18559531
17060363
18756095
11316735
18487019
21735340
28075055
30205382
34345014
31628816
28225203
15596447
36754932
10781586
37166660
26294688
31894487
34251068
23782464
26868272
31213847
36436315
11432825
17652713
19527711
25926469
11390379
11896613
21380712
33637669
12947545
32365661
37092993
22500647
11027258
12883528
19460099
17143515
29088801
35001801
16896187
23891678
37806541
37805161
16212419
26883593
14697253
20833723
38084712
32807991
17768165
39013030
36539546
12832543
15485904
33469315
15731008
19436113
14505692
35578440
18506777
27010925
26388481
16055445
24656740
16963469
24659800
30464631
12752822
12233879
38706891
19000167
12847098
33312963
17522142
19470245
15341746
29438088
36628448
27708139
36435772
20529838
10777529
19755521
15044485
22708868
16505218
12437574
36172581
27981737
12220227
16299499
19377066
17307897
12111188
14767876
15899854
34627260
31128030
24147065
34674391
36205846
28790135
23022214
12427825
20065043
21187394
22144239
23524952
35251343
20176059
25162582
12672823
10840944
11864973
11943162
27105553
27454186
33269646
12502746
38803032
31326389
34649211
29807229
22542975
17135756
25976166
23056506
35559411
17327236
19196948
21208537
36418936
22706200
33045062
18621766
15623502
29158339
31217189
30092808
15863511
11751867
11160944
15217905
12600107
31806563
24249579
17714185
30857762
20699220
24706898
17403032
31726100
22301546
17256997
25300029
31789314
18485100
31603990
15056483
10766860
19689429
19653997
22624560
31728542
29311814
18029773
24098701
16099876
18559485
34748255
16339173
17135404
30922402
11278454
15014970
17484120
24210099
18559257
16128395
30076726
11042204
11274052
17684020
22915128
12065240
19520868
33947841
15461666
29981700
22669948
32884351
27812135
23209290
18417609
20942127
38553727
36335386
28697571
22209934
34280770
29217616
31466007
21247487
24565517
25398902
11551964
16723463
30906629
36699282
38271475
25252130
21730163
26766115
30562741
11823486
20876293
16221677
19759393
12615712
37098982
21776404
20014138
29694914
25544610
15218033
38093179
12700184
11328752
24052230
19432894
27448302
17676640
35383235
16449194
18729209
37915040
30831195
14616106
35641094
26944680
35482475
11042168
25174975
32025184
37090551
18805022
12829701
35129574
28924205
22936661
18559505
28845526
22487722
14551203
25480394
30738012
28508372
19414341
24147060
11413712
15294898
30784348
10706632
30720050
22252314
33497493
19558455
20689998
15647827
20194530
24801902
11741985
27563672
34240323
34380438
25869100
19164581
23990296
21160498
28340599
15598747
11943772
27365298
32746883
32673722
19879941
38064254
25183012
11389192
31086825
21900752
36042502
19676141
25640947
25627689
28103322
17942399
27698904
16799637
25286960
29964011
31290116
31262880
26933248
36448712
36208650
12826610
23921630
12361945
31606122
25978431
11160753
24946135
35809291
21347364
29588850
36633200
17103045
23652597
28810642
19717511
35038550
14499622
36067319
15944158
23871997
37200306
11677783
24927069
22836271
16339516
24966661
31539155
32601174
32485152
29085027
15163627
22382630
23975851
34153287
11877403
20371724
24558484
19445677
31577817
36153414
24014597
21324925
17823251
11287668
14729105
18817750
33089110
33793918
38543814
21129411
19059418
26544073
12610305
12569370
12794074
38151083
11856299
18494762
21741668
17935997
20826757
17193921
18654987
19633292
24407421
24706939
28254886
29463514
30010014
21170982
34024242
36341883
22508683
15466250
17714413
12379483
22943792
12714565
34367081
33593309
32779618
26580832
30064438
29923125
29193067
11706030
36731712
15167887
17558416
17916802
20953144
24948007
31511359
35249107
39107958
36968271
37129929
28129444
16115887
36108090
20298688
30723163
15583735
34429764
28470345
24130336
23928993
38072993
11937779
12628689
12426314
27681840
22212051
29978784
33355889
23650359
16537610
15054110
15124028
15824061
32576271
12947419
15258139
24088734
12498786
21726627
32226533
12820641
11896612
12957713
16507910
11356869
14645235
15471860
17283176
22842492
23918987
22982470
34128973
33576399
15659368
29694981
31105043
33424645
11018053
12621058
24675029
18816594
22393008
23485398
35205272
39054416
11092763
18025306
19552648
15226309
16849681
24004147
34301262
29477842
12524544
22734206
15037626
11668178
15086463
19765186
31010828
37781225
11849995
17092637
22485915
34930332
15552593
20087163
18367729
10938104
12825551
38899332
23166629
26347747
35955939
11556794
11821416
12765475
33469309
19406213
12804609
12542523
20547138
22684562
38641066
36940850
16461353
16936636
11390975
30703614
11274443
15165190
25157487
12381373
12493715
11384225
28580587
23690595
17328891
36401762
31888979
33419984
32632810
11027597
39237880
18426911
11734555
16273852
17937931
19945436
39229139
37276703
17121862
15743796
25480567
18989435
11162459
37692946
17354222
19157994
39188985
12203715
35582627
20889502
36609826
35661767
32490278
38396669
14604548
18208637
31489252
34026327
37955115
11075364
32538849
21087028
32636640
37646893
16613879
11311892
20856200
10913025
22819109
32556725
17825285
15755919
38454465
38934866
21937451
29951200
33766559
17149366
26406904
16261627
31073890
12351625
36264762
21926160
23855374
11805089
29261807
19752763
39216628
15182187
12388690
19887894
11007891
25482028
22128155
31954080
15056491
15265945
21301993
34508625
15737636
12967715
32945386
24452601
36153598
18845247
25259935
15265899
21695558
15325562
24454860
18945363
21105873
15817475
24743342
38160539
15208302
11408576
21775823
34128362
39011034
30396568
32141558
39083515
25436288
16165184
36394255
20888327
28611215
36484368
21860380
25794709
29499139
26322927
27221494
30138457
36918952
20051533
28846707
17981805
16504016
15249609
19255152
31488087
23571559
35530132
10987826
11897684
17001076
36925195
33911869
17156409
25547493
15193776
11739371
28095779
28693620
11071055
18234174
21844197
35450967
29920344
37997785
23064762
16464862
22829544
16386234
33559954
22674271
22013071
11698413
16225849
29039560
27884747
18272765
19564939
19663696
37655900
19815545
21781118
24876153
17982627
11330049
11390617
17768677
18505803
17015431
28129393
33722250
14660660
26727512
11418612
20534861
37648022
21040849
37460362
25566433
29299344
39273010
26612684
18791219
12165565
22220831
20607800
28046085
30555565
31583941
16536277
27009856
16303940
34661646
24618373
15563109
27313791
11441182
18936234
35388975
39233171
15300575
33716239
20709160
16145048
16335786
21435048
27659560
30100244
31293646
20008677
33938021
35176654
15326109
20065497
20355229
11745413
20200473
36977595
21110119
11278509
16043857
24317399
27449087
11014063
25801433
28349456
19372585
10691308
30593505
35577279
22226621
35528669
16129029
20118622
21680747
21979951
20717960
31853301
25313141
26700428
32122258
37087553
11799369
36732831
23874742
35063035
29055006
21760968
12177055
32547105
38101299
22595992
17105721
37607595
15467744
21262376
22240483
30950343
37442529
11229599
25780291
19176389
17310996
18396146
10906332
22538240
22932702
25744833
36549349
15758179
27758855
25695284
15314021
12699625
21421050
35882968
38263056
26348603
16033423
12217960
21068253
30338847
16204248
22608241
30713769
29377389
24704205
11809733
24726731
28085542
23405236
11114178
12815052
11408044
21668763
16461368
12064591
37693604
14664718
16484507
23308148
20838829
10954533
19779646
16537583
19127456
18054858
31302241
38826510
25652011
29293569
37040719
30572915
31026452
22193724
11237868
12835323
20543003
21156181
31911438
21655271
16890533
18326820
12183553
14502569
18840097
16120479
12124928
20433747
23445999
30666838
20089134
12621062
23358465
16879880
26753982
38099337
26814888
28224917
16215672
18084722
21463453
27540115
17518719
39099169
17287283
15642999
26842750
34347561
12615067
19415776
25900570
24019533
17536046
21205088
24692558
37863400
15356261
17582168
12750905
14668334
24286864
36552516
35765958
29515756
36705430
16879611
26739056
22945649
23382382
15570572
24637539
19953327
20937821
17062640
18987158
28440478
30742099
33231560
33508039
17664274
35460876
15203318
19423765
17917251
15824097
12376527
12406896
23345399
26861996
32596382
30544922
12960346
16230359
16298334
24142406
19725029
22921497
19626986
17297291
19805182
10888331
19608031
23840115
18653779
33959973
16741009
34799123
11396284
16415342
25644061
27500320
32016997
26897170
23151343
35795143
32943989
17698499
19793767
11980671
38532364
33446239
10712396
33300060
30177393
35818076
15304476
14988405
24591579
20797861
23671122
24246428
31714686
17964790
24433680
14648715
24860013
11034398
19494042
14691565
15276650
19542610
25756510
30819235
23044660
15761032
31787742
33031436
35022742
22116617
22159118
30202024
35958494
15879144
11994270
24845031
32973695
37228185
17227955
33060070
18706702
32683701
22065321
27826861
35551606
15711015
16263722
34321174
34913076
29388081
36508087
19375166
34610213
22772058
11382772
26148682
35038580
21812036
23458834
37229326
29777712
34836987
29957254
17166629
22199384
24583056
15362974
17763876
32467993
15292247
28158500
15331743
24335306
12023968
11425874
24287696
26740054
38672048
26642712
33519480
21190056
20227405
26662883
11251183
18465022
28796254
19228881
34319763
16054712
38958445
22576849
20406461
28816608
24003122
26332758
12716911
11564156
36735494
11292481
26639105
11861446
16823808
33692475
16690612
18540885
23022583
19125419
19587264
16601676
24423233
31467290
10753753
12183669
26735137
16051611
20823161
16452479
22945642
26027925
30121649
21143674
39080693
10976108
20537899
16887808
18251867
12126635
27987190
19658102
30992398
26355087
38489495
32008054
21394648
24136190
29730546
39053638
23573303
38653919
18655788
15962305
37878766
21633357
12782279
23460120
29221668
16297869
36742137
12927827
18826257
37139806
31152063
12147196
22171073
32524752
20100521
20332620
23825523
38656553
21209215
17918010
21663700
14996906
38407929
20071603
24168723
19007881
33864382
33459938
22441692
15370296
15467376
27317099
29452163
14596906
16547166
23687378
15248779
25675293
26590017
38770093
28895884
11343707
21097543
31173246
11489900
16114057
24191237
38926347
11229455
17631765
16751795
17456766
22529269
24023879
16431220
24301645
12724421
15031322
25724910
26924951
34949159
12200140
18669640
10606768
24891619
14625308
18590557
12640129
35810308
32350062
16308562
21727092
17015449
23300602
24475316
24523559
36858008
17172471
36612117
35975322
12529318
10931828
33075465
35746694
16530828
15951158
14506131
26095918
23048206
35092577
14766298
39114729
35982848
18791226
20579879
10666264
26778333
24270186
38367665
12946436
15561106
33758288
21667227
11042209
11275418
15590836
21799265
25717105
15994789
35153822
15710618
15212938
30497519
30099980
11094077
11586888
18502753
15699046
17279627
20156119
21737058
34419070
37679782
19506549
21439087
39168282
20236587
32567324
38244688
31354986
19686698
33774150
18983830
34481243
24798330
15161924
15504951
21907011
11861654
25675430
10865151
15467741
32407761
37603562
21637416
26489457
33335012
17867590
23341451
20615878
26714708
31928699
22479149
37817567
37950865
14642388
16930546
16186805
36471363
16885452
16948613
30710293
22310722
29954240
36917279
39239750
19528444
24585683
12082088
11836499
14586404
29440295
39180081
26263631
29054886
25218441
30471718
12145330
19751784
10799509
22662182
21508334
15212941
26027934
25540202
24872589
34733789
27581538
30052810
23691462
25462567
35063459
35695194
12670497
19264591
30949973
37443080
38668995
38420800
29992764
11359959
32953729
30389746
23329829
12444089
18793612
12361948
10716693
12359720
14630337
17416984
36037317
27882103
19429264
23417089
27659495
16473634
15579213
12640114
27025476
33962073
30133123
35758042
26398495
19357636
22623767
22497250
21846728
20230862
21798341
20406683
12724325
21871133
16574657
20097879
21419176
17652262
15522820
10958787
28245978
16121030
23351743
11751932
28767310
31018511
19501859
32462594
20510007
23472207
26327442
23111606
19253336
27307561
30282972
19504174
19608646
24253041
35710078
15339908
29924591
16307051
19659461
24162108
25247470
16720723
30826358
19843583
26544897
30863103
32935366
20833716
16045473
30529276
25675302
16186117
38459596
23356641
19064725
12426389
34743698
39040050
25483093
21595939
16545136
21905200
24769494
19064715
27902874
30501876
24393526
32703944
23364330
32213200
34674267
17137291
11279209
21556061
23145020
30836054
38811952
17314098
31420572
26372067
37461019
15856006
11561079
19771247
12202226
16332356
38989590
12226819
18004794
11906820
15131699
28067229
12960170
29078019
30914505
14667575
34395434
14670953
15772339
25008321
17943188
23029201
23926101
33137160
12766172
21195117
12186978
17517620
37131258
35199873
38363382
24463018
20668202
23731905
10781612
11162467
23508173
31785076
30809309
10939336
15084090
22337773
38289832
18480067
33990513
17052974
33128346
38212939
12065586
22394373
14575544
21531333
18495327
27707864
16110492
24614595
37278111
31778769
16223483
12853481
16478790
23097332
11557526
29525670
25961399
30584245
12711675
26772774
21411634
19632985
19681166
22322306
23603119
17142394
21531210
19347275
20614158
24839392
11427522
11115408
15701652
30962710
27221092
35765282
32346083
12213085
11527210
11972023
22066028
18710951
25921811
27742911
28790440
15563606
12509456
20157601
20074560
24374663
22110140
21982947
38447610
17893149
35932909
11003572
16030021
10745088
16140759
17350595
15572693
10757803
16595180
29797527
19118655
15364944
12761204
36534385
33489797
31723063
11526498
21378125
22156060
21721581
33812640
10739899
22815913
33539038
32226526
21674628
26078940
30981892
33264494
15273290
24782567
23961939
36455594
25041923
30790688
20933032
15251452
22307607
21609716
32867798
36353938
15721278
16762977
38040224
21482559
15324666
37845831
28431250
16728400
36279101
37624791
21205095
21981410
27253323
16566855
20497506
18250304
30648523
11226337
37089552
34958029
15778388
24503594
30733340
31469500
15713634
25348314
30908631
31977183
23376722
28273161
19521502
21098100
27334695
21978998
27716408
15923313
31778596
21696367
32570259
12631719
18092691
18190909
16813562
31288830
25938125
15246867
15210702
18479390
11390279
16547843
17295836
18769630
24277841
31661545
11163205
11823441
25689419
21757757
37891494
36751270
31732614
10947964
25395419
33258418
12824179
23787697
18055569
26947243
31801865
10850422
12861028
16046478
28415797
33515858
17046992
15247296
35251990
30561524
16772521
37522543
28814511
19056363
20018846
35733943
11936852
25885224
32353058
19342095
22649224
23706646
39215331
31112527
27232578
19269974
25043756
21988832
39038854
31706844
15385960
32357304
20718039
19834034
18650325
20516063
39278520
12186902
37540462
36952210
16672054
29191655
31332864
12061776
35780119
12176984
29490982
36672148
29975948
32475644
32034480
16310364
33248690
11336798
18945672
35522669
23457405
12850569
16432213
39242474
31162604
27408918
29309687
33427025
24787960
19416973
21555462
32926961
38577476
12070446
17251556
35871160
20861269
21045561
16174766
18381204
38348636
38081511
13679577
10922375
19327156
28711595
12890645
32896523
34505967
39141315
19458199
12663742
16308564
30408122
36040682
36685387
11998899
38878164
25644401
37606545
19458237
23432034
19817984
11676859
39263353
29636002
24094038
15665327
11996670
30061746
34732852
28992472
16143467
35062042
23041282
25741966
38755327
19767400
34433131
16862184
27071400
36540014
27430247
37106019
38314503
16061221
22984225
32252198
22570712
11114293
30453282
11254878
23460448
20687111
22309289
17971924
27669425
33767172
16794040
21310956
15937334
11914279
24465521
17094949
25225460
11427541
32104234
38251756
18687776
22174679
14706832
30009810
27834687
27453899
20679536
17316084
35280793
10970852
12432075
21131008
21637296
24395787
12237309
35883611
21328347
24044220
11238915
19349366
11892988
21685577
22791651
21486470
25860441
38290591
16517729
12821781
19943845
21521696
15545630
22841572
37723559
37692283
20887964
34944103
21723171
35066809
17217560
38481793
26790640
12589052
18396347
38304322
21747946
20214800
10777675
22693631
12754525
18559522
24713355
21494613
19482007
26911935
36150104
38971504
12909626
36535402
37779969
20844560
38970794
11100466
18932217
22786887
26116074
39184047
12878162
19406938
27391443
24844677
32828292
34132375
30710051
20392834
31625608
12119286
15490456
19386232
32571254
19497998
34621931
36066044
37102769
14742423
23305794
11299305
35509068
25270259
30443988
11779800
38091408
16919237
24786641
10702242
20665473
21873236
12815059
17894344
15575309
17622648
15987681
23877649
24003228
38826292
34165721
21352921
12906838
16051208
33817300
12874382
25044020
22159147
25270793
23458835
12370303
11562764
16317770
34476933
34130470
15591141
28032603
22824807
22024722
37451140
12808092
27489866
33816238
31278132
31779160
33783988
34544457
34721780
34730059
14871949
20513439
27150721
12377785
33359402
26261492
22955477
26503955
37309980
22884071
18632987
16091355
30078213
11665609
23627023
39107788
21324898
34801649
15766559
11437409
37144516
24293545
16021614
22789442
19569236
25826279
35538402
18265377
25012180
34798199
29342872
11572799
14636947
34949659
21725612
20207731
16548885
33597019
36721258
11929923
34618469
21098729
16484312
32907351
27212600
33687619
17449720
22339630
12922084
11889139
19885549
21903117
20657655
18535195
24951443
10807921
27335454
20929579
30900419
20830310
16126846
12588978
25477432
21917916
16389068
31562860
19477270
24397586
17154536
28730484
31540324
11729222
34147559
18346199
22930747
31157974
34040388
36513874
12527357
18256024
11829477
26680937
15703162
36458391
31217348
20133758
27288770
23970546
23145121
28992306
20152878
30959276
12368320
20188166
17847021
37108794
17563721
28592554
20861348
20962216
12847104
36069737
26443637
24662916
27535051
36812233
15561713
34732665
19929420
15154912
33706098
16950769
25412208
23455478
26174152
36948889
17070910
12429831
16002321
20573829
23371389
17273864
20126307
32855652
39104113
39244591
16728642
36544357
21789714
25892522
35798413
11606309
11359786
29796162
19734897
28387999
15657076
38992675
10713133
24948196
15125214
12767993
16009714
16630058
15262116
31978798
15448157
32594240
33932446
15272004
36522211
12536150
35562515
38527593
20699271
29670884
17868029
11983893
34787639
16368696
16507904
20077813
18793716
28368050
16339216
27333946
12192037
22591165
21237222
28406928
34958118
11465991
28447717
12581304
26867737
14981075
11133699
32219582
17823255
25836330
37150603
20841356
17875702
39153475
19117955
12612053
15084583
23988449
29845587
33372599
10644691
34948130
16761740
35886751
15210786
20434337
24627180
26988030
33603460
36302650
12171902
37182104
30979734
21599657
15314240
16516168
27343171
32075106
31102648
10941752
36934667
22457629
25624484
31751593
34833421
10701775
19201846
19383821
17092254
18394691
11867748
17962190
11972450
19898638
38017409
37665628
18023836
18385893
18173729
29157821
11599569
33411680
22383950
14751567
36742154
12119386
15494033
32323100
18395707
38290642
38840385
12631707
25313916
19285000
11260479
17673519
20585650
32226505
11500773
16687403
15589577
17651773
19189660
21795689
26714709
31290061
11880554
26846102
29869816
20484469
22718763
25465569
15741314
17023111
36691038
15015569
22912777
20086014
39277373
25016284
12359736
11889072
18006034
23636414
21768326
34172072
34314577
11104868
23876037
38741032
25993558
17998046
36683690
37509196
15175342
12925736
19956548
14517290
10664463
20942005
34063193
19949097
18065687
22510409
33835612
22021207
21554706
11571267
16518870
17508937
11223425
19422025
21796528
12646188
23256568
34353342
38228036
38302992
16339760
38656311
15569672
15611272
20229525
11430880
17413045
18191942
26701791
31108370
15231838
16908105
36995611
11853549
22386689
11759053
18353424
15100674
30431123
10626672
19222990
36172919
22578249
31242482
19902122
17430893
17674000
11287658
34349347
25768891
11983443
18535787
29330215
32754442
27903531
27838005
25412236
28505517
11825877
12586838
18435854
22685230
31564840
25164676
33323505
12062644
11390638
23150446
35874709
14719067
33051890
23015592
34497156
16385584
11158246
22028469
37818102
15373828
39212774
37043073
32892170
36482019
19875655
15665515
15466214
23900596
12941885
26629826
31207081
15542826
36623729
38889486
22345504
16055447
18508776
10837480
33569375
24384826
23711718
11750135
23879967
18056452
15708852
21958963
35024189
24458358
24136133
37874190
19582429
38773631
38507925
38520710
34486483
35204090
21900499
10748073
33729479
19148495
35215950
19477150
18433331
34964697
38640466
16237757
19916380
15194747
25801690
15039216
12124213
36539807
17177600
25077631
35296634
21885566
36820954
27297883
24628430
18034455
29662624
19959638
11920644
16935537
34471058
29486902
14628289
26400964
15148411
22377736
30453449
28079881
32119786
21740499
16088917
14688369
20599712
22028839
36627572
38562783
11854286
23405229
31645438
29113994
11839735
37381158
11145166
30171710
36737649
36071584
11375976
18374309
17301173
12072396
12445884
17117154
19754576
21852011
21826652
28002452
35402194
16115197
37495895
31127617
16497727
38278560
19112405
25028717
11050385
11694587
24103590
23503314
37891677
34540004
37065597
31571199
22821270
14550264
33812911
10711702
10702297
21531337
33841409
10714391
12626453
38488763
32415999
27430721
20664715
28438891
17884915
21931826
25935306
23163034
15590649
26166824
17056873
28049773
20085611
18369976
19472191
12861119
18679832
24067649
32841623
17900104
36367512
12213717
26528720
29252185
34403818
20164304
33479807
16306077
27624940
23776472
34200212
29301787
26370527
18361505
14764582
27440047
21149733
20690703
26434776
30045021
38394156
36142590
38509397
36066338
11445188
11535133
19562484
24078776
29782024
18356543
21968068
12663375
26566997
16762635
16639034
15173605
16131488
11543664
15107419
15385932
16584908
18248423
18566450
34702163
25333863
11027336
31097538
23393136
16378688
17919502
24856514
30845158
24475301
32504027
18818414
25331587
17876170
12072393
34512612
24007266
27095764
15797869
19609365
19732159
20335174
28275217
23935359
11865310
19136962
14699102
25448294
25521631
31317404
37624402
15226296
18821010
38285896
18322230
26075508
32166706
19652486
16878155
38759887
10838083
19835171
15263000
25127991
27542393
32546623
20133478
34556581
36574661
17311921
19716417
23776628
37222910
15721300
34674177
10934473
14605317
37859625
18178565
12736271
22291020
17334391
21343910
38420818
34729248
15668168
25161188
20686703
24466267
21387385
12791589
33676554
38697251
15364938
25822025
22515357
30127969
11356023
14525989
32161312
34226413
17725716
18362394
37423323
34424826
23268931
34737237
24930499
30445953
23036196
34326657
15319434
20538586
38913712
20934464
28034876
15967161
39128391
15661155
36069177
22941205
23923580
28379402
32185887
14972104
19460843
25878277
18231979
15302844
12045259
26243391
15367687
11337587
31799670
21479359
12710518
22527638
25083871
35117684
17306225
36658449
11665977
16481341
26975546
26903295
31887354
23077736
20089912
18162185
39229272
27792639
38017009
12088404
15882968
11504710
38850300
11561080
28852804
12665505
12821129
15632077
20647304
22451695
20866845
29571866
36779599
38777101
31530567
20547767
28888985
36680668
27694188
15075370
37667311
25539742
21422072
36126780
32469473
38625788
19917252
12968026
21170036
26359297
35195947
20942030
27703308
17078931
16861808
35981040
17875818
16061643
11931641
12495897
36918912
25675097
11798190
17550303
15345746
10985883
16581002
24941801
18026141
29705079
26232501
17988239
23026046
18025019
19212654
22408255
28523421
38665782
32754266
31379864
15637807
12355087
35333683
15996637
35619131
32195017
18205297
26279301
12184796
19176830
12763307
32198343
34058292
28972183
25304104
22531154
35173553
12970436
23185013
21704414
28368420
34690924
33807534
15723066
27221739
16819553
38594770
29973320
31807514
38493982
22096485
16818771
16378731
18568953
26080853
34096003
22504302
20840540
28684116
17503469
20926685
21701587
15368299
30996137
11044810
29269353
37249063
11358275
16413502
25163484
21762182
12509260
21813684
33868781
36572073
11536198
37012388
12641462
17347016
23552409
15235609
31135971
22371502
36816914
11279001
36997937
35182521
28941781
26165190
11032731
34293353
14593106
23743150
26020533
11483600
34618022
36613540
15878342
25320359
30657769
28332063
38965251
16263085
17928008
19893882
21139071
16652155
29743866
30886231
24758376
12707306
21220721
31766712
14985333
19561594
35718042
39189559
15888548
21610097
34636652
38650121
12097147
11948800
35064752
16146684
19282983
20375978
34674173
28341841
31686426
22242112
14713309
15790532
22922005
21092281
31488171
17283045
21913075
27974707
32664515
18228398
17906692
12752377
20507996
35101055
38724006
19010519
22205725
18804536
10809957
20693704
17534152
12773569
35035697
28655762
21642506
33398455
21985437
15013799
15271987
18657188
19159612
35104503
26481311
26066050
16525057
30261673
18601900
20700532
36923879
16303855
35494004
27785830
24129246
15556604
15823033
32307505
12458796
14722108
36056355
15213129
17609655
18053810
20378566
22493728
34830790
24466302
19062713
12351647
13679150
15941859
33136328
26930278
17898132
24312679
38158493
18397823
25257945
16312236
16085934
29312804
38233821
23408907
17855452
26352782
22584570
11536041
27043659
36819529
18445231
18363647
26965847
38356524
14596830
11509827
32749850
25048710
19761754
32547085
11805101
11827982
22276098
23112178
20668706
27546214
21728064
19833756
12215456
15206940
23814182
20676407
11156388
39233165
25118931
12722940
34859928
14720321
21544807
31305524
22357842
34633608
34586372
34599880
22084117
37750320
16472123
32098627
23238716
26720722
15773912
20427770
15333577
19369384
35163245
14670178
36566215
29905671
22393391
18339839
36145246
10770994
16818374
23465077
36008700
30872687
23623386
18953829
23078624
10671311
15555441
25915159
32233139
37076992
32411010
23804401
16204451
11171385
30618083
15339924
21792912
17322380
12575952
27665969
20483785
25445349
33064958
19627445
17666953
19749799
23762421
15251432
19483192
35681472
19917255
24737000
34767727
37122222
11741929
16150693
23178943
31086419
25031281
36935549
17114430
25689347
36476844
28429532
15054098
16648488
35956952
33038264
34981118
15845268
12855573
35996844
10792468
18346467
15608055
16229872
34334583
17324924
32974219
11495919
21078165
12464627
21737094
19930715
24368186
15805487
16082114
15161909
16716120
15989784
16908409
38556171
20364327
33065162
17151820
35012593
11408580
11709728
24223774
38595825
26226187
38815774
19350539
11141967
35650159
25591766
23221557
28232492
15731223
33651360
19017631
30237164
19847292
32944196
16381814
23851565
27936768
22472346
33258073
11451944
14704708
10757782
36394342
22035590
37895270
24976143
26160837
23352624
12609844
23422832
11108661
27482602
34972532
32353113
25979994
37132081
37129496
12419256
20610803
31093672
24183451
24580843
12904942
15925207
15665819
11113199
12941944
15632133
36738191
11251186
19103177
26967520
26500037
32335164
28841715
30193732
21999233
11429404
12768447
22452640
17360704
16322400
32651332
36496129
24448211
23035214
26209915
34900978
36297397
29760557
11236929
15172688
15677465
16213211
17581860
14552590
14604889
15642694
22404429
24502696
12095627
31938047
11120881
23143396
23517085
10625079
10951271
38819228
35266446
15632194
18381073
23322008
38900158
31982451
11485549
15854772
32054840
35928449
31365778
12127964
36090256
11427734
12270132
15364619
38128647
27155063
10995832
12691260
11039730
21753002
27221474
20027304
18835564
31127030
32471715
28854261
19273233
25428506
19429947
17897942
35712670
14729906
15158452
16795052
36095284
21402774
19201818
19378160
22244448
17580302
17909832
11162655
39133860
20661221
27698087
21303922
28645873
18716058
30338210
20504882
23423910
36961814
15546867
23604283
18716156
28751630
33449852
33729579
33391214
35230745
17626087
18482053
19548984
25234615
22531720
17420259
30816469
11382770
11311150
22842725
11050186
37079266
24563203
18245366
32384154
11696550
27916527
33960631
38355643
36336681
12761887
35074482
15351698
31016257
18195016
15184364
19567877
27531967
37444518
22335191
18096606
11297520
34663797
20131911
23648337
23702583
33654721
32637350
11178875
35081504
16269191
19740994
27239782
29943706
17906498
36879115
37344876
38218422
15970277
34265304
22084112
24081905
20451249
15764330
15466234
15054105
21493896
23354307
32183843
20926686
25209246
39181531
19379505
16835233
18255161
25197364
11827956
16787403
29370405
36890220
29955047
12351658
34269665
17274640
33108931
20501641
33818655
26887616
30625347
28180335
28357287
20942108
18650263
21422296
34743023
17443774
11509673
20713546
31862314
26400647
38226948
20018188
38948858
21314824
11681418
15546861
12123417
16510573
37322260
16522738
22155370
16793874
35500022
11337044
20519584
20093369
22510484
16254192
21156006
35780835
10748135
26439956
18432941
21255618
23950208
12237331
12617769
21124760
27110706
32333234
12519755
16239222
32432944
29795461
12672816
30360518
17891453
30008615
17098745
20639476
15188402
26733199
33440655
35994080
33980684
21865157
20598904
17537990
17908984
15851483
15525682
24869935
30012864
34556860
11104718
28887304
19094066
37082243
34249924
18845944
21501532
27507812
28759642
15556624
11488919
18260735
17657855
24014402
10829575
10874042
30475390
38625739
22465274
16511502
23236484
20211260
22641666
17711504
12239094
35021128
11150291
36731154
10861864
16673933
31651360
33517828
34974159
18951945
12083535
23334589
11927425
12861000
17076927
17065492
24758773
31321908
12917638
35723257
37577235
26743335
17620417
15611868
33755320
27386923
38995916
20949525
28426751
27067261
11157979
31539631
21056687
19686537
16014550
11309308
17705508
12627902
12588985
25999457
15017381
22536418
30970517
35738188
28611064
33198776
17000055
24222685
23476015
30946556
12706816
20877860
24133061
21980954
24841138
21395501
32427740
19955404
24887393
15962510
12433930
25485545
36614043
11448994
15483227
22264730
22460324
22671702
35550625
16734423
25554515
12388208
28277615
28418856
15379887
20422343
19388669
22907491
34265467
29118189
31249134
12391160
12004055
35317282
12488456
35007184
22309793
29230720
24305805
11376033
32105749
12042322
23485561
10648644
20195381
38680083
33330480
23360619
38302612
11744641
35017633
30793399
17530665
25995453
22020416
16962182
32429928
12372411
15337227
26240403
25521494
37635943
30604868
12358794
11553672
16756599
14984208
30909190
19125695
11076957
11350606
35250607
34953929
35100392
35765646
10797308
17392515
11896535
17551095
20180815
25633728
15208322
19242546
31892855
19424579
18489536
20050973
30227271
21895656
27537549
11990034
20810994
23494737
32929008
36744941
12771142
12133830
10958694
24670218
38810258
11744239
12917021
15378010
19041767
38692507
17903271
18952607
30947731
16648843
30820041
11327611
12181450
10628747
37054848
16632641
21053367
25228413
37632629
14723873
25232951
32927736
29139175
17489019
25726699
17616671
12432081
18328742
20802462
38712596
21274965
10692426
34126975
15490455
33630390
26807576
17707071
25774694
15637147
39193894
11114884
10965916
18035347
20530237
37428369
38481961
17906685
34124191
14986171
22419107
28349825
22136478
11239455
23135911
15299031
21478464
32817103
15123722
22628548
22345495
23200479
11147791
28566289
21992629
31329361
29243846
18424490
20067585
12506113
35366388
39091056
34790772
10964779
11689634
12176037
22473208
18176539
37166662
15888125
35345586
28130753
18267938
15546863
35118177
29791208
34848837
17714497
23704888
33774928
30109252
21151569
17085432
29864507
23716044
38956194
20739501
15794746
14741188
15226180
25972178
29474580
18815310
23941673
21851384
22173835
35907010
19946124
10764802
30355927
29621481
16446368
17761170
32641734
21255413
36643258
18358228
14568264
23762290
21805090
17403287
34868669
17760553
33757766
29882925
34037233
23592264
36877222
11470788
11226417
25078272
34830378
20570892
17971306
18006600
34837868
35402178
26365435
18188451
36611995
14648848
18784752
25959067
25973004
22900296
31251902
37101395
16950138
12915587
15591787
12513910
16299379
17298186
21245733
21805036
11836425
12730203
22588127
30038620
15070402
23606415
26887983
14564348
19456861
20154091
23321636
36963204
28027964
12016213
36273174
14718570
10888657
24839027
26669909
35247877
11040180
20171186
19363254
18506376
20516064
21177859
14761669
17616529
31057940
36801384
19826488
35275225
35023319
17579026
36973158
25388878
25326457
15264020
15601831
23583406
29459857
34387601
16181699
26577526
38342410
25411383
20739511
22308035
28688099
18097585
30181225
33498179
20063885
36335841
16087727
10590137
11230979
20211623
31932443
17345793
23271292
25206957
37020690
37228061
35581180
11304535
26618351
15638818
10660302
12226091
19176463
28231796
19839005
15205461
20132410
11099137
10881034
11698394
24328990
31078268
33838103
28904123
21131446
12198112
11149946
12768206
23521747
28456666
20157854
21439954
23812165
31911757
23919994
29564531
35710093
16478441
14536078
29980568
12759191
27690614
26774725
11884563
12198151
37644621
11696534
37052807
30887568
10962561
34410840
28608568
11913522
25060824
11390502
24702436
23603030
20946890
12709643
23888051
22851713
30173752
35646890
16225846
11859121
35890318
15713479
17159145
23108672
26024833
35764577
23831231
24196831
24453372
38819377
26989025
22427670
16509970
32735773
10715114
14529710
17209041
24497640
37811477
14986103
24586906
37293856
12221113
38347414
36300799
10873745
16055710
18367616
12388544
17597077
23135708
23376686
25224648
17122384
31934178
26562291
33013381
11741944
37478294
11687573
12351649
14623262
19427337
34255190
15936278
19201871
33811857
23190214
16531006
32632803
34934045
29643078
20880358
12107062
12481434
32703111
29796729
34492818
38311781
33407765
12399107
20088823
27197231
12054624
21857800
15188177
37479835
19047738
22629380
11716984
23793055
33532182
11342391
16085648
12606567
12054792
30367338
16784840
23974215
12867034
12427764
32497471
36579845
11805102
17379184
11842224
36330888
10706794
15461833
22822202
32391621
17989189
33708624
38708024
38570463
25728577
20952388
27336364
22426520
16478473
15146427
12952982
15163624
20562518
26082764
12368905
30241937
34238995
12904329
37953567
37871668
39287391
11377743
30345328
11809830
15990087
15173617
23817427
30013190
27175940
28108258
34337014
27266720
21792920
22241783
29708866
24909816
33435953
30688006
11239162
12813046
25015231
24905733
32169404
36635223
15100368
31853184
12832203
20679348
26618558
24697698
22829547
22383402
29371118
20538596
37166636
21718301
16256067
11856176
19501458
12526806
17894824
36690622
28008821
34499142
25483085
36183195
32587324
36980252
10830300
18423999
39016143
19416975
18723823
24550499
12970749
16969073
19658100
20702628
19098009
24755092
25957097
29587871
27029380
20978232
22766032
22719254
27026702
38279501
22858906
18852266
27980455
33417272
34093821
35928881
19020036
33070082
19521658
16519507
11082046
23690534
29907764
39089550
31928178
15254226
10837138
32542096
23537277
35428519
29295941
15145454
17500057
19692571
31752867
37375060
21997190
20719115
37127184
23403031
20691731
17851586
15836477
30936439
36437381
28933656
18037964
33724611
11470787
35034245
26154847
15016827
26562480
25022960
16040610
15561725
23510452
28668087
27613031
18209075
38560106
16621099
33127882
12631736
22719249
23613729
15096513
25501368
39087410
17803826
17412816
15691712
25428587
19843866
15572053
32604890
37626047
30175866
31615976
36348434
38850538
29752407
18440103
38870662
10815882
19830265
14716299
21391979
28827540
27342840
36474281
36420981
18171724
24060584
38409918
28667607
15536091
32078880
12771218
36730555
10980599
11717310
12066190
23173822
10744858
16174550
18802084
24796789
34751796
38865811
25149540
33413586
11707420
16161044
25332688
26596557
11078583
38159843
33349993
35119478
37221310
38894496
25683445
11779853
32093886
12379657
11588171
17210924
32401923
28576827
15972329
19574424
37877353
11978637
19878533
26321373
39078123
15862825
23692307
15671026
34174955
11353788
31534497
19152501
26751218
25352548
35259395
18471438
12793071
12473108
15071505
26000395
25292213
17554518
19422525
22410790
25164432
29356153
11713275
31354219
36739928
15308300
26677106
31306131
22705827
10839189
21112946
25740626
23948707
21937638
17848547
38864460
37599822
11478920
11389888
12657742
16508838
25241168
37271103
23185455
30407695
30146723
18272021
33675899
19422836
24589337
12432277
24391778
37220097
15251442
16052477
26951433
11956106
32671073
11716509
12034711
19188185
19627982
25653447
35689877
35570745
33391507
25277207
31081124
11745460
12944397
15280493
14722086
30195032
25234543
26178819
34231059
23231952
20073671
19181699
28383562
36807525
28941257
31413145
35704185
17161791
15962301
34525951
22905162
23076816
31492194
35164656
14557273
12730240
36233218
10814712
22213812
11841406
11251854
11600407
23497938
22554600
32375812
33522796
34048784
29930516
35576634
35499057
38514093
23349812
15642746
19910687
12611894
15910542
19665053
25071438
35280469
23065567
11500496
16226257
16522640
19778440
38316685
15869863
17991487
14972719
37810197
18505051
23047898
25665441
19350681
30670477
16399084
36257404
19735466
35440669
37857725
14527674
29284541
21325980
22659524
11703821
12927787
24344198
36657316
21245377
29082274
20702695
16579792
22391564
24867207
22006334
28819452
36527092
12917438
20808796
21757614
35715817
25578324
19530167
27390358
10948322
21704136
28901644
16870614
18587449
21569246
19411248
15452193
10739959
10899939
22553920
12176011
11571288
21888028
10816382
22005844
23807208
34891040
32306460
15579910
24164679
18190783
15757644
25990958
18819102
38825648
14727352
11585915
18582208
12446711
17072471
21356923
26446940
22847023
17658461
32667627
16000408
14718535
24930026
25808168
15975576
23979140
27259926
29190807
31364104
18765292
34638980
23595945
11376049
34523745
34363020
12019210
16205631
10958661
32141544
31717392
25299745
32985545
27001828
15263017
23422673
20127713
36126510
27716204
17084386
29768452
35438468
22508929
29751820
25055739
36680100
34169395
39060340
12493918
23929942
24713301
17965357
12431982
17922844
31318632
33558065
28075463
33131409
38994020
19580783
18160052
17719638
12387871
18652398
25245461
14652019
32525231
10962008
14588248
17270735
27872098
33509274
14761950
12427012
11495894
11929873
35569717
33139498
33313387
17019707
12095158
20395553
30825877
19939495
36102650
37386737
18665261
18008333
26691217
11733517
38180820
23280615
10980262
32308483
24374738
31723029
37333139
26463387
10681522
31691285
38023605
17970747
32077747
10898986
15881666
12606552
17114344
24626474
31279706
23251033
12370370
31102503
23201157
11356855
18976947
24021022
21333649
12631292
32422433
17374768
33464998
32512975
22808206
37215881
18458804
36820898
19294445
19622803
20472886
35039980
21820454
37122697
12082090
22916255
31694264
12162666
23783758
16873265
23986201
36502963
22790940
17519329
25529454
20850430
21771881
33527791
33331781
26982372
28143772
28835492
32008150
37494801
15195146
17471231
15173172
10934190
21420681
33160993
22759790
36401550
29100370
25871514
27594837
22779081
11948178
12947119
20444994
33887528
37811616
38664788
29543534
24444361
16120287
38012555
37001770
36577072
18265055
20360863
19679075
25211187
33654873
30544780
38901223
11850456
15613478
10921884
10906333
27716361
18791937
11991820
34909124
16704309
20519622
28577284
21276137
32382041
14563843
16168403
20371770
10713413
23152892
34311131
12882979
20546116
25822340
24587212
11089976
36376931
14500541
20591132
16240219
23874232
34659357
11882605
36160905
11724556
15972218
12077121
16495457
38695862
19262742
32268551
25631093
17654514
22327422
32065361
12028427
31121874
16179345
18245083
10873602
15944564
19396626
11238916
24819169
19168640
24769256
37709161
12787366
14570379
16261208
12165860
37560005
39182401
14673085
23684068
15364953
28105773
23056220
27221048
12815189
16516142
22768135
12147220
11552007
12660246
15070827
20554519
10684815
14653807
11574690
16272320
25249569
20833965
35747942
17490602
15121806
21378334
38503371
16324115
20635119
10734143
16257958
12821668
15932876
18180614
16543716
27267497
33234594
18372392
28510697
36951060
31150653
12233826
31526948
37211848
16046471
23098853
32765221
39080215
24651501
38952035
14712686
17873903
34660566
38377209
27787847
12417633
15806145
32887607
11414697
36791564
36750123
19710010
14718530
33704819
27653478
39109795
21310263
27926506
17705188
12208049
16113509
24710035
38234115
18699990
25614122
35509083
29395576
19684226
20553606
29298345
17022977
20692358
15448687
17342054
20194511
26551231
19622753
32650974
16729043
18804520
15039424
27938672
10925874
11802782
19074897
34369042
36082371
20492355
23053573
21924248
29513734
21063388
20601497
16164827
25753393
12796491
30634502
38246176
26422651
36828120
11825910
14610074
19057875
21746883
16541019
20195479
36131287
17848177
21625978
23933581
27639846
21115837
29423853
32140888
33688783
39267774
32705270
20052280
38148115
32642284
38432392
24516526
23220047
14752096
36016356
10617691
31953318
32248643
35958946
16843637
19780898
38890443
10749781
17563746
15541888
15674841
16542365
17355907
19156909
31656861
32740014
35120571
23349315
28877979
19833722
30740097
32538298
22900008
38536435
28056029
20439723
24885147
17697978
33830842
27744737
32086320
12210744
37921121
32690724
29725099
26491684
30926595
24023291
30429459
18268014
23265425
26476925
16874307
22020337
14626446
22723689
38878854
32384871
34105460
18617527
10681592
29959982
10814796
35719267
28348719
22160716
26972487
27869326
29774077
24140715
11707411
12574167
33863895
18587674
17417028
19109906
18667434
20557280
26671411
29038514
11137859
21940500
15610015
11445226
19542013
25734358
16641196
15857999
11389590
14647033
22968858
17295843
38040385
16125174
21175895
11853187
15691717
11218667
38305106
20668082
25724478
32788342
33052237
23332498
37345118
37671887
15711935
12837758
35358930
34950107
26011556
12151408
20849813
17868456
15537645
25398395
37461567
12840049
10767288
11504876
20064650
34287051
26753747
19627498
15173177
15750591
20428783
30877610
29881994
18183592
38295544
12842896
12054602
11983897
15620375
15371412
16983723
16229809
31322249
35181618
30550895
11792860
15043815
11739642
24759178
11435554
26452980
28539364
33618749
20836992
21858214
35986343
19249677
37140151
19141536
28032861
38225540
10783167
35357059
22025303
15194650
24518591
10805248
14748067
34395621
35965840
16169763
17456794
23637177
34423586
12175010
15606909
16516966
12799190
21998635
10940298
12804600
20079428
20155808
11593423
12413958
23696454
33703976
24451263
19234343
30928097
11104793
22266911
12192004
11714803
20824311
17316758
31534348
27627618
38690926
15532723
31363026
16294044
33060563
11821383
18020452
26345709
31213528
31537626
14960283
20192920
11578094
27771510
33495152
11599055
17070091
23722113
10686422
12634373
17498801
23134465
36589543
22855497
18070888
21515946
20215404
28603497
28462470
35525197
18161010
15240885
35583773
10727237
24506865
23091164
37214861
37848995
22084409
15353547
28298211
14757124
11809746
31541077
21358643
23284645
15837425
15908039
22384180
36941720
26168186
19567478
29484127
18772134
11489214
19488713
31058095
38797513
34387598
30510126
35979621
36606528
11555648
19241003
27613868
31639698
19609756
34699328
21335048
32968928
31481496
22291198
31659203
37797576
16126728
19731965
19671677
23362281
19305426
27486872
19367718
36773735
16940295
21783822
25174601
11823051
26661061
30678687
18171935
38361222
39225047
11854288
34474408
23105354
32603782
16242745
23272037
31165168
22027830
33995660
20200358
30280778
25198527
33117809
34379688
35354475
31847675
36096941
24441041
17325153
31292920
24019967
28734653
17825286
25469649
11336713
34813676
36875640
19168436
28917041
27049729
34712204
38924712
16474181
16434404
14592909
29684585
15800065
22764152
32853985
32016991
12859965
22223606
16460827
21971074
28469782
14749330
11743021
12871958
28931009
22378300
11278686
24062445
15135048
16504487
21607610
35216266
18493301
18796613
16140784
15918796
24942876
20084101
10612665
17671195
36001185
26497673
16166225
14512311
34018092
19715742
22573317
12194970
11948694
15094372
17202408
36766276
23625312
15362831
11159370
37800308
18773928
14638903
16809021
25854569
30606772
35234473
32446391
15184391
19479954
24393846
13129934
37078141
25026036
16579839
35475466
15388255
29082288
12368290
27405311
28902349
11889140
12033784
26896769
33387560
34157123
19667203
12874836
27297585
21955917
15753310
32848017
19797914
31031094
30280788
12080051
15187263
22200626
11748179
15967873
12087109
15937478
25880340
22514303
26637929
32417779
31302031
39103908
12724344
33993197
34278331
16751367
37889366
21130766
35107373
12032157
23024010
11350968
20098441
15777947
34914313
11711534
36203450
21932369
29491154
20351777
33297736
16179393
30684913
11408571
34765546
38189406
29371937
29464683
18565826
16129695
30640902
35579738
12121997
18061562
25892335
34650058
17640871
23359686
20109547
12921776
11883748
22525675
15350185
33074219
19336515
10895892
31451677
21901156
19797895
16757740
12927021
19185015
12224542
17288453
19114031
20179045
27335110
36183369
35411246
37240137
17217338
24631347
38566321
24899427
35388759
20159857
26169984
27735940
36587031
10921879
15027051
32021297
11775216
36608542
20952680
28065858
20071534
32389745
11222857
37925637
34229656
28343149
19074427
18299191
11689012
29782154
11279280
14697238
16756998
31481019
36856154
27173243
23683062
32699531
15231666
38165568
11982757
19430534
22927926
24098548
21616915
36152587
35526072
17030867
20606298
11106729
35635462
17251462
35608100
11894128
14516753
15294913
23226499
12057007
37691115
25468967
23434734
14680630
11711586
33177017
16501093
15635092
20066483
26041412
30044782
16207629
31497209
33905671
16973135
39103348
23646206
29437831
35237695
15247301
32879301
24161468
34268309
37460613
12434308
19339282
10993894
26550940
27302742
26184334
21278234
36477660
15572683
21142940
12750376
25816988
29924862
15117940
18507714
22116937
32266420
23456869
10819297
12024954
30483768
27089915
16963454
12042314
23376070
39270915
26930462
38057879
12606707
37860693
34865098
12527892
23169448
37689242
36594090
38311768
12520086
20978090
12167615
36438492
35559420
12624662
12759240
25434787
23465222
16115879
15781869
20676041
27255271
31962131
10612715
32317619
39289458
19439407
20178459
21742672
34006890
20482378
31736856
11880380
30315770
16410660
24423664
35076816
25230050
12531247
10653185
33760868
11205870
17700533
32511815
33177505
36823643
38813758
13679039
28608336
33677310
12087092
12653733
21387162
33472078
34373718
12525254
21951852
31731578
15362829
32526292
29150605
10712905
26297660
35419056
29224170
17277378
38668740
39132158
11134019
38465250
30415862
37025097
20226763
18582945
22845719
26828745
20042474
10974228
24942591
19828134
12013391
21152411
33177837
35619019
20933426
17380155
34023374
36815253
37386121
20174608
39050167
21737453
37104980
16963744
16474846
24721976
33251160
35695648
11894095
30467477
34978042
23063531
28910321
12386167
24137325
15930137
25113400
25952542
19054758
16330044
18519677
31908497
31719603
33975612
25970793
11895442
25836674
38504358
11584020
15223310
16304675
15339927
20978191
34040106
38105907
30526004
11292727
12721663
10764788
31923461
32428517
19891780
12604594
12139939
24216127
33972750
39239724
36984748
34296486
20942129
20227395
25647416
24614542
24764305
35919523
12821670
21304914
18754816
32194840
18521741
25250726
36344734
24361285
33875166
11798288
11331873
24568526
16681385
18853773
24458510
34470609
31281502
30631919
22599583
39120474
15887183
36963524
21998399
38653877
33109771
16899478
19481058
30032073
36180981
14508605
17959680
12515830
15118177
37184781
17631732
19571232
31669513
38872157
24245651
31501416
30275765
26407569
20419406
12084709
22580404
15252024
19932079
29494638
18784308
20427704
21068237
12154007
14685276
22013042
27625792
17148576
36813838
16164644
18611343
18249094
16200502
15632291
23691103
11513599
24614691
35957886
20160122
24167297
37302809
17561373
24214892
21986940
25542377
17993726
21567072
22858733
16332675
19134119
34427876
20927323
11466217
32200451
37169394
23305904
33469231
36963290
11250942
14742246
22781593
17196446
20145141
12445741
36030524
17616665
24353913
11829476
34996469
35025436
14701753
20370317
15777848
22362742
17259336
38811611
30032242
21057502
19292454
35093024
34689707
34999733
37737980
37061730
17173375
12782686
11181181
23574010
11592966
30205958
12237289
21045079
38300173
28211947
15496458
19628478
21700703
23904475
24569881
11818388
31143769
32584517
10671207
30403372
19371734
26433934
29713848
10987838
30407877
19322021
16049166
23387337
18403125
19187526
35799265
27834195
38721826
22426177
25890254
32083080
15109542
38164749
22048251
20871598
22004509
11242082
15894563
19584108
19372205
33733556
37915048
16241905
21356925
17184779
12040027
16595669
34112167
23387326
37640002
14625401
21699497
19541769
25542213
36499021
36611865
32990233
11050075
31201066
19764351
23671101
20610764
28076322
28887166
32267234
32316658
15797870
18427546
24326453
34086920
23417122
19657968
28404596
24191017
28911862
32483414
30831080
17217339
10954566
26169728
19948478
35166984
14519125
11394531
25337787
21871448
19068089
14599666
36147545
11260387
19302552
26494228
29901450
38239081
16634755
17557375
24699279
21990063
20498633
25401743
37099790
30003100
28273108
35338913
36800984
16849335
22080611
17234751
31640849
29659719
33304268
15364896
33116577
34061329
31025879
38326311
16371131
19805395
12699783
15492215
28928725
33172895
12927802
14500551
10823848
33418237
18172692
18298462
12454021
32485054
37886965
29228137
20875798
15699142
10783398
19702650
15229321
20651243
22133685
30926672
18818304
14718540
19035139
18158782
11113094
20097777
32782535
26045609
29895503
18785202
12917418
29862660
11078939
34511033
10799854
10686351
19131330
18718938
15654769
24333843
12065517
22203993
34330448
15329909
15849194
28396507
12023275
12085710
15674337
15694175
17613525
19026990
19557829
20370918
19953272
29634953
37105529
30341248
26969161
38577590
11073815
19864417
37540434
11779851
24101588
15056991
19403526
28471450
11238900
34179269
36515567
10900022
14610105
35217086
24391948
22909049
33042435
31996071
18274126
34848729
36305690
29243084
21147926
37152948
35205250
23454728
24690621
38850307
30851273
12945950
38653946
14729511
16101586
11290743
15355351
27075359
29162985
36336076
37051931
12949905
33977871
17297655
25485480
34453479
10895974
39033726
17595320
29868120
22102872
24831556
25393149
37096684
32813246
38880226
30355103
38579527
19332118
26132230
25555590
37864462
16123043
36821514
12949231
22768216
24353314
12836241
37939881
35881351
19706734
14977919
14660670
15308561
17186267
32727877
28333149
37381118
24833467
10940488
15982628
28060343
25130899
18443378
12834896
32957956
19959470
26643256
10875896
12773576
22232300
33677006
15090543
27856247
20460518
30745838
17405182
10798448
11309371
16203995
25326752
32626956
18032673
35271862
17617060
34391782
38777329
36082810
28827831
30266588
26404464
22644879
39210824
33441227
24648446
24750035
16008586
34983860
14736884
34965434
23055567
24597485
30042387
32629386
20236534
27185316
12799383
11305091
24954508
18193091
26366376
23325601
17622584
14530267
12568399
29312607
34981461
36170234
21909995
16490787
23703528
18727914
31114375
27033727
32376786
23521066
35074920
18945619
28737923
31218831
37302990
22637579
34931197
12833141
10764587
39013843
25427064
11036837
20049476
21556145
26453288
14645107
11986746
16027166
15194225
26272110
14769810
25813040
36087818
16760675
36822174
32969484
25339698
34193855
18675255
24326546
38182563
14602720
23900309
34463335
11901144
21527529
23576398
11724799
26420481
19109254
30257455
36751904
16055084
12626520
20163417
22521644
16973299
38816735
10933965
38429625
21360642
19696025
17053159
37380800
12177062
24903000
18003639
14582783
27974503
33685455
35535987
15177039
30586741
14505925
23297177
12486123
12559091
31286138
31371987
20180780
31738065
11000525
21111596
26908829
32557227
12354776
20086016
22045496
11316952
16036570
22745822
32183816
38499237
31416253
17594871
16049007
18312650
25825486
27548429
21148085
17392365
21822308
21903876
22558105
38494125
25976671
26180192
36555800
19196992
21772251
33445801
30581529
30711629
36721236
37838026
15840293
19238754
29366904
35002536
27528826
35278612
23590695
15086534
28523736
30510127
34610951
33813387
19121998
37589744
12743278
17465302
12479334
11687965
19368996
15265762
30758948
38008713
23328517
15843443
19091746
15294861
16428483
20606459
19405119
15867149
21969374
26036343
10735617
15811326
15905570
36475765
10938587
10954565
18070107
20225274
16682172
27707689
10683440
18793351
29777220
17532020
26722450
35692056
33129786
17510231
35293807
18418072
21307346
10957723
30259490
24988310
26407194
31794025
11376656
27105971
17188293
30154410
33071725
34782045
19682328
29760459
18067497
21953463
32123165
35291911
23800413
36307841
15489243
10819785
19201265
24506068
30577726
16007340
35024572
15720392
35696196
39073063
11709559
30894431
17151279
32308118
36794322
11207607
36138344
15150273
28796252
16945108
37424823
15916488
12896977
38041059
25872771
35599981
10708755
20299304
21147928
21762727
29950425
24395267
25638391
35352613
28836406
10678588
31416392
11322385
17635521
24019535
17054975
26836184
34722297
33474657
33817285
31921110
10817755
18453108
23246157
26079448
12812986
18339324
15673286
30718983
16581196
22521802
31041740
39037604
23239023
11831870
24727027
11875068
35543246
15215627
36327092
31256060
37689217
19720242
20665673
26004510
20349916
32544250
16777452
17318220
21282301
15226319
12672794
26482848
31773573
20388781
38795769
15157668
16049099
39106285
19532124
31214877
30476913
10644689
21655225
31850379
18420710
12939743
23824799
19625689
35133490
15518665
19129216
19325007
26538326
32867817
16087369
35279660
26670607
38850351
15955892
16497673
17545472
38763919
28670441
24586632
11929603
12205083
34341176
12087095
17283141
29520218
26308738
25127213
29872222
38320638
25157107
10950827
15078942
15330544
15258579
16817780
23205931
12970359
24755082
19724685
20819646
10777208
37466203
11101518
18474843
24412396
17636029
36803368
15695828
29594956
20228813
12080086
15084397
14657389
21858081
21988060
15057270
38384181
12671896
20971764
17474147
36672944
11429058
37539980
20947169
11749069
32170688
18758817
32162409
34247189
24688027
21509660
24084685
27357215
37003532
26514984
34478010
12907667
37336368
11181827
27345863
36540574
24947605
10660596
27402461
21527274
23512420
26853553
15192116
16263721
16452480
38056763
21692159
20403427
36054186
11729201
10653972
25565632
17123860
28145526
36087939
16458850
38193040
22627090
22183808
28245373
33965958
38445960
15527775
15893726
23152621
10820194
22323545
22166143
32196598
15280237
23339019
34980127
37132631
33684567
28242621
27517128
21864037
26775140
22916205
27613030
28796629
35993342
15192231
12489452
17195908
22484496
12782717
24748659
26020839
22879923
16179349
15604098
30157705
18841201
19182209
17553674
24502647
17365509
22895791
11448992
16135803
23050005
33225946
37474578
22187052
33849387
11775026
17405816
34304702
17012231
33176803
22291956
10903500
37759206
11602579
32141626
32693242
35298636
16054119
38112282
11988171
38237738
26463382
18231602
19501623
16413928
27564865
11058529
29927085
32750398
16542649
15607950
14651880
19223396
35395812
12421695
19014353
26645913
21986992
38148048
21738360
28477116
21689744
30677425
21030340
23087082
35710867
27026438
27845303
34001206
38493150
12381666
16948135
12767043
23804400
15964829
31295463
21266252
24752588
12938160
21851062
25917893
34858481
22929228
12200133
12197116
17310067
23213482
23968395
28246125
17412650
36444616
37119877
28423025
21723611
33574702
23541617
34024231
11953451
11997330
19135167
36229925
35303054
11445579
12421702
31068676
31243884
19686745
35730903
18559431
20858899
18644989
38842204
15269182
17727679
11181067
11802164
22613718
35865489
34988077
22898815
27693918
22206759
31054180
15036614
31270237
21416500
11829748
15254223
15469996
23233732
11259186
11564672
32995471
10854424
17662846
25659148
31899207
38456228
29973605
12915997
32970880
23291621
20237389
11218651
21422206
24603905
30510128
37722013
11438660
32235005
25111180
15476221
17145502
16407317
21849678
31639760
20039696
14638689
36509142
25466890
17151020
31200745
36302035
15250494
12948916
12435739
15140879
22511869
34439793
12655602
21205887
33000523
35583911
11444983
14724577
23788323
37734200
18276110
10922061
16174773
11748222
25107562
34022433
38744201
33429084
34668724
15292261
26472337
35503771
21240662
31598337
16045627
32243476
36709365
30335684
25743379
15247908
11309236
16081825
21156189
10698692
12651895
15684660
35570267
37467889
25335169
17277885
23695170
32801562
20734274
16210649
21708174
22190306
22245425
11733534
29166739
29115526
17170215
21630272
16814101
34343641
17383426
20882305
37476197
11796490
22912402
15282207
23653187
28547582
34453780
39226825
14709738
21504894
25961570
18205788
15314690
35296099
15247319
20183869
34380908
38308641
26603559
17170226
11158202
14630941
15772131
32384141
21737340
31210410
10950963
12855682
36898832
15078542
25650780
12082095
26979866
15062104
17394548
21467580
38970106
15166226
24438684
34132431
38515112
30016968
11268216
35253306
16239230
18811945
28465528
12506120
11766318
20802179
21043038
20668652
26575173
11438648
18469861
10873094
26777664
16263087
15247416
23318637
36399275
34058320
12845632
29075761
18806828
26861050
26803631
35339891
23990920
38507412
11790768
21883225
30733335
39256359
12839624
15914543
11495911
39034401
19660384
23351336
32060985
10717845
16968747
11238589
12227926
22069480
33295873
33382878
11854514
35593990
12176960
16569759
12237292
18955027
19414753
28152594
12896970
36114572
17222799
19104008
19047197
24596579
35138177
18381814
11035932
28615450
20919742
15100233
23174997
23100250
28115289
22510613
29321307
30954225
32855700
33427940
35847440
31257146
11106571
18519746
16785446
21145359
21527199
19464661
22810421
24602337
30290153
18927491
30528490
25869668
35013106
33687144
19476498
22227104
30358169
15975931
26574893
22430225
14699129
20980497
11553013
37515338
21718540
27723268
32147468
34373330
11726537
11922769
21214942
21454358
36718671
22653047
15314030
16439552
22308379
30009775
12589048
17257598
38575732
16710311
29958083
18369977
30200976
12646121
26376340
10946315
33017185
37724122
19479859
11199792
18248908
12708775
19383294
23318105
34168813
11408585
21397011
27105840
11739384
24828882
29970115
18511575
19930467
16429314
33496827
21514432
24241172
11115123
20215118
12759355
23280308
17177966
30214631
28027695
31261750
16432203
11080276
23834776
25690658
26018261
29651904
29996942
29861421
19364924
21699228
26631741
31794005
17895996
24085465
28890329
17394546
16943309
23711415
12110520
19126676
30584103
12150202
27888997
38729556
37968728
25016091
28851713
12189134
17308064
25130652
18973764
38744338
33182044
26336092
12660161
18802055
15292208
17724342
20734387
22280104
25962407
21933451
16882675
38400886
21209200
22679508
22922762
21619484
31801577
15527420
34634443
11084873
35339490
12787070
34976194
31712270
11196700
27725113
10718175
16624338
12967569
29697001
36395886
22406437
22361730
37166548
17355961
11927523
20926557
25374123
35818332
38311632
25301068
39061141
25096499
38822145
21994451
26696122
11713281
27826658
37795104
31152061
31539181
15107832
15799974
14679196
32595659
23713588
26982473
29575776
27235792
34922580
37169021
14573612
12540841
22410782
24343737
34923631
20735358
21697368
20135880
31673824
16400034
15117958
31269433
17259614
19279328
15178429
15694837
17925540
22906080
27812418
23233674
28632030
12023901
25249581
34389797
38007240
15576946
35894144
15767687
17079732
15978586
19440308
11343423
12399611
28724430
29967478
31262713
28295363
17003286
36636478
11543740
38364681
36238569
28785175
20564219
20123019
20844192
38014838
36284386
20126274
27108190
26166433
10693938
26132882
17332749
21037103
12692242
22311637
12138158
15280384
25397678
38918809
14602821
11238851
19544563
39001607
12644305
19670232
20826785
11316790
23995081
37633081
18032511
20639351
34565303
20942124
28498635
21356995
32768951
17587331
21520057
17065437
23038275
33400244
11780459
32638210
11544254
20512139
11907324
18467363
20881041
22814252
24598770
25576055
22021095
22745796
28661483
29580991
35493323
21047772
21851623
21659924
10748165
30699097
16158050
11574543
29976202
15699339
31772652
36569763
11438536
18034781
18503409
18828053
22764052
11064452
12584189
12368503
17355877
20976158
21720547
15234982
29179704
21671119
12105859
37463214
19542546
28842898
11707412
18428638
14962484
23390083
11606570
10660574
11857403
12374216
22188783
29704153
33401649
32425917
15715054
37616250
10810302
23690480
25060629
34532539
24998203
15790964
20926146
12766176
15141163
27705791
23785149
12386810
12897072
19489080
21070404
21710689
21440543
24621957
35474446
11985868
20219458
34113943
12637538
17406664
35586206
17486057
25668122
21242994
20374249
12025230
12063253
33570252
22071694
34167023
34582111
17893167
39095793
18228326
23184467
28655759
15351715
12047747
35530496
19563921
22786724
23041287
24145401
12060584
34001131
16421204
21871179
32232831
12115478
21683262
35282771
20081861
24272908
15525327
26583143
36401176
30241482
22430153
16452727
21816224
29846116
22426999
39098513
12801526
16814162
21599470
31923473
38797335
36642732
23874688
14755080
23516407
21285318
16434471
26215665
12913863
17336396
28713921
19762465
35835217
32763972
24485922
31755615
11116524
38260266
12925778
17908237
11520897
30050113
15753088
34595275
23460925
21736733
16997974
12207009
37609036
12027893
15855653
22164242
23028856
21411760
32161169
20925052
29326130
25526379
34572355
24006493
22405206
29510333
31377809
16524564
36289917
16740636
33965509
16987004
36717220
33425718
21306301
20709748
28874536
12626424
24418105
20682773
14599294
12808105
12824047
11756692
31933521
26552686
11054412
21187684
38273746
24434591
15899841
18827008
11139588
27438777
34748128
11909874
18329017
18577747
25956399
37083330
22488727
22539964
30674889
12107170
23583905
25399018
33028359
12634056
32562308
21725367
12239221
11217387
12364336
22339411
32013110
12510191
22046231
31112333
12124445
32433485
25240060
11564758
17501982
32698160
32860838
28531892
21314132
32485969
15703204
32521454
39286844
24189459
36911368
31983428
11037883
11035034
18065769
33899983
12220225
12861023
23637406
33677796
34084286
38218898
23651845
26075496
35358781
17341585
18951877
21259317
22010828
15518545
25342745
27752121
33072622
22382022
33748735
34434877
11727255
16782705
23720348
23888052
19000756
38017546
17159228
12135791
12183466
32987815
14621993
20664575
30291843
15557468
15292243
12417715
14645156
15961400
16030260
20719884
23874834
33408118
25472873
33301219
17314168
10680843
33558392
12368361
35366893
27058235
29088765
31228513
11518717
33352703
11022045
16682465
18611951
20688056
36171198
13679040
22753949
15670215
24248596
12897406
16118204
12601814
18281375
15788397
28903430
37713627
17590346
10868795
17064772
14754892
16543228
33228782
12574114
23209295
12226101
10722844
16046406
27541004
21693523
33368632
34943047
32198976
19293153
35754468
22729084
37185839
31438886
15781114
11815750
24561116
15158445
16842597
24390475
15572663
25410875
16601202
17953675
22147503
31112282
34273068
35356725
20665729
19603498
19249275
19885868
34067359
17728248
18507845
20089655
26449453
15710625
31520776
20714512
22593156
31534349
17292568
20351317
21284937
24082398
24178568
34743181
23416045
19584259
18930123
33754069
10871600
30168069
11279240
22748309
15364910
38669868
38341080
37158446
31885313
35863323
31372032
32047552
34145929
16373505
34532457
37775817
23097745
34901322
11104769
18997087
18778724
24959709
17961152
20181942
38268032
19624469
18086915
22566688
15059272
36480520
17016857
24650428
12192052
11054541
29124216
27015536
32798559
36610331
15357954
33622094
22433979
29048683
34039974
11485565
11981840
16513654
12975363
24920356
25023701
35844489
30799685
18667693
32450789
23280792
16820530
25205765
37957138
18156218
16113046
15169789
20386496
22976837
15882978
32054489
24107965
16914488
12958175
32010635
23252462
29508533
31566563
12879763
28032931
34359912
10734230
22666460
12595760
23676219
32528069
37073559
26311876
23395637
28450392
17516105
14593100
12218049
25043761
31091162
36233293
23697381
35993942
16234243
10682853
33849599
37828232
33988244
38033847
16638969
21321120
25640111
25569378
21900267
15474493
10913312
20375611
31333497
36952199
17229547
14739777
20826196
27926928
34995814
16022905
30585151
27741411
14576316
36160705
15234345
11179975
38781120
32070042
34165668
35794855
19684969
29806702
34906880
37270527
11282029
12054652
16025253
32967481
15944398
23224938
15962001
27096551
15966901
28076326
23911878
38917519
31541456
37652294
35997022
10903919
17546625
34082777
35557748
34247243
19139095
29039447
18695732
22160571
15306129
27879259
17700531
16793775
26493188
17429181
33869744
35397426
24473091
37823420
36171880
11118433
22767186
27787844
37747640
28179289
14985127
15576849
34557266
19805480
33637705
12600989
30141035
23217170
17255359
29982983
32914507
36270986
11573249
22773830
15473955
16789712
19307176
16086758
38138960
15473137
15166222
10781611
22709907
30079798
34368882
21356188
34390075
35461746
33084439
14688255
33360969
15448134
35252218
13679614
15210114
33051481
10936671
29182677
24244333
38782303
12093363
23872059
28986262
15239126
12177201
20634199
31883280
17892496
25155365
17876056
24615360
29978907
35849988
26151859
19283086
23498731
16730713
17971046
11564863
12773479
22331547
19266078
23741051
11888245
29716990
24280214
16802341
12151521
31581051
31930599
20200270
24284322
26169971
19079139
30826748
19302979
12569083
16855632
39169625
33796087
31988263
24778760
34789248
15860571
26818663
30006956
36572921
27760137
23266639
11823534
14584611
36397699
16481464
15287900
29571256
22200499
31178959
17573823
10975987
20049854
23835259
26195630
15252116
32685017
31981628
22286137
36336785
29236257
24441571
28388579
35226379
35324517
18478076
36965032
11665978
16118209
11743695
28127848
30945251
15037615
17065388
15913554
27017521
12297505
20200353
11311142
11896602
20825223
30820784
20007547
31214156
11399029
22811528
26080028
12442534
12399457
15604250
16969499
30033487
31191656
15475366
27634189
32152404
34158077
17005694
11400350
34586745
12650639
26446602
38232540
34614401
22302543
27974247
36807271
20601427
12833137
10800190
21627841
11134536
22811355
28069035
38816989
23365429
18477472
23840630
16613847
16157387
10830216
38906316
15372071
19949083
23901138
15537829
19896466
23846495
28028037
15774476
17020940
23343624
30641223
27489281
32445273
22242123
37445813
30884219
29549047
30374086
30536379
38546290
23913958
24778152
30108200
10942405
23381138
38407190
22713680
12719376
18929742
15110257
14653992
20147973
18053989
33050853
12086864
17934516
33825541
30565142
15615721
18223681
12963717
32171255
33817315
10859300
12861007
27148961
15317757
12217958
12130530
26140185
38622688
31897348
37636387
31427429
31137016
35513753
23943595
36947363
25564559
11441023
15937104
12525704
33420993
35084640
15656793
34354990
12499775
20023214
20585044
28448979
16368551
22095531
35872015
37164015
12098780
16401764
29884818
11401869
12568909
28750255
15822938
17645729
22436695
10878382
32640697
31957543
33440987
16135962
17443672
33875577
22895790
22108332
19043453
16730745
11514630
12507520
29301020
11669454
26294408
29344293
22242185
35957622
18578694
37730964
33241976
18987183
32814880
12196561
10685842
37828032
14561864
14573392
23012480
27791001
28699703
36158888
30132872
15331416
28106162
12221126
11238443
33736615
12826664
17619252
16148947
21419175
36720357
38423163
28497337
24576892
36544350
20727515
38940656
14602724
21951644
12151385
16159882
15388793
25969448
35095980
17144902
31595558
28768163
18341635
17540773
23302878
25308496
12353262
23938469
26026873
27100181
37398139
15635093
15246877
21474795
19035278
20157251
12511568
15580028
27424526
35583010
28677644
18436806
12882984
19137009
11734998
12351681
15656913
35876480
21865391
35765979
17622612
11264341
26963794
25514029
29704436
30296409
12853473
12505306
14960583
20138175
20940394
24980764
34529353
12771214
16407246
21343429
33944932
35195960
11171116
35661832
34784010
11479278
20436167
25290666
28822840
36279662
12812979
29508175
33255974
31393057
33164878
18479397
37501238
37494814
21262961
16426569
26856698
21799002
39191354
17785413
36711476
24983867
15857395
22805650
12051831
11163645
18483253
20946687
30153853
38724005
29431914
24508597
14710193
18694994
14583602
10777697
20739294
15618221
34178135
17848569
19167463
11739460
19106809
26925785
34555496
14644092
12897132
19404567
31195981
23033967
23707764
11121380
20304996
14764652
21911599
15611114
19295659
12522103
15840654
26677620
11718716
21289288
29807053
23121659
31054272
12415000
21107478
21496457
21915674
15522985
15908431
12668872
11812855
16982896
34810232
21625644
20111736
10967114
17308309
21905705
29871863
35152839
34318654
25367694
22232691
29253592
23147113
17098902
12952971
34685704
18550538
31474961
31447818
33731671
22798672
20228252
20807314
12515852
35747214
26868487
11971960
17620296
35227287
24741567
32106863
32792481
23939471
10823658
37203394
17065225
19057877
25922484
16980309
14570901
19244212
19156195
29170129
24033190
16954219
24475167
33413564
32902216
28131828
27758865
14660604
24643499
35412242
16764853
20181289
31949720
30755480
34123772
30590220
32041776
35593504
16037064
36078059
31631405
11805081
11382406
15136578
12620797
31751605
36522181
19918125
22334672
14648690
15828779
19953551
35635221
23784558
20531396
11278283
10961995
11785959
23583757
18665193
22911482
32283566
34079457
32634060
34329441
22096607
15501393
33387482
20631319
36688533
33931981
37150421
15869739
38395446
15054106
22610096
38994627
14570904
20729750
12951324
37955537
35334246
14960564
17254026
25087613
16302275
20530530
32592188
25423367
16551632
26676300
21274509
15811626
11278790
23938235
27601625
11050658
19696073
22666466
28493974
36840500
37196136
23740836
18289516
35790377
12431985
18331351
34239873
11058101
19783662
30223276
23892143
34096602
37740460
12364328
26235987
28664914
11162638
38933700
39148092
12077252
32522805
20930307
36232745
21553564
19955176
31241940
32764138
26897631
34541240
15703181
22355335
25427836
10790371
16480949
22988298
29527542
33144694
20154269
34050453
17403572
23175440
27847332
16989733
30032357
12551873
19369455
34746123
26658951
34512754
37897586
19619588
16751624
27411928
23049949
20609902
26508735
10840040
32147621
34076871
38401776
23986590
18465251
20957455
19292870
36511424
31437529
36110943
11509179
36447815
38287009
28634422
30623524
37312219
24983628
31002307
29884940
11753986
25737303
36343628
32218194
27924484
36869179
15467711
20459685
34057447
24884509
32506167
17675514
24518284
19223015
14744149
12875654
24023801
25678554
30317923
30569211
11077439
11896162
33355669
35080104
19117012
39267471
36052226
23329482
24727892
27671232
35071464
16380082
37845336
35196925
22402632
15777705
25904157
33356946
12161887
38182896
19228980
27285126
24356419
11279181
17533042
22511630
27013469
16413275
26855187
12783858
21533244
21212414
20123020
19587294
35266845
39053607
29107984
16288210
38959551
17548353
11373296
18559951
19575471
25823026
10748204
26523832
17123030
26982821
34239356
37234237
12925569
12198238
38955164
10979959
37532113
19438225
15546961
15014070
30897319
21407826
16424153
11172914
24927197
17473376
32273729
33118833
32176291
32573436
23123191
18078954
37441604
18996445
24191046
35619921
19874789
34335955
21147983
32289665
33929991
20420697
37005481
20074551
15862297
31466283
38965708
15956605
26147011
29380325
36913067
36180689
36876296
37594126
34023283
19199100
11114718
15963257
15016828
16503395
21525334
22653752
15601843
17456438
21272002
22286025
24368808
24993425
33090494
12856934
16149050
28439624
37228401
38839936
19106476
18772194
12711607
30585996
27010746
36907131
27439572
32514249
25602802
32867128
16546233
18331827
31960989
20097955
34285704
12372426
29382863
12202038
22084092
24141779
38478015
22567133
12105200
14594945
23412782
11846797
14618264
32802186
33425493
34846848
29691989
16871806
11596117
16115960
37372954
27739660
14561736
38586048
15454532
18160438
17406226
23061969
15470197
15313016
23023169
19141611
37709832
39261363
21737627
36220838
21198641
20037823
24549567
28938016
19576201
35487244
25821070
37670006
14531730
36634459
38254638
26679711
32918541
23907041
38167488
33907578
25725070
20562096
31618170
35650603
14536080
18576146
15911088
18158319
18499457
21441463
14741357
16769695
35456317
11278329
18079174
10925878
15826144
37350830
34365964
18088406
15593420
17178910
21614075
16428763
22975135
29321326
15166247
33932953
39087558
37726816
26336990
21115610
36798305
14767477
17984088
18479102
24397284
30176933
34743203
16198325
25072993
19906679
11274386
23695213
33367115
23593319
26367078
34633777
12538003
25621430
37462038
12897071
12665531
18042700
15618229
12059090
16473626
35087827
37436447
25368151
12181445
16199535
32924985
27322249
34765272
17107962
12973017
26548852
36603024
32632272
35920168
29248373
11855836
19526291
28760995
12944372
11159694
15643275
31003187
11860945
19277504
27600824
32774157
30350722
30404641
31812977
39015499
37000116
14633633
19605937
17012229
38380957
29127494
31521690
20940301
15494734
15136562
28487373
30741586
29203416
16438930
18279656
16431970
11134505
18332861
12765473
15492506
16482622
20484627
21602932
27826543
29447976
35264065
32943922
16780216
17306850
27647936
31517388
14576337
33945401
27632941
32873879
34183642
25842852
31783771
21482768
11702013
11030652
38771465
35904110
33505960
35152003
25719862
31741053
20663914
25564762
34707498
36153499
17617583
23499740
16236309
24395885
18218704
25944062
11691914
12219009
12167272
38659080
23945942
19713034
20012673
25849110
15492812
16921169
20460104
27232334
32751343
33579362
21282643
26876283
17659869
34092977
12847250
30205161
18840695
11274757
22855824
36469488
35398221
16195468
33657465
20144672
12097594
16123041
37227549
17916631
10729210
22446533
38791992
12646183
20138166
36471428
16954386
18202522
22554618
25074242
26915821
19536270
17876052
27935186
31634519
21303733
23235156
28484601
33429173
33563338
10666040
11786228
19117013
16519508
14689042
16501611
15309736
11747368
30916117
33544003
12824888
34568326
26722004
30831144
23132541
22665483
36130923
15303970
26631628
31228231
34296800
28143980
17204555
24047207
12730092
28559572
39003567
38782756
12117493
10614649
28875950
19263522
34777536
33735116
31037147
11470915
33370579
20467782
36192574
36738481
15031288
28075616
28622293
30980393
33585440
22427510
25097251
23444377
19490146
18420306
29128403
33515365
12524525
16207137
30548190
33048454
34852229
15253425
17629009
31685029
21463603
16002472
35568845
21525390
16494915
11489906
15000846
23769981
34983308
16407410
20100830
10720694
38988519
35978511
10679481
23055941
25059616
26077647
36232922
37549548
15226435
32821115
28837148
17595322
18382279
23835137
17003489
19140679
21866278
29261728
29531021
38936058
34227151
23042607
10762069
22491943
26002194
11056532
16336193
23595764
12134162
38926592
14550261
15590835
17384191
21789855
32495824
35637330
36061355
16581800
24048450
39023191
31264206
31826237
15715669
15065871
11944718
12748184
15044591
22315009
32436359
34095464
20228223
30556867
36476345
15509657
19585514
20236934
35332432
12090248
11121407
16753167
36072787
10901618
11917148
15642748
18701478
15760907
18480380
21285006
22238675
22805309
12576717
17275357
28182009
34093648
16236800
26084308
22078707
23820130
37427415
39089637
12234962
23761911
29518096
10958975
23836902
17287512
36973582
22504299
20417256
16381004
11250905
15178679
27956528
39241385
20179245
35513835
33092790
19223600
17702749
30585357
12438588
25088258
11696545
21910160
20858858
37073130
28839360
34166766
32021281
27048655
25903820
11959995
34473230
29846699
12604616
31888753
37004403
33929992
36825757
15254224
15252114
16170375
28056051
16227198
21124989
25161875
33684877
31098334
26462148
36343550
35241660
16831087
39102972
24775912
32783282
21335425
37854071
18796306
20144988
29550215
33730643
35890137
16473630
15944382
12753082
34013328
22927980
11408579
24728453
11739123
14742719
18511071
15556869
27462375
37806007
37112912
18598755
20663861
16828461
38859832
11204565
19378035
27486780
18971269
25522242
26795142
34249013
27014091
23542348
37169209
38413375
10830164
20181665
26478008
11416002
33213523
34882112
12101246
21163528
22962268
20352103
14527696
25487856
17036319
29527418
28993251
24630719
26980769
24496621
26038556
25052094
27145367
31814986
38002029
21845515
14685270
34130530
16569633
26041289
16227602
38279850
11872163
30282777
17473213
38403934
24406162
28848503
32273943
37451673
25720494
35523945
25264192
31696483
22784289
23581019
31548319
26917099
33490132
35708735
23171048
24260073
31836665
12221112
37016317
29693707
34363810
27679741
19917667
37279475
16982613
16444432
26449409
31183860
34843896
30308519
11256624
17892535
18656213
37087547
11230130
11696541
36136309
38832923
15573378
17965176
35527543
17126905
11506080
19895315
14645227
11372677
22266867
11356008
23015700
17273768
36672258
18478096
28751315
38886911
12670936
38049827
26075596
19910193
15469901
18436016
11447115
10777511
19349376
36107005
34694619
29760951
17725389
15025427
26722046
17604003
32768240
17207582
38351332
24275661
27376575
14668338
21698000
18600551
36293540
23457570
34517787
28901482
29371964
20587513
23124138
16105843
38958464
18370235
10934149
30562743
17897391
21969569
38157698
11200939
36168302
26962949
14688282
31335317
32211036
36938811
12133914
32594303
36273448
18729211
18842592
20731842
17293442
12458213
10685807
16949053
23965991
29093242
26739387
37807062
21233287
32252787
28720704
24454792
30150300
15234980
21494810
27471471
36357940
24390324
15536087
27127173
26260249
32863938
30480480
34901888
37287450
33167483
15509854
10623479
12767904
14707098
15703440
16387833
27389544
37094861
35109842
22468987
25539735
33194625
10704213
25790475
32336952
37323634
18293935
22247259
15047173
31512787
10999947
20070253
21705495
16186509
19571258
14572899
20964629
11591705
34903139
19215767
37417384
36068514
20212506
11834728
19917688
12579835
11792389
25938538
14506272
33477970
25099735
28839270
21072212
32047449
12615066
23918659
35524161
12527932
21775503
22514737
38987474
35194806
15668237
22647378
11557750
11932951
22732217
29976560
33500399
27957331
19106094
16455653
28321273
30967537
17223256
20428780
30596969
28619163
11582679
24393626
21378754
26945853
11201792
37543570
22211808
30482227
32828510
16805806
20410234
16472779
12629642
15718228
11114301
28819418
11997318
12734207
12665526
18697734
37646218
32786109
21239494
15276601
22438571
16228294
20724525
33839455
33281799
11351280
22304422
12810531
34590683
17442267
22301158
11748230
19495794
37815895
16513638
15611116
11960991
11969251
17442413
27974641
31001849
16443786
16027725
20148945
16647056
25078082
25589636
10764601
25712868
26218215
25232017
19414587
22525502
31953437
35619689
12097589
16227623
17115418
11731617
26135106
17825233
26438826
16225871
12207013
20813835
24899704
38563050
37601820
15883194
29718378
32934085
25827227
17448893
21134400
27712144
11470830
10908297
12138131
17084383
36459147
23284724
12692330
12662311
24941761
32116109
17237785
37024466
38041497
33000910
30234028
35045525
38366839
19276677
25837398
11340111
37865750
23267066
26254920
25211222
29129707
33238047
36288343
29279317
20419088
26362340
22513056
25402745
28394331
30368039
11502838
21295277
12297295
15724247
11571302
11150004
15489237
18776063
25069505
15148326
19404750
11533237
16407140
17494555
24803672
11966772
28294307
16049941
22288397
31273033
29997217
38780513
17996727
20695766
28101374
17692808
21363884
12707358
28612505
17384440
25182768
19805280
15184390
12947106
25519910
21911601
11095941
39234594
23554573
23307288
28004278
17329592
22561705
12958023
29262861
31380842
21772844
33122622
19725809
11254741
36691044
21834013
18955030
37605223
21270425
31215164
14593076
23043599
25808678
36495291
20833720
19609503
17314161
37992812
38589413
30216438
25218043
34914972
36769025
33469364
25561724
33209610
11001404
33565155
12649288
21665991
11098054
12370184
12101019
29089548
15567178
20964562
23440515
33981845
11350630
22330137
37699883
10894149
35964097
35858734
18362156
15753125
36608833
36438474
19435791
37580991
20149037
22366472
30545631
12824528
15161916
23729735
38547310
15039447
32760060
14623119
26342464
24891319
38086436
22791334
22866144
23206705
36230802
37865081
33673130
26700769
15115814
16169661
36497174
20930063
11410677
22415970
12729733
20872847
25708858
17710245
16390104
17988375
11331870
32774709
19397879
36769003
31911435
33010000
12444118
17030088
17333357
18519040
32559621
28878794
36293168
36646958
38341369
36522683
10674403
11027833
23068106
16327493
37953772
23636254
30195228
11278865
15358554
37353944
22291013
38902772
35083866
29031715
33049095
33755848
19143767
23325550
15152051
26117269
29138420
22437941
20421296
25270370
16962558
18281463
20799926
38482382
16311601
18997105
27250035
39098733
33642868
10882740
37308993
16253958
27639965
24469035
12529373
30862473
25394487
36524461
35273248
22379094
18774960
20973479
11079373
19626675
19266280
36933397
25644017
23881403
33895173
23419774
24134840
11045001
17179181
15313013
22470417
35395545
12649947
11283950
10886513
34044823
11222720
15958383
22709582
30982342
15935772
12101238
24425059
33659423
29787759
38948505
26430246
12121972
32404195
31659693
38374082
16669628
34597997
22337587
26816005
29309682
30081903
21801384
22997150
25206467
38195465
25041846
33824458
20059963
30881868
29208667
29231251
21843504
32587776
17142836
27481513
22027822
20957756
20144149
24341089
38686625
11226425
25363869
10633075
27751885
15483670
27903967
15640163
15385967
22905193
22728771
26680417
29628506
34527562
25189211
27256505
11825908
15210026
15572676
21195057
12763287
12705893
15447654
15767254
21945581
34382410
20111909
26435136
30867905
37926298
11723238
24588766
33918759
22425623
15046226
12236581
23388179
16595675
20856196
25264226
23769735
28597972
34536269
38776134
23417677
33505161
38617545
12063248
15331637
20231289
15793306
22745193
21985251
10942430
15288650
14724820
24036102
15995627
25278026
27074040
28929587
30302550
30868890
26971467
29337145
32268958
33191203
24260494
35627232
38783095
24183939
18753613
29855967
21079765
36216119
26077719
17140405
27264994
14557665
10891589
26655813
38275747
16793363
15367624
12820173
23073616
12171915
38230456
30901874
27091695
28334007
16183993
23351747
23254564
24067654
24963029
11934899
29455276
24821553
12034743
32922073
37072933
12034747
14519764
11323422
11376011
24412152
16762978
15135063
31707148
33004613
25877872
32066502
18401342
22072305
10681545
37344779
18985678
16099106
20976196
30953699
20547223
19811534
35294905
35351852
38193984
12100036
11641429
25875600
33844457
19103427
20659473
15322371
15998638
19458052
16125726
38642053
24142719
15147973
27603133
35681212
33380425
35093151
16841247
15229220
29407444
37792549
37204251
30728908
35530525
20605920
37492947
33549106
23746204
27711202
16706842
26673821
28827793
11593419
18294815
19020038
32936798
19098309
38964745
28630209
22216266
16301681
26911452
22959909
31395339
32128976
36622698
15753368
29671763
27145134
18950639
20594262
38598971
11716783
19534784
14633628
11168182
17525220
24291882
23956425
26824991
20503194
29499765
22216007
28649092
12951199
22409183
19843317
11390605
18797192
32883538
16781755
36004462
11570498
24962073
30700649
22094095
32817212
33370431
17913813
11309486
31291980
38433184
20962227
15907924
20506493
37478627
11293676
16253346
18338784
30539562
14500726
19269634
23516577
27629141
22170070
36872468
25582852
22120635
38689292
21028912
12473119
30001404
15146057
18235101
17658474
21268085
19039380
28586010
33484966
39113208
11139495
16449994
30887698
14566935
35280730
20435932
35306630
39055948
12189497
38505873
16611630
16458870
31395655
11733189
30243022
30278184
34815803
11691833
19424717
38522716
18042541
14960569
36760243
11150294
38062753
14701845
21330366
32778640
14985295
31934174
34151245
34985694
36871938
39145009
35644421
28396433
32958557
18028879
27438994
29298775
12177294
28674184
12019756
17207566
12473100
15607425
23169819
30204409
29377445
29615517
27857056
18949405
24157948
17823125
21521695
18952894
18349139
12649290
31294106
37643881
21106531
37182452
15181016
18442472
35999496
22891239
23637832
26801887
16223726
12296393
12167644
15988066
32889894
18537967
10689671
22381732
16213816
19322197
16365045
30867003
17460905
28270225
33801226
12897373
19464723
22639965
20066000
25080905
37169182
23166793
12578310
27993971
20676134
31902237
38445356
17188644
36520532
15940673
12019718
22833150
16461767
24612608
16189010
10987831
34091757
25926686
30232276
25824372
19835572
11152963
15890964
22308745
23640307
36841265
35541914
12446846
18922799
19052921
36795772
37919739
10930660
11457730
38290780
21987377
37399401
21695135
34418457
19845480
30632760
35215908
30084341
25351247
18986301
39227687
24621058
11149931
15217401
34887922
33428137
20953201
14712664
21257509
39214171
12783862
25047048
21093280
34774047
33114132
23624389
34183035
29614490
21126371
15693946
12414813
25422419
24567378
35158210
21270162
22764264
21463338
23051728
19193861
26646590
28833817
28043299
19846663
20613939
11598190
35743010
35130104
17277084
22869582
32035328
33195232
16263716
28926138
29408361
16602710
26116211
30066934
21427212
24498361
23889739
26387716
21237287
38825958
20682692
26215634
12663673
35303678
12832513
36194200
36809979
25650830
31808801
21545853
27071482
24529829
12691868
12952965
22940854
11257307
37418591
35836260
25871543
22310721
24271390
21625594
16151017
34017830
15979056
15355979
30004146
30166526
38296463
38340793
29699848
32969159
37349820
24484965
16299167
35590368
15065872
25592816
27559170
11923406
21268015
26123918
15381273
12857742
12086143
11284715
11493668
15476874
38159140
14674888
18162519
11923280
10970867
19759302
22668785
25364462
29912609
23388171
37302368
16970217
29806975
12727975
27444757
16434551
12456685
19115252
22188815
17241275
19066018
15276642
29110463
31447003
22862962
26519381
11023841
19259937
11455957
23986494
14500730
23745754
15671027
23536791
12960435
18202593
19692349
20418377
28745314
19122654
29321677
11604109
16890388
19666776
12003490
38967891
34563944
15634215
38658162
25340856
19411634
12900410
10906331
18495841
30736831
29587384
30788454
19470752
19386360
20364342
31283838
36462614
12897160
19636436
15550031
16397181
12360476
18585907
19699207
31639410
38025780
27706223
15598828
16322129
29321281
23872051
22960910
15028737
20512932
17344282
21913073
37847870
36154586
35393432
30414341
29550018
12950269
30141053
17088265
19029061
21874239
23555801
32296304
15894621
27957508
39214388
25173817
37967509
15230350
35311830
35322856
31160584
10716733
26530384
17535849
19717561
35322289
21706056
19116255
26448546
16360284
19199569
33654744
35386591
37038329
12571082
32017975
38205184
14750165
17452627
16581770
20435850
11087758
27488527
17671268
28502560
29360267
19130216
14517291
10777477
21687415
37540409
15317846
20971062
16181646
10770846
24038174
31485223
31331331
36713393
17617617
25826393
24376810
24108125
23942232
11517407
22972545
10645889
33391523
36057401
25310198
38720472
22426252
33162460
23457489
32408132
33754003
25289891
21245990
37338734
21430226
21978755
18495871
19949072
23462996
24459229
20577048
22982304
32597970
26972004
10993896
12515548
37118800
26978388
15004227
14718543
11118741
28963376
21081644
25107340
17003275
27924516
24650018
16373430
26051276
15936741
30738168
38159656
30452596
32066060
12034730
28078578
20668531
31078517
15173180
16095141
11400332
23024368
31534038
15205678
12929129
20960133
37778995
19160680
38734063
12742379
20211974
10873625
22891766
34983301
36793871
39179173
18387333
29177691
32044245
24619647
29487339
36476974
10853264
34487744
30463620
19295170
19520842
38885386
17117486
27107845
38108119
36620027
39265443
26305905
12453879
25557390
33430890
15728188
29124224
19502791
18041763
24380762
26383606
11163770
11286623
26459575
31398796
32945505
15531363
11495898
19147828
36739432
15075262
38769645
11734547
17171635
33238264
12663659
14668225
19160501
26780430
34079289
38552245
33516665
26739061
27502595
36209503
11777905
15347657
34064109
22521144
32605589
15617532
10978247
23955342
15455062
15256450
14747473
11812135
34504644
25084765
28428710
27233474
24113490
20937408
31285779
14680970
25726184
24811141
12355171
21109981
31837005
37385994
27145276
30593539
38621772
15262992
27496341
27256846
19720759
33907047
36945373
21625508
12119019
36799168
35095969
24023715
23535073
36244646
25546252
17495963
15509655
21258385
23515840
34681627
28027310
19710363
21911013
30029878
38110666
14675829
12888558
37203239
12850829
10856301
23329485
34182990
35774124
12783112
38144919
36230799
17617590
16790699
33472635
21640711
29803744
11570819
14712730
26940341
15471961
25605761
11167694
29794020
24120921
14600513
20148893
11290583
20558189
24276085
24149844
33614908
22114345
36362289
37462735
15941852
26669658
32864787
24666377
26622762
24033823
17321752
16005301
23284755
33042270
10652090
11079379
34092745
11581255
19702960
14978030
29659986
33634993
23303685
32723329
20687156
17007873
19054389
22753414
34711178
37403096
20345765
21329359
16269008
16951376
20573833
30707903
14575811
15838871
11988074
38200227
11339822
17508907
15215254
35740406
32196715
12745076
20124286
23418755
21262839
12598613
18410514
11278762
23935865
15028715
19338762
15361545
17169985
16620772
16033967
23946386
30604130
38150393
35302432
26052821
11001925
19216735
25689466
24059813
24688028
11564867
11204452
36740679
31887796
33559837
34289835
31625091
19011050
14759369
18333755
32954540
31231217
24442866
29523123
21214560
27334877
27761751
23331977
15649359
20979576
12802275
37385973
10757784
22924591
16352602
18762802
17337508
12185595
23507869
32077635
12771028
16501098
27837515
10749680
22479397
12670932
11390389
29531242
22088212
19934057
28217127
10759891
35748249
15087453
16423881
38375821
22561452
30329090
21769920
21160976
11058129
22069494
23159318
24297047
12618428
15375211
22752341
19430901
26636434
32439219
16430224
31521246
33378974
21626505
32215176
25060689
35974419
28619030
18054915
11435576
23371459
34115906
24867949
18385079
21383310
16051599
36358656
26601945
15598648
21701493
31482640
26083618
35896852
12482610
19237735
36714978
23382834
33746578
25902152
35891465
24109220
17665459
35649416
16267276
18945724
32693352
20133016
22197644
30988277
37337822
10799599
22575660
29516678
35117729
27761832
27488115
11170844
36644633
27132113
31510956
11775028
15987719
15075332
19717552
23940300
17679556
31892356
32244364
35720620
38936092
18671944
17121834
30385233
15613031
28030800
17962812
22002655
18579663
35663998
21300793
16462773
35541921
21821916
37487878
24835034
18448670
18367677
22365546
23308224
35704208
15717866
38082328
31149038
35137928
35772492
15712210
17892862
16574312
24618023
25040903
33049375
21307258
26279425
26194050
25800833
33061433
12091607
12649339
15355992
35756024
16085489
38043608
12485994
12237851
38748197
14555522
32147945
16904257
31372816
19146923
15386812
16782897
34295515
12742822
19276446
37575477
12907674
19861681
12217851
21906716
34483910
22199370
38512058
26884435
11240126
30728179
32813021
18255255
15647373
29679507
31291942
11207560
23441177
36371775
38429642
36581942
31805977
11937546
22039235
38565412
36631193
11418606
15496454
33824292
17308336
24266403
11567025
28783175
32009419
16715965
35568738
12566383
15322688
23749757
26046126
11536047
15126454
16343432
21123738
26473505
16925583
34419065
22094888
27313498
26108663
33934505
37001379
11175493
32636680
30214285
15051730
36193086
20392846
21768377
22433869
12939282
16024656
19737965
22065923
25613617
12802011
28751023
19365557
23405243
11121557
34617390
23913032
31067079
16565316
16210377
35727735
24819400
23074283
23142606
20016281
39092715
32812641
18356201
26116468
19749375
37530654
12614989
20503177
22034845
11804557
30081046
31853323
21810655
11855809
21792930
17581858
14627708
12665557
19574437
18324616
19191321
20021965
16912169
20545557
21471512
16861921
12485889
30604254
37994157
12036486
12149264
12388716
34485123
30199160
16038619
19416887
34837126
19558454
11937489
15522891
25839079
11879570
17070643
20437153
10772339
16055727
33111116
27867015
15210722
16374427
17255943
38766176
15133031
12098091
35053535
25693196
27348524
26886786
37125639
38154105
23378536
24472768
11342427
36515834
24760855
37250041
39251328
16899567
11152577
21078288
25904149
17522211
18703669
20568994
11169748
19540236
16002696
12678330
30521377
23408859
30419118
19776122
12682061
19635790
36917008
33313251
32429302
13679517
27246976
15590677
37782406
24576456
31164145
35355019
18729204
19656884
20844264
38627019
19494010
39078224
36821613
30286779
15493471
24380568
16601674
36159747
22812185
26549023
12200442
30883033
18296724
12795617
31176678
18321970
15528295
23317259
32659369
35401239
26111999
34175344
15721295
22776012
11292731
35682879
37949232
30160358
32075880
37734910
37565313
17135703
10686344
20048074
23135622
34997455
11711620
32436609
33542956
24744142
38009760
10852826
15255933
25675505
22693956
26855124
25216780
28604719
32308348
11287749
31894265
35033172
38679280
16796675
11477072
18690648
20235151
22684850
31447699
28802023
21771787
32183735
15150282
15592525
21677034
26367179
21857149
23704882
31849488
24412219
33846806
15703215
26853741
34148137
31508417
18552287
32776683
39259551
15699050
31896032
14512443
21307245
28331977
31859612
18831927
18263778
36639372
38785434
15123692
22688773
12200151
11959851
15647252
11376007
24463355
21623363
28983621
30919352
25483046
19148500
25200749
32699205
26447611
30578289
27008860
11526104
16209998
31405957
20512936
15189451
15138268
23195953
37949355
25315694
32745487
12042357
12089066
16713271
19121332
19737354
28116719
30516047
33159503
26269758
30037330
18320024
24998131
19674157
31149041
33193489
21490918
32608539
35535309
34940186
37644505
17609886
20003989
27554286
33011181
10954590
17164332
30958660
10768783
11544086
10866654
15863502
38354437
11466421
22816731
27073215
20483721
37767023
37629161
21148311
35584668
15096499
37840133
21821701
10915594
11934866
17363367
23912038
27209430
21859835
20660562
21297162
26244496
29321137
33389075
35704200
35238896
12032080
11134006
26943968
11350080
12746317
38723529
33011994
37269228
11249184
11313461
32268273
11262240
32771039
21903273
26735336
16098216
38359148
11786550
38605440
28000708
24623411
20186342
11773010
16392033
18408765
24078030
29984450
34516311
14968297
11716513
14742714
38394397
39007638
32291806
19179534
22583601
33780016
35536554
23251473
17353049
25165875
31322229
38185036
37005657
33166591
12909615
17657738
34921586
20822311
12652578
24286314
26377859
11676834
15331631
20658539
10934204
12391262
19564639
32493491
23826386
35586566
37409929
16595549
22398161
17472556
11161718
31018989
20713032
12388555
16525132
17250819
18521823
24509856
20659902
34022221
35025698
39272961
11134962
17313651
15574586
16120603
16293632
30478974
24813251
19845142
12914968
15988028
20458171
15572685
18676978
38618952
22965810
32751272
15210110
12724417
29581387
19883398
36296601
12790233
15773923
15481587
17825959
32255384
31337976
34452513
16038796
35415679
33442268
31762107
34740826
15961346
28940366
11136377
30228102
31174064
11747818
23145041
15834157
15467743
18581270
30796164
22008476
31515271
12943672
27591090
32088727
28810930
11452020
19535819
19666611
27420986
11287423
16524898
27708411
17311003
16212439
18948402
10766745
10637318
34327615
11253128
15389538
12706299
22827957
15894803
15129430
14550532
25196097
20838930
28455144
11115889
11564890
12678503
15539612
25617722
33388733
24465591
11519479
17675573
14681231
16537613
36825991
26269593
28812944
18256157
29970461
24971350
33483472
11839790
11289149
15544164
26791826
35143098
37484432
37991531
27494878
16954220
15362030
31449798
15843404
36423742
11796753
19330019
25966761
17413664
22306014
21827649
26956495
17059402
30630473
23588885
18483389
29269784
15601823
33833899
18519697
28067429
25091017
19918122
31201416
12076772
27113095
37723445
20624592
22740452
24163766
32449979
15358120
10936091
32306962
11071649
17587233
27231216
21075844
34525946
15147324
33886117
12847108
22732406
19264644
24151255
12949733
19294382
19567873
21474822
31289129
21820362
23331010
19725972
27713122
33380837
21150998
18445601
21738792
12913006
17515463
26360041
20593408
20308291
28692063
22892142
16430885
22527776
28315668
32360740
23237566
32734127
35760012
15009097
25210194
38698330
23451083
21784246
14962296
19035480
22112898
12845672
18205876
15530389
20941987
33364200
20103837
34504499
19325567
15199053
21695056
32276369
28106301
35461277
37952105
28381501
17692849
26733281
35983977
18460448
21050433
26426694
27320196
36333900
17827216
36898847
11058098
21858232
12161431
21868450
31380292
17891141
33842377
12050115
18929646
21684567
20635864
32814766
16004822
11003709
31883395
21870863
12386819
23761196
15294912
32081756
17412693
21738007
10783838
14960328
34919052
12611629
31932442
12743825
24002180
26145151
21629692
12773540
16227615
28078586
10684265
10564717
11408575
16550931
30468306
33417999
36066401
21137076
12133532
20677299
21858920
17914662
24312578
35677879
33244875
35847905
17803946
30581451
20159018
37019300
39175059
12674767
23511973
16098047
28655286
11956217
19535334
24771001
27203423
20048344
12813055
17999719
11172718
20228060
21139564
15967798
14578391
21059814
22532683
39166386
37253131
20123970
20067530
16828757
10611234
25659154
12079513
15856276
12746453
18538755
15572666
21376595
12621049
14627543
22389828
28102858
18262493
16091303
37773139
26732893
33725482
22992739
18538128
25008760
38129673
15816515
30039535
20501872
36096861
16116474
26842708
28177892
12490434
12693965
16641016
34266450
22233927
35524551
31694956
35421154
34248858
31023531
29856490
17989570
34739247
21820453
36427615
35320805
29028839
35199365
10832594
33289569
34487729
15572145
24857729
17688695
28440485
38129809
17030184
25387348
33273976
11069771
11081636
25065441
32641996
11139314
25987028
19706536
17603487
15272023
35154259
12162957
17671143
23405908
23378023
12577316
16845370
26861875
18555979
18434401
23269432
15194744
12794070
27452798
36642185
39183373
12039948
25666623
22386821
12039962
15923191
17875050
12507605
38882062
38295984
12392716
26374329
38965815
36768273
14650885
22251383
26353591
14711830
15485862
26060253
17666094
18703048
18506847
10954056
12763741
11821947
24914767
31568726
28708849
35218724
16360641
28234597
15358861
12024821
25649768
15466467
30636880
37006049
24032677
11830434
29342507
17626104
33193663
34694145
21467134
37424815
10734053
11266437
10861248
17848620
37096653
11113136
24762188
35448021
21042649
15567158
26420826
38877514
38108975
33292220
18723504
36084780
22908264
10769033
34614242
35192838
24442147
38427468
19363302
12209641
30729463
15572357
17168552
10749879
10772765
19494199
19383828
39249630
14597676
17437043
19215765
30044908
32616503
38069214
16389071
11133773
31632054
33220359
14555981
12221118
15466852
11687275
12403786
35570481
10906139
24145437
15717329
30415953
24246779
12493768
21236318
15194749
12861013
36845106
26616053
15470020
22427409
34385599
39016637
11420746
37171960
16195223
37990246
38514628
23325696
21362508
18854353
30777099
28031263
19359342
21619587
12874296
39205158
34460437
14606520
19397786
22495928
24038355
26707914
10807716
16680742
32145227
19915061
25301781
18398700
17091402
21828287
12763859
17209048
32270250
28012893
24192575
22905247
11005381
32984878
11884619
11941489
14583450
15967112
11094071
25175595
30596517
31426843
33014117
31836543
32187050
11206324
11501180
16246523
17652430
18377644
19571399
21807113
22771795
30394597
38218284
19934318
11160648
28224499
14973168
23427160
29480492
26246563
18936101
25957166
28193275
15922743
11884620
31680298
20107181
33384439
16880737
20302643
37554277
36753016
15090548
15314158
17092607
25628940
26698869
35091088
15007381
17965020
36914604
31016536
35089078
33683530
18248330
33777788
17482312
12574408
16751979
17307868
23993957
21937663
25725285
21730980
31831756
23784462
33289839
22751133
37904722
20734115
11788465
22549912
25326583
19168546
25917452
17277377
11503368
31381949
30130494
15708850
12218074
22158511
15095404
17603015
21075138
20075704
27051467
36341798
23550137
18495429
26315607
31637848
19897484
17393022
27492485
34781902
38553728
34628712
17157960
28576733
37727868
24603679
12244126
11092411
19410577
34775002
20554658
27366906
32345778
15611233
15202570
11914082
30718479
12444079
23011131
27913437
17709155
30261726
37939376
20224290
18245108
21556775
37695057
21478431
38391012
32929379
16497171
17330819
23360709
15840657
17098863
29957460
32847971
34426509
17628981
34657574
17545210
11779184
33787085
11053070
24914561
12920832
10724337
12584193
23148825
14593183
16305740
25158187
24607895
31236596
31471295
32800345
20450226
15494604
36030651
15923178
14973063
10852776
10753860
11422744
15822093
27778032
30482882
18287332
27146988
19090833
24195380
10678757
25293769
23684926
18586029
37693497
35137671
11121385
14509360
31810292
14726409
29673441
18662567
18354022
17707369
16567640
21036168
23150577
23515225
33911319
11162641
33968209
31497998
26449823
20842194
37264406
17452978
37962954
37762619
15474475
34532486
29581187
11884622
12032305
32745481
11731609
11581395
17210569
27311882
34077736
15716268
25964433
38184608
34610835
11373283
20356831
31253109
33519498
14604794
33129955
16689683
25146203
23979991
18026120
29237490
18028994
37860832
30366073
18281465
15107467
36810234
23662835
27385766
37650327
10644998
27870828
12850306
16611735
23475976
27461858
32417403
38937512
11331587
18215660
24924130
20702795
10816431
12942645
24391950
11106432
31281542
35410346
15466886
22396204
28536106
27731508
23786849
21455500
20739850
36902421
12376535
34326250
38038968
12681507
10980202
33509226
24782306
31193135
29269412
20055437
18701509
25255934
27256588
30240581
11950929
26997634
31787981
38427212
29343608
21880722
28652403
12875984
26269183
14724190
38946719
18669613
26464491
34702444
17785442
21743491
38371945
34465343
12421978
32788891
34215252
37615536
17276034
17308091
18178606
18523665
37014552
18813851
37830619
38829380
10907289
17563371
11526121
17276989
12432253
35060842
11024151
26322830
32866567
24302878
21102461
26036668
34694606
23628015
11084024
27633672
38575043
20498037
25512388
18432998
21503675
28424276
11156371
19420761
16183855
36702545
14614989
34477041
23973256
38780170
17196196
32891612
16928742
26068472
32461301
23017013
19193863
23818171
33792183
12093796
12193605
38291470
19418635
23638173
21106837
39244909
21855992
22689697
27976859
21205824
25326327
20186153
17179145
20736167
22095282
12207887
15934946
12140362
13130464
21965679
19638348
21963428
11125146
10833421
22005420
25424878
25444459
28218919
29440419
38662258
31498634
35597169
24042193
19275936
27832629
33648498
17886717
29206227
25576965
27246336
20855946
22634238
25728791
27101408
32943610
16971657
28331099
26193988
10753306
22429478
38771720
16473877
25516716
11306572
27871067
38410208
34580236
15581898
21256150
10727834
21744078
23343344
34698247
12651910
34995919
31748413
32705187
19895724
28859169
32951595
32111229
19132681
26530328
25484089
26531305
35961787
32511947
29946031
16113073
19883396
10777578
35568065
22198508
19555670
36608868
20679375
12154092
36058424
29576081
17337445
15781269
16100286
18323531
12093888
15062102
32458346
24517500
35062859
31985344
10919673
16428768
10952909
19930645
34121396
29793327
35861516
31418133
12430630
18056473
15175334
11359936
20047968
22912405
26174131
29997495
15550510
23065519
34060445
37267692
24073283
36792587
15449938
35839735
20729811
12796514
21735466
23569274
23960234
23939238
32982274
23076136
31874239
37626338
17332520
18088366
18951956
19836356
20675574
34512753
16725311
23558175
23850969
32122143
16648481
18936144
18628483
19714583
37554539
11297527
12941602
17049367
22016385
18838545
38177171
16179353
10630740
12958153
32810190
29269218
34209301
20010814
21980398
25244094
16934922
16436382
15785128
11957803
19579231
38150891
20713458
18559534
23595732
29082231
33156278
25937636
23917519
10812072
34570663
19375649
10934467
20601941
10949139
15355989
16436380
17098301
17699554
26208752
12395079
27600409
30381742
22723831
12138246
20110370
12740379
23984520
19427585
31257505
15371459
28665975
24186360
34559986
24722992
36815564
12676353
29788550
35723276
31297506
35965785
19853918
26370086
17933903
22506077
24184320
24434516
29563608
33413389
32457613
10850451
11683992
22922382
23091622
21825115
11522032
22810205
24998446
18193087
38936241
33408523
38965134
25909887
15069073
33443185
39011828
16308565
11051459
12694618
15975899
11709556
34353330
10681468
12167662
22182414
11735026
32936364
14623081
30622563
23715679
24454279
25361080
31360109
33277387
36849408
36071342
15592877
36396043
15800029
17855395
17596542
19282977
23261817
28746874
24696466
12544826
34726485
17486075
35307353
37333449
31268416
24376884
22765017
27080547
10873582
33640457
38775215
12393887
28941191
16002577
38520019
11416202
12485998
25687432
24613846
10884387
12697810
23402819
16291757
16473670
39116200
22889758
38886753
11830587
13680156
23023312
27659353
35473600
30778200
39206850
24947406
15238421
30604175
18719023
12918064
35540218
17637574
37383677
18498651
39287046
17490619
26440217
29130787
27526106
14989600
39272146
27142104
18323855
17564677
11402021
17071751
21234300
17896967
19996089
15389531
20668219
26299053
17704296
34481271
38271588
26776495
19808967
12889478
35410462
14741690
21311858
15488180
21838893
19160683
10868547
15963952
23348582
26543340
12049651
16844119
34231842
24550303
30892938
27736973
15516342
37644673
17921296
16038594
14764427
21278055
16330111
29535204
26941088
23328812
23082216
29069662
35152389
36088804
23994616
31495979
33393111
15804291
15911349
32869837
14645238
10995770
38352341
16051186
19372561
14712210
34319912
14751237
17522256
12509447
24333329
26676989
15469691
12000756
24894874
27496710
15556616
20359299
21187066
24391884
24500646
20860566
33853613
19834903
15187272
18956709
18840711
29393970
25244949
12784255
25130464
28111099
32670558
15654082
15467728
25770659
17360742
20644716
24014404
34009483
22474084
16784762
26646272
29305319
30353315
19491275
23709031
37806532
12705352
35074638
34346845
12193279
21592964
16322069
15713749
16510730
21282978
30586715
15123717
31838186
12090937
11466320
26520115
36841801
15166235
28466381
31669320
34469577
15266022
11287575
12130635
19769947
20084477
12939278
19635391
25634077
26791740
21647878
28038454
28661051
36388152
19246321
36039679
34346032
34552217
25062668
18752671
35876041
19767393
16531486
26740632
16301611
29914894
19609758
15845866
25151962
19008458
32272431
35538032
15471854
27468757
30151928
29137437
12721111
15503210
33116600
32552766
39117261
15466161
20397260
35546072
19448995
15665591
16128590
28442050
16931515
16118794
11896055
32438202
12500177
16699027
22373814
24464130
37225849
11451708
16170383
22411134
14761960
19671674
15708594
23241102
30429055
34228324
18509531
10764815
11106762
25797626
25714006
16002156
14704146
27657136
36270478
38078106
16723112
12708449
14656938
17938223
38178324
29390798
39185493
12368916
18260101
21914781
11331594
15866071
19157016
27329558
37738023
29366678
26713366
17971399
17728464
16934448
27000704
29376859
22203670
18713401
30794031
37575267
27256980
17113392
11145993
36567903
12359716
30803762
11724901
27650705
33372388
17676786
18703154
35089454
15016818
11940602
21136724
12904969
15062095
23643588
23678037
31849489
32845237
35301141
36721170
35536443
25152407
17330942
32904557
15979680
12786944
10991940
16039987
11773414
20036271
27616736
27485116
28320851
21152186
31096840
15213231
32980492
36059970
31010333
11478877
12374209
12865433
35305106
23268121
30142538
26309408
23702595
24270247
26398169
34850467
35667090
16730677
11131177
19781177
14660601
19329935
20655864
22023800
28405688
32113874
33952635
35230605
36749362
11239398
11472070
15203045
34046810
11039900
12473536
26628375
10772872
17721627
15130948
27484226
11563860
12807757
33777799
10967549
37029500
37891533
17671202
10850426
12751790
19022417
22905226
30567989
33751357
12368326
17673338
11397808
16084657
30608205
11445578
37856812
11688581
15901771
16364235
32384815
18854306
38990950
22326914
21187624
11781826
29463991
20385765
34115920
19483316
17005650
22426572
30795783
11641401
22967481
21262960
19996094
29217157
29652489
35218517
19099245
31454543
35568768
36350490
26905250
34565286
12684632
17785341
21976648
23153582
16469294
24527692
29617966
31569395
23677476
10799548
18174467
26018492
15001559
10938102
38636894
14749338
34936188
26333361
21886794
17191082
19170188
27573352
12464600
18674634
11077444
16199527
23703615
26296946
15671246
17954973
18061564
14562370
15878864
22033036
26598507
35120994
17960595
32587772
11110697
15987741
35003256
32432671
12037101
12637547
37584615
37536435
34094710
14631408
15192707
34463962
36457997
38512999
32386318
15456764
19213930
20972459
28468943
16176981
33398463
35837377
17360530
19773544
20921992
19183803
39113695
12624112
17484767
22247600
39032892
15001579
21112954
22696294
22007589
11894127
31313634
19196964
23329511
29026117
29752441
18501712
35151858
15569674
19658160
18413243
10921874
11453641
12568341
15537629
20702699
14612947
15556622
16336199
20618999
25811182
28218467
31314675
34675922
36600662
19135340
12226752
20130848
36604626
11439185
34591983
17598981
23175364
25625556
12400007
23559217
10636878
31740532
36803233
15197472
28794270
25325348
32392324
38238463
27924476
32326345
11959998
19930468
34171383
38008034
26240144
35104504
20188096
35041823
16207324
12068098
19903690
24042231
11054408
15911090
11992539
11672422
26740177
39236291
19079321
17703216
20705779
24379579
12609741
38776227
26612202
17074305
12897148
35716662
18758906
22065599
36276637
11262386
15998311
24090196
12646166
23188674
17440072
12121977
17532789
31899195
24173619
19176456
17646670
16531232
16000869
12133632
18454175
23658157
25218191
16278292
24855643
24758719
14730452
38183100
39138413
32472311
29333604
23760507
17828250
15850832
11488908
33195225
26848524
12974639
28805822
34784519
33363141
34409798
27876882
22542186
10990466
15955820
11585707
28000033
18367407
16841083
11096094
27865832
34930676
19726744
38573415
28348014
38383334
12773565
31202644
15128856
16076016
22761832
20427287
23824909
23400704
28849590
17567906
12452038
19236749
10766871
11747303
15166146
28856643
29720559
33519234
32892950
24063632
12397076
37198279
14532964
32281240
38607009
33300499
31801598
17326770
23255609
16822941
15941717
17403142
10788500
19198648
12692304
21651853
31039534
21586289
25981177
12777472
29357419
30141410
18936247
34439247
28947490
12713446
18680106
29717055
26238155
19375513
35431930
10617118
34390329
21814175
32221929
21448634
34517762
25997325
12756247
18950999
11483508
10748209
12941633
20390531
15604215
15351692
29471895
25624497
36191779
26807171
17496160
11071884
19698994
30761266
14579603
22159415
34730390
22212389
34421997
20587592
10731723
34077720
38783226
37944680
17311846
15078943
20166137
38647725
24217020
31344026
38732031
14970199
31233752
12937833
29089585
24845346
30458452
11052809
34904327
28333095
19914360
19996091
31585128
10684269
38773612
36750978
12049627
21375791
20151179
11050384
34108230
11827177
21881599
10873669
11086286
36460954
15956595
11298763
18003919
32514392
17915194
38110916
20661277
37722630
20660911
12630108
24868967
22875975
20869595
33061576
11114727
11687955
19855164
27733367
15351712
32510481
31152700
34621682
28208252
10725223
12920129
19535337
17890229
15454534
19178923
14570920
19699711
38131452
36627549
15890647
29104487
11072127
12051907
27453903
11441185
11257453
38039694
24706778
18507051
12807424
18766255
26297318
35872575
18841753
25516375
26043989
15173090
18022622
32400232
38538596
30996089
15084279
19340542
16091370
14623964
36399659
17517652
23159400
36354278
15937188
16731827
22084066
22728873
12814661
11027265
23331070
23236378
10861844
10996319
15965468
11254576
11918810
17053883
20347166
23142633
32694250
34212407
18632621
11506858
36592213
30448281
36350669
36806253
26673822
16210324
20709014
21901193
36525128
36994173
11448960
22902683
11134003
17449608
24218551
28454774
11264788
28103901
34115333
36104103
25464832
32403239
34874278
26179043
29590647
31254515
38115228
10958662
14991739
12359338
36165200
16473587
19261593
26484653
36937208
16203730
26139109
35233578
12087091
19308990
17426253
23576498
24067903
22836768
22560925
24277814
28691313
18453588
20338032
17624732
27733185
28353240
22037191
15958564
26511642
17675340
33677368
35849583
27900558
19500802
17344187
26807845
12874024
27499693
38555015
15449061
12429741
32375054
22307638
15987737
16803896
34113334
12747836
24566975
12590134
27329341
16858079
19132685
15451025
19386594
33819189
19706527
16417480
20691163
23917254
25763710
11062054
27015675
26931381
34431571
35597967
32164705
37468464
14660593
16714579
16894199
12898468
15778226
15710749
28677804
14517325
39107495
37070766
38821625
21103359
33287884
26498364
12970180
12387817
32335545
24990269
33742328
14604860
33135363
28223538
31680241
22627768
23555905
21806989
21700719
35743001
18242176
31338436
16120467
37212524
18042670
19497982
12200147
20858756
36567178
38719828
16324764
30367520
21198733
28809941
31454955
16856362
11546790
34203408
12829691
31803224
39004296
33060778
16201414
19207209
10613694
28087701
36224344
24788966
36693454
11929715
38189168
11592965
15078334
15550671
32491994
15149315
38961902
21799732
30615852
21466675
16774932
21124902
23776470
21382553
14980219
36122630
14632201
16485114
24224610
35405183
22492509
16428287
18085663
21454669
32605757
14624239
21474673
25854689
17109980
14726955
19922639
15194686
29728570
20883816
25128817
34016053
22617848
37753464
15601915
17003036
37761933
18701211
29371952
24275244
22027835
38720392
14697363
20971814
10769038
18598695
32581711
32308420
23806362
11438675
37762644
10766759
26166158
19147576
30394198
11641278
37774794
19706525
33853086
26748576
35819160
29738871
36039862
12163469
23948925
11349128
23075511
12163175
25822952
16495474
39097877
15710622
34453725
16785715
10920266
18611290
18564741
24723360
34033475
33116864
19041682
19609363
20197279
16050810
30347788
18070157
11726633
19706535
36008805
34781999
29912619
38396169
21222089
37684678
29744291
35391558
24849353
11116066
17384208
26574931
15705571
29201933
38800953
35304834
21447808
17298188
31260798
22248079
16856496
21778303
20370559
17003132
34140779
30256393
20923971
23524258
23109669
14559117
22354960
22406686
34216689
22360692
15175910
33989302
12198164
35392925
32584420
15936518
10831391
20361938
22306240
35703356
36692426
14996908
30277651
21666056
15661174
20630939
21231903
11916960
21900690
27852060
34508071
12181323
18156216
28861801
28586014
21939528
23284715
38625505
19138174
30882247
32424026
28726294
33121134
14743429
34683411
38348706
15653756
20027628
37830485
16365461
19543803
19521970
12731039
21746698
23656789
11983713
26453192
20668674
14584027
15256361
23485603
15692151
27370794
17650533
32291390
16126730
34785643
26403970
28656175
16510120
11150304
17276983
19214432
12901838
26348204
17383018
22547407
19436713
34278452
37592296
14762630
26735338
17911102
19967056
11032818
24642088
34643248
34129971
38605077
36314909
31794826
37665081
15016657
16227624
19101649
12601004
15972820
23902687
12074157
19675279
31113913
12054864
11498537
35701899
23354166
23103543
23009850
34560900
10749887
14586097
15967517
20960833
16707052
21115502
38635778
24675888
16786191
18491974
26854235
12668683
17182692
24131717
12474222
10777610
18443764
29929436
29743600
33590773
16168116
30200840
24927830
23115237
19435889
25803810
29875129
15371542
19631745
22002307
11274184
23471987
27295432
19419956
18162470
24361863
36715854
15280366
36357402
10722630
38201218
14576085
12615073
29899121
17609260
25714018
31001084
37304672
23777706
37729202
16033771
35022544
26213104
20438120
12526743
38100295
25912675
17612402
12821935
15681060
32522628
27444743
17336930
19359597
30348204
29871977
38582394
15703255
31700895
15113911
29352288
19068261
28472401
26779636
29343573
18765241
20676368
36280829
22397940
35396742
21166973
31898336
34727106
27036738
38965653
20680337
16079232
35729235
12064944
18786929
30651360
11389693
30568673
17289756
11585900
12145307
14649731
34403572
35574392
15378765
12393563
17673675
21928113
26080941
26541755
29509190
27016777
20377621
29352445
33064826
17785436
31730000
32505707
29567231
28380017
31267469
32131672
35876575
12807388
26524401
19041923
30715251
11498260
12032852
18450759
18981125
21405086
21402589
37506860
33907420
16938437
11932422
22318200
11574472
35516420
18432705
19831042
33185692
38147984
38900944
25621733
16336276
31145101
11382769
17244676
16246840
11278279
30819820
34657099
14582533
38301496
15934098
22262183
11256963
23765377
20159038
37039556
31315632
24704364
23388198
24912918
11178970
17360706
18753142
11728312
18309323
14512904
23958855
24466237
21940795
18077224
38172953
30184411
26179037
17543302
29030840
32535961
35678490
21170034
10813851
37333453
36162992
19347327
18492793
33312390
10681598
16882010
18271526
25413348
12637562
12773552
29520106
19059218
15878399
20184880
20215061
12154088
11137458
23702712
28900025
11896051
23761672
23520536
33823594
18838483
19796867
20682256
34838121
11698381
19130198
18538664
19218243
10688847
26806547
31616248
21747913
33106913
16100047
11090975
12226094
14699157
29321128
23056496
10711421
14663150
35714725
20871591
12242347
20044481
16525045
34844614
38090284
24966132
10764786
11812794
18937087
31138649
15158458
29922244
15236860
30242127
36352263
10677492
10861224
23559604
21828100
16129400
20350302
26163016
11171225
14512157
22332765
16543729
30187485
37132942
28356344
24345077
14694527
10664457
24989932
37886493
12242346
14563840
11053630
24953158
11606527
19561074
21356309
12591064
23850472
35724635
26861879
25445710
34604404
25888330
35530959
30009960
12794082
16030353
11278600
15897451
17065150
37591122
29716996
34269702
18653803
28161363
15059917
16533813
20946874
29899178
30586302
31536884
38381411
28587468
36123344
19950274
30586742
20071661
24060892
39075342
11279042
12730291
34676004
12721286
17636130
17200109
35965317
14513568
17285110
17295767
20226818
23436367
11536332
24838684
22366891
33763161
32163892
37516591
16024001
11018040
20126445
21917956
20394503
32821877
23487312
32776921
28499822
11641407
12023286
25084169
15264184
32822024
29578180
24840027
36397164
34608195
38180644
35801347
22868051
17164586
25757774
17719230
21976599
12125351
12133005
28105234
23038058
11131128
17303380
27181267
27815502
36698249
37449516
21075870
11086117
38768546
37132584
20385831
19726720
23771482
16555005
11527382
17171639
29683484
15920022
11462039
11805099
12149263
30167088
20018181
36747144
14988407
20028861
26498684
12455177
38023731
24023044
21730198
33251042
30305727
34011546
16271702
16973606
19387075
21055488
38576002
17894944
24225059
32995755
21396819
23755116
26986975
28493890
25557247
20720010
34906165
23851495
31136974
36773793
38369459
12403844
18234805
36907990
24748504
33434416
37740776
22266900
22466506
32645484
15486046
30646747
25740503
30103942
15381670
38491196
21169230
28123706
19029120
18818383
22103567
17311919
19399589
20576809
36963347
38864416
14517297
10751411
36209111
28477119
17275790
24086733
14630802
15845922
11304796
24417819
14593097
36075936
36552794
12297532
12674329
23695164
25681562
34689362
11967295
10627553
26116664
23168336
28036279
26192535
38803001
32673515
35917008
11359767
17529984
14718565
26993298
35338348
14699484
34416391
15611065
16925784
11287646
22197810
24096079
14597639
12759180
15273720
20093046
20546138
19346294
19136955
24475245
16207330
22323771
35200111
20730087
26240386
16569642
31748847
26733177
32705675
27998984
20940130
19347879
24474686
12077606
37866657
38755664
12498593
15519747
31915027
31332696
11563841
10792502
20037584
34544426
17309602
11545714
19587330
38773518
22606281
21672705
30343125
21739154
16002745
15921657
23864164
34819634
36263172
37671092
36843263
12598617
22130676
36497031
39085140
37036437
14660655
20417672
37941562
32550825
39128850
15042356
27034732
19000718
11759007
35122251
15010853
34269814
15737992
19129246
19060928
18524405
12237870
28988107
29264808
17383329
16956954
15911768
36016801
30899070
21098287
28550165
36277155
15718415
12665508
20215112
25575809
16378629
29430989
23137780
25278021
23963446
36696895
22759405
39128739
36572507
29357390
19095966
39088326
19900557
20064504
25765944
25962958
39104473
15961277
11533254
36016928
34895236
15483251
20177067
12358735
18852256
12881709
35251215
17980148
18718466
11741838
12900438
32657141
37569906
23505020
20044597
20940393
37658678
14725198
34499705
37165308
16243292
16773183
11046070
31760170
16153156
19755491
28096202
15340068
21939515
22955491
14765985
38205640
23045060
15583578
37415147
23115170
17588722
22628567
31492191
30464326
19012944
21852580
12097158
10956667
37578694
39072399
36718855
20594230
15769872
31362179
33493612
10711600
21224387
26251470
30662872
12783870
34716503
25915537
37822284
22357847
12699629
10816570
15632121
27601730
15749898
29780325
22251412
27877189
12032831
35681442
11932207
35615908
35220892
37455373
15972823
25859964
14519765
18573679
12438310
15650334
31311575
29535223
10727657
30168660
28745541
22371483
26519515
26695043
20100315
33569461
15647377
36680791
12453425
37327357
32811537
23593340
33048840
30992691
19696147
21701768
34841662
19185582
24529102
24509844
24166103
15013452
29092933
37019366
16595692
22685405
34234862
11886873
20231278
29031931
28377503
25381252
18313716
18784937
31531806
24112038
26978070
19855082
34452627
12742123
36557813
32989225
28589356
23791743
18664021
16937257
19566962
26417071
21804018
22939843
15182856
18845684
24144699
15355978
10764829
22697363
15917220
15148318
22549467
29443041
21104395
36465376
22226147
11939787
21835792
12522100
16102532
12631735
33224876
24248350
31932307
10933715
16390997
19132533
27163177
37784026
27854364
12072406
14520013
29931651
34633730
31297532
39068616
37415611
37391426
10681596
11063733
10849351
29703139
30792702
25820729
28902364
30142009
19625747
32819562
36464447
17420247
15467619
37256444
38331303
20547756
31145019
11707400
15721320
10934188
20188821
11920174
17185417
15159403
25013939
25714272
17664528
27402081
32473605
33834880
38443392
15009805
21081103
15477724
26729194
26379090
24637117
23269831
21216232
27321183
23542315
16410616
16307370
25046639
17302560
19079357
19995908
14706820
22387225
27333045
18303050
23139834
33744230
15628970
38777147
26980478
25839654
37045727
14550573
22937058
20434792
26980761
29843046
12582162
34368154
10748052
12776177
38470058
21466805
15148360
32236577
15347653
12370240
39147198
15731265
23600800
10890892
24469459
35217597
15303021
20804462
29563609
10579793
12077228
16012170
36317259
35748966
25152050
30041665
14976217
32859246
24178620
12570164
12589804
10907288
18987806
20236386
15213299
21726886
24098122
15087454
24920754
17945254
11941450
25356547
26572583
18180775
20573181
21867683
12152223
33889522
14678832
23251711
33968088
18428506
26906088
12560326
30154457
12239347
37377160
11279102
35729109
21195028
34591986
38480669
18056468
26895063
15503857
28973454
38334876
30738360
27872207
11382919
16126371
37277061
38309675
33479848
11092888
38796415
28416488
28199387
17251190
15231829
20101217
22144899
37702787
26911455
23525947
29790588
21172064
24177031
22685567
12397062
11822579
20679232
14567988
31169889
33628588
35257114
21598083
24648462
10713090
12088932
25366275
19840195
30208757
24352661
39098529
36158680
15147859
17255098
10940315
25859952
10790377
34019287
33648545
12917102
23928309
15047705
35967454
12807892
36802241
10934202
14531789
22994563
26636713
18204482
32070276
15936330
35437032
15893367
28455723
35505371
21907241
26531330
23017243
15537701
10880029
26108188
11278906
17942546
33107644
37924380
21159358
17296265
30804189
11027257
11889131
12526812
27099349
31470874
20688695
12391233
15272007
24048848
26179146
18508137
16322258
37603831
19421138
30844732
18814279
27771900
21439947
22780444
26097438
21109980
29382419
11744733
33654795
15339253
18452037
33982329
16142218
23846408
23815148
26997273
30394322
18381077
27629417
23236519
29991022
11584273
20847002
21409430
11382768
12223552
21486956
16924230
10777502
22327026
22992961
34324442
16331268
18515572
17621308
31724838
37725888
20351292
11444871
34532390
10620492
15024050
23374342
27987331
37258239
17906695
36476875
32111103
34052659
29437250
16243436
39153212
15802551
37633420
16771830
24223153
23915000
12133485
18001767
17079155
10938128
12747838
15621022
27050522
10906119
12639711
16221862
35562743
34360830
11350808
15888689
35417848
23493285
12941159
17575076
33069804
37160206
33444462
32057034
22159038
15447677
25834051
34499003
20226171
11013231
11842093
35075806
39257448
33905520
15294951
25595249
34311140
17061159
15496416
18788474
26509262
36827886
15811423
22523426
11950932
15659207
25366347
29533940
17073437
11713299
15655773
25445787
23576576
32381096
27435226
39269689
20336664
15004512
29361115
23515314
17596709
15880816
12589022
15716857
35606908
29185848
11160393
11733015
30136241
32324760
34985386
19805546
17318191
12578614
10748234
37528490
23188819
21402150
32326773
20674955
20023298
29328495
24498423
19052260
24107539
24888687
34003551
22178499
32354225
11167740
21442622
21899666
11779179
27514805
12383650
19200898
36499729
32606730
18986759
35643814
32493877
11063750
23444136
10632726
20942156
24880126
30987822
31253658
33861588
20153576
24068325
23386062
33969789
35697074
37857628
38753445
20668163
21996795
34436579
23901248
30045697
17511476
24210908
18758164
29466697
19670233
22919265
22322972
11562261
11572861
12183465
15973057
31638198
14699150
22867515
37060728
33302540
19620130
21653636
19595668
24810858
16483679
36778261
22387393
38348718
22331848
33165191
11117533
12738770
23065847
25524641
19339209
21365281
11096115
12842009
15123652
16409128
18077059
18948619
15988698
24674059
22705850
31720731
31672165
34740363
12107827
24178566
16051704
11408578
25001176
12599452
14557268
23182168
33980844
15887249
38468288
12420314
17513562
16782229
31754397
10938097
10871283
22450813
18156282
12242223
15998806
38023219
26071554
17062696
12504111
32856232
19955570
34311444
32189969
15888452
34453119
28702489
31694640
11387208
21980431
35693168
24996894
22363771
12438239
25483096
20562104
33194025
33541391
34903714
24183651
25978411
12776193
25956362
33855076
32017087
33408784
12091386
29622086
33483982
15183724
15387906
15385540
21562921
39097730
14532295
30275758
34153668
16951426
17318180
15256223
15177114
26025668
11278933
22611194
31695625
33388604
23150434
15611062
19035320
29910681
30359971
38319402
18078716
37537749
10645898
10716937
12432552
11115406
17880601
16087679
17975023
23894477
25926267
19109725
37355052
20605793
21849973
22266316
23933584
12423361
16365320
26043024
25159100
17101785
31512605
15155468
18830673
10790369
12794186
33643344
22685417
15047714
18445652
12379479
12568406
24086363
37291259
11714701
12453227
22484120
26049102
24009698
29569995
16945976
29654975
11682150
30214235
35854096
12481435
26446840
15075202
35111694
33808200
31509995
35174633
27687727
19296337
33364834
19124473
28241840
10759853
23226767
33676185
36325553
38280638
22933322
20633017
34767155
27983943
15158472
11064453
30813944
11918805
24509911
15322908
36730375
26365310
15713745
38050142
38334146
31694898
22069280
22378718
11073968
19377511
33397830
21131737
17237713
26082189
18839981
36124207
14643014
16446366
12453887
15681595
26641246
33724304
11546792
17609203
17633827
11472440
39243399
28611253
38600465
21119007
39118482
24403053
11133764
26475964
16079131
16101681
21728379
12529960
12783892
34681792
34714466
37408008
29895226
15720556
16337889
11150306
12679936
14534291
27989757
35531891
11496322
20404322
19632187
11456308
11925566
35348434
14667936
26249002
36313640
22582395
26067913
15937107
33330653
33668685
32888161
21500727
16051705
22886024
21320283
14766990
15703063
27757304
37309479
21147781
29240945
38528987
12552462
19934599
21980366
32582960
15084474
11201354
19011096
34220184
11325515
39122863
19915142
18562610
28768202
17230527
25010392
25144737
15251447
14533984
25562515
29361555
22514311
36052282
14572154
12388824
38806724
14663200
19602568
33344455
12441103
20194882
28223504
11971896
31069893
16790438
32822908
31410201
16142868
15723052
34239697
36259445
20034471
38956869
35034572
21131052
30670591
30971294
20435923
32228656
15716093
21278801
17123483
38107401
38202781
24622244
20623151
12431987
15862726
36239557
15561700
39025073
11784011
11770989
15642316
15757897
19682301
20663410
21683259
26581714
11457725
12881722
10653587
26819645
38606861
19185730
27729457
29532856
11171121
20731071
25254379
28852730
31699966
12819209
20050289
15963734
10939335
15809292
16275649
26936374
25596275
16091424
11801661
15946252
20392699
11570814
22488213
34238922
37683838
37402504
34532114
36982798
15537656
15995173
36045682
36460478
17960583
12799384
11448767
11375936
15749757
32189359
32395503
30420615
24077737
15223849
16705037
34586349
18479375
11877451
32523581
21632984
30383449
14689204
16415594
25849984
26264146
34706645
21209198
22927251
23402912
28595377
12855699
33023909
36722941
20123731
36291863
30557853
12093732
26675346
21896910
15294914
30328354
25755825
30599162
32252393
23017227
16293618
22688719
24072712
26814197
17343928
16983688
10906760
17321490
19151752
31653699
24674717
22817114
31433907
36123698
36429038
16567654
34750254
36923939
28177903
37049985
19861161
11585729
28637474
15371420
21152401
15738391
11404322
23604635
30520979
11332296
25761518
30279144
35717565
15857834
11587477
21278782
30151872
37166671
37844792
31819516
17453002
37930472
22761576
22518031
24566368
29049411
11751854
35107135
24926616
16547768
38362937
12873812
11163041
26564160
27271770
36383572
25707320
25889880
12064824
29072916
33634995
33637103
35028184
21970294
23891900
36172862
20026773
15923621
30942445
15474031
21779321
15358534
30095362
34375384
23297003
11707398
11916970
19558451
14679154
20640528
33889548
11533233
11555644
21334344
12860997
29115559
19170178
24189637
27431603
19520772
25451955
22460328
20826341
38353359
34875997
34648898
17301139
27160269
21209222
30631036
14752276
12637533
38896955
19702655
15923395
15711748
24519942
17992475
21851591
10801330
38979143
22619327
33821684
22232600
35464981
29482628
34897904
26933834
19623651
23446731
15611256
29755980
25860665
16615045
35184416
11743162
30186749
31215645
33978933
14622253
34285132
21104993
24633508
38135199
11120741
25360769
27833095
28235057
30026288
11024037
11044978
15826951
11707401
21757000
30907425
20599775
12912990
17256744
38246482
21645202
21930295
11471554
18296658
27473084
34558885
33061606
23474486
16027149
15542607
26865720
20029029
23006741
37066405
10821814
35402566
34475393
22123185
17676930
36951067
11168941
35305660
20923419
15377887
10669726
18813709
11549769
20691666
26099580
35051932
36378581
30772439
31920708
12914241
12773489
11104732
14676194
18454171
21192079
36416408
24274099
34791892
21478148
22810896
14585990
21931697
28800734
28060253
31329338
35857775
24191052
19482971
33693540
15781622
20811977
28816267
29236315
29098944
38891776
18326534
38274805
20062004
20511645
21515829
34417739
33100908
11684023
16510717
15623530
16716193
30937702
15026568
15350218
25805816
18022941
38374702
11456317
11162649
16950792
21044615
19237545
27826858
28981911
22337886
16544175
21633356
35251369
23696946
10811615
22946793
26493374
11555652
15102845
29142135
16332682
19347278
20858976
39104584
25400545
16634060
19558411
10819444
15908446
12075357
19837932
11069681
23579809
24259572
30143974
32728015
36804407
21751364
17504812
20383334
18450470
19937189
14602712
29764579
15358653
14630344
16410451
15777852
32982402
10929712
24114537
25144803
10889921
17084892
31068605
16893617
34543352
39025450
10899923
32800562
38739041
11133993
15189447
34249688
30503907
37087572
11751874
12446727
19790105
28099922
38978630
34153754
35341807
15894173
14688250
17459877
19696166
18549247
39187680
12856738
39233012
32542692
17416611
15451408
17993260
24626801
35996525
12748177
16772534
11399750
18698039
11278392
23719817
38908202
35613689
27595133
36041633
24107363
15339273
38067099
37366340
22978324
22808186
38041015
12482909
22668776
28851847
15733929
29901114
23831641
11450462
12759422
31602400
21752917
31934357
12799371
17464182
12847111
29324317
15072950
33603063
38559361
24697898
23280667
33800264
15557274
14681537
25238963
32341071
16565876
26126447
24027318
10729129
12704082
32950919
19393088
32142888
22705731
15304053
14703515
16203724
19878568
24962791
36650131
37963752
11390469
16741159
17706924
21381019
36505028
11160687
29187380
22511774
38164184
21106537
12123447
20932526
19155217
15957955
35969939
10846093
17439833
16647686
23416032
19858207
21345943
29263348
16444274
23912628
36127346
36373991
16955485
32650052
19376222
22336243
31264905
38802602
10803407
12050362
26553849
34983617
18981104
20409805
22872087
22387224
26461302
25449422
20600078
26801988
15161014
18056712
29743820
29873699
21882259
18193090
20299328
15905402
21983342
30097864
14990567
15601867
37862305
23864769
24599950
31275017
38271139
17373738
25647035
24626935
37751067
15200239
35600648
29904386
11274188
31866874
12499396
12435747
16476742
16730080
37222774
24920367
11463581
36790206
14739292
22542739
25139746
12509254
17272813
14623307
19559702
30795787
14647421
16308346
16314834
35920180
32798643
10928455
11027263
35281086
21622576
12771944
14742706
15883646
21940794
35587570
38023615
22002657
34106579
21498573
37717904
28542214
33584766
15536169
16432627
25305142
18676626
17460414
37850885
38807101
17983437
19526558
37496715
11889117
16007153
23142642
26739563
18628417
12554883
20373040
16176937
29434474
33629308
36306621
11396019
12417330
16879883
19144997
19235052
17579710
30310259
15843432
16319115
33994521
38390872
32932732
21832282
28093478
10777662
20421977
21179410
11454191
12972570
11094062
24719556
37732577
30427857
17082257
26216267
38383479
11278760
12970573
16219772
16461741
31262960
20868367
39044157
11284700
17395637
21293001
16525025
10655149
12512802
16352594
15564321
10636893
21591110
25888776
28357275
27270431
15131123
18560274
34463208
17728463
10811835
19165858
36982561
22982242
18429298
29041935
33693959
15721239
22843487
18388189
19229383
26906157
11243691
21740491
15467737
23022559
20829363
24389646
32743737
19244345
16157594
28771236
15236932
21562757
30779786
25060425
28919480
37896904
23567843
19651619
26860852
17112536
21725280
22173278
19166930
36786129
35463311
20368328
24480804
28503149
20128810
34580289
39072182
36564065
11425877
15102830
11891278
23097494
37688756
19651899
35801847
15347688
16373349
12438594
15671290
20303353
34998399
24675744
15649893
23678182
35337919
34709758
12624090
35013102
16611986
39212055
37189457
16873769
26317613
27621424
15504914
16882008
35543488
23419316
24040163
38346469
11044448
26290374
11514578
11353857
22045559
11992542
11802721
15511638
29980216
20093107
29290690
15489221
33253749
38943142
36172147
11117535
25036661
24335297
18432706
27428901
24741095
14729463
18509452
15121867
14675200
33573200
34077306
11246672
33837177
22640416
35722410
38400025
15020676
23838290
19171944
11711434
31887298
19171762
30103001
38440983
31059266
18562702
11001405
12450216
21276423
19685039
11323436
15350522
12417631
26514342
32801909
21707618
11371563
23395902
11274764
37929340
37174725
15936777
15223338
36976099
11546873
16103108
22125494
34593007
35668527
34839365
25985283
11423077
12622899
21114816
22797068
12149494
20018853
11428860
20028748
26887868
26098415
24886089
26465331
29551772
33897895
14764700
10873774
23297409
28392503
33987874
25714685
16688122
36326978
27899274
10880960
37470018
19473564
26136340
22539786
11054575
17114250
25378335
29614718
25363675
17255949
11861648
18974846
26658505
11263497
31260698
12297294
15526284
33049353
32901881
33555219
20501873
15845768
26349538
31653704
39165220
26336360
18337761
25119989
16564638
26871972
15964691
11788772
10946257
12614612
25525174
16943429
16091361
26045439
26310847
11119577
20561299
18448518
29596423
22102916
29221140
36734857
36469357
15467736
30567360
37243301
23405074
38961014
10811978
20133771
18662990
17131381
21733982
21982595
12235128
33489803
27810895
28167296
18677563
28878014
12846735
38429756
36371052
21336655
28507170
27461949
16869825
36588153
19835961
21687929
15466885
17417024
10886374
23515308
17346927
21173275
25471072
16860747
11165715
11881571
26492574
38619801
33557133
14741341
33087338
12736710
15356264
36438482
19266576
23674134
15107421
10889255
18625887
36569437
16365316
21930970
12927778
14660640
35653827
14756800
26071020
21756775
19282972
15494162
16007167
15751041
11726500
35138669
37207473
16491617
14517210
24386110
20943949
33888544
12743443
18388495
37560396
10675325
12084011
22145035
30637700
36860919
25122766
37403034
10734122
20467443
19846062
20019333
25088759
18629296
18583347
34878920
24582806
11563972
27253061
16051265
20884628
17428918
12736267
32534212
32147518
19963077
38731874
15247278
18078824
18089714
11369809
17895407
11741909
11782351
18719017
16055706
23163512
16203735
17068334
12761343
16213824
18211825
20418913
35142084
33172018
19480695
34555274
10768291
27222177
37774824
10760810
22534489
16714287
33808286
36359856
17828298
19089533
24583693
31870409
32012890
30594931
38750695
12419806
28851454
10781098
16298244
12644583
15047845
37644421
26656716
15341740
11803122
21182907
23355795
24174533
30897705
15220780
23027929
21730021
24269611
11741830
22485357
36585103
23030799
16301217
18839355
32844346
15466860
25941387
10751391
11805120
33197240
36270092
26361746
30496783
36265523
35528911
34133325
35719951
33924850
33407649
11724770
33963627
12388752
26498680
23471602
38615731
33628394
23689597
24485888
37461077
34830219
23825108
27125030
11812656
34916435
14757770
37558767
17220200
31736940
21946539
12674509
38198913
15792799
11373277
20560139
18593177
25490467
32139664
34868966
11278378
16879709
28722203
31145871
11278485
25266742
37886519
29653076
31842909
20639899
29273763
19014379
39135122
18231597
33791304
26244523
23536653
10873583
17617666
24806965
23053479
25010987
23506192
20400521
26608927
14709551
28214558
16045453
24276241
12826675
24036212
38288105
16166635
16873541
25775403
10833508
12022352
20004025
12680209
28901379
19795416
20353948
17541154
18652693
24564673
15826948
11133186
16446156
27743347
28642682
30814358
32601417
11912193
16054130
17671193
14645514
22138126
38710213
21658310
23720776
29496759
18265947
23728742
29664126
30395621
24382491
27965545
16332688
17395980
15184393
27935824
17555275
17320950
32602030
34967032
37453970
15917691
20207753
20124415
35280420
20370686
26619801
21263070
10922078
17457518
28103293
30856012
17119749
17005253
39085262
21646358
15056655
31552028
35938962
11368350
30309899
28629895
24406661
22941224
34911533
37793277
35133000
37088855
25009997
12080040
17876161
12515827
12855681
16690926
16630574
15708439
22880074
34948391
20382770
12651001
33039970
29935529
18390723
20093398
36642844
36876152
15857609
18846510
31984663
14732706
33013268
18388731
12542678
15958644
21214996
11691585
35159281
23853092
20521618
17804407
35176871
32581155
34799992
24840124
32450490
38498694
29522520
29929983
19759136
30429608
24957227
11940594
12730672
29507648
17212781
10995736
14623309
16458920
20875136
36820063
20631306
26934103
20433874
17485524
21785619
23496901
37059236
20845370
12867033
12970430
30713523
20159950
23566155
23901114
33960431
23969559
28368408
34212985
12808100
23903832
34706873
35164758
37857158
11032905
38041016
12792794
23815790
24070213
31174059
12200149
15324661
34541228
20194721
11259609
14597214
23201117
12399314
16055516
37987914
33576499
11751593
29377960
34983194
36753405
11781249
33783058
38226841
14757845
15849357
10744074
17596832
18973745
21437216
10854429
15113827
28414308
28741977
35204174
35445673
36448247
20813060
38879805
12515730
34056735
38455915
23133381
34269703
15115762
38305336
36586093
17408601
19285479
25411052
16234236
17426123
25782006
36162632
15235107
38291404
11389843
17671741
20851890
31417642
12351722
25301448
30047576
35303483
17636261
25617357
12624098
15546615
38320454
38164042
19748077
26206483
17767918
37777989
38701344
14552880
29040017
31498866
33260959
16177223
15940266
20696165
26101463
18404459
21609022
10756058
38052777
36641129
11421365
39044075
15525328
28205128
28067406
36361777
19393081
23565798
35901931
22821029
39291144
11744690
21878124
21544869
21705320
20444997
10809745
16421094
22328717
11410276
24468059
28412412
34970951
33876849
12429732
28041812
16314316
22945510
21874458
33847929
15221946
33735232
21497196
20607198
21659529
23657850
21875461
11331271
14561756
35643234
18082639
19523218
21390300
25118376
22308197
25301234
24405750
15195142
23749776
11748888
20127721
25651360
20598681
22715382
12221079
14982947
38677713
10893217
30439956
32398968
34409730
22665445
37014234
16407228
33023613
32726464
10769163
25646814
20462431
20652029
22528484
31903115
29081403
31597508
35073912
28472630
31462987
11278316
16952551
19049976
30696809
17044064
16979207
22510408
11724774
19722192
23056334
29018624
33173333
22375001
32425551
17603488
32297879
15771630
12140174
33268291
33055090
27638321
21118956
29084209
10947115
15202998
11438659
21264795
20230421
20428762
26344678
35195911
31717606
33976745
37745346
31968402
12089340
15694377
18803507
34270257
15218037
20920535
31426855
18474866
24780566
11741984
36336354
26670047
17551170
20930146
25752958
11279120
20080774
32202087
34396673
20430067
28642789
16272378
26556890
19339511
19473983
23707953
15784291
26047893
33089381
16895799
13130093
12947101
17296604
12972431
12876293
22167806
15834686
38389126
32841663
12960352
12202507
16446359
23229118
29768048
12177059
19124555
39127721
33236128
28148530
16755365
27133296
19625399
19472344
20616569
15306223
17002286
18657069
10896947
26537493
19878656
15085179
37559472
18476592
37420030
27277399
22875940
36583994
38136424
34914573
19494198
39081276
35725909
12915758
11955429
12842197
18599602
26320552
34234233
31904842
11162559
25450461
10749869
12350377
16271834
39083560
12195020
23585084
29023785
19778406
11549700
36762777
21802138
23177958
27852840
36799463
12808085
33377659
34499769
35469831
11358335
18992325
28069801
29229612
21895963
38243170
11834727
19137015
18329616
23293026
38744264
22771387
37283188
10976006
32387619
15315758
12270145
38074509
30736462
33357440
33638934
11036605
22107967
38071034
39030638
32801762
25662103
19340093
21332718
25006867
30131674
11599917
18593473
16094403
17637750
34952616
36605719
37591118
19422838
11172812
24086678
37461816
15485837
14999562
34731384
29386621
11371506
26223951
22269172
34823425
12855701
33471252
11827167
16120643
18418818
23129750
25946241
31129172
17568621
30853337
30744524
29170424
21307660
37817227
20571033
24055633
35312737
27424754
26452689
25397596
12685352
21501587
12455051
34911552
20386718
12161439
27721400
17692313
31385278
20466004
31002470
31525283
38899899
15623760
37955815
31235784
17897439
11438649
12867037
37310229
35109823
18567530
11007883
35139773
23844194
12088149
14561752
10933805
27416746
14557453
19524035
32454145
11290767
21394760
35106498
23308268
14707140
17041905
29363002
15044455
10952979
24152192
18407780
20139089
33006771
26781088
30922374
23396968
36542209
17060322
12015305
21805264
38866349
38443362
14623323
10903519
17678539
25213169
16473636
32841760
20421348
28054640
19556343
22013880
21048981
23704945
10801879
27264953
15459249
37538498
19010843
12475948
22711540
23504944
15539430
35717553
11763419
38700532
18829541
14694156
16095644
22370640
18671962
36071505
26829217
34278492
16709599
11134080
11601988
17357522
17942908
18453577
11518710
26430873
32138327
15334345
34649053
34894921
31444388
38047378
25955646
30853975
33654835
36177007
18701479
37009050
20136619
20388653
23126680
15671060
14996914
19706553
26349241
26169939
29559659
23803694
34764818
26409814
11124252
19299452
32019286
26034353
16169484
12427740
12167636
17609284
14738735
21617217
12698793
29227081
18046316
11739383
20817851
12502572
11044982
15663180
12531224
30615907
26242266
33579361
17114420
16301118
37904209
12508223
36627762
17904189
28423060
11553690
15019559
31495785
35394012
30455455
31945729
25938860
19286568
33192512
33173535
15793303
33897474
38505670
11382771
25323422
15814461
11374878
18571665
14615384
21667337
19108028
12055218
23376535
15041731
21859862
29843609
10973857
28315462
36095217
20980616
19082480
31876684
21205919
31301266
21402597
21038850
18840681
18567805
12054535
26667168
17565045
32041822
18612413
24112102
12554784
20890301
37433992
30549040
32761833
32482375
16061230
28697798
37938238
38475827
23741449
34348917
23706161
17623931
29028184
33301806
25982273
26079208
23698121
17158961
19346305
11532349
11571280
28584020
35421591
17179081
11457508
20118938
21821773
12766047
24086163
25694423
11279207
15890645
15287888
11917009
36085079
11460884
18644987
15866876
11344165
23953137
17260002
12114442
11967994
24725938
38892011
11707266
15033976
26016684
32776193
21318866
32463452
10727444
16754783
15668245
34184135
28696694
31806970
38507196
11307154
19352026
11551902
35773253
21808052
15644316
12642685
29775429
18000009
38115797
30980108
32925048
27433974
15146460
29895783
15657086
16492666
18476810
11867758
14976208
34767133
38102610
19920252
30639046
37461554
23701002
36418680
19152073
16257972
29339073
15765591
12914961
26148910
26631130
21224396
16317044
31748390
33329417
21947365
38382692
36826778
38729321
11872740
11923096
15106017
11773442
22428001
34762820
36250886
26556762
35646117
38936501
21720385
39206984
17652155
37598115
22441703
23103514
24434791
36049428
20504162
25149538
15782132
16219768
24792177
16757893
25186186
34401471
28448456
11950841
35832397
38024852
16554746
16046617
21422232
37795156
24589479
12888215
22182854
16791853
24243620
17337303
12168050
26806731
28349390
29254152
17499743
20884333
16847340
22363758
18641390
12176032
33025624
23353182
38692270
30710627
28253954
21691068
10769211
26354750
29234079
31358528
18821062
17698010
26377521
34139014
31249375
39133076
16631125
32231561
18505677
23034917
34225491
15897190
27453911
18030569
33013867
33414275
24554436
17720849
20685852
26383967
11807812
11160861
15760900
10945994
34007211
36151496
34183076
36970727
30528433
20837477
26439035
16401697
32606430
33622363
35635088
28589840
17961220
36173464
35891329
32105815
18603124
10871601
28924380
28180289
37005734
24691096
12126957
21903937
15793284
30308458
29261513
24743739
32922590
18387829
33988065
12742548
34676875
12183445
16130510
26733606
20691807
26627706
12853613
34839824
35179220
34299191
11331968
21436445
33527027
11437367
12668732
29765556
23204520
25961716
19181852
19452190
35716254
11347476
17786324
18604629
10772775
14687884
29314290
12802020
26356805
27930710
35172669
14511117
15494446
36030658
11377421
18832025
25825937
32888957
27926822
19129633
11241665
21085665
26482867
23109808
12468554
27754849
29203791
16100113
36205185
38711082
10656710
12949074
11149922
12374219
34753061
15642353
30447684
23776598
19032239
20123083
18653528
28331097
10837144
11577104
20442290
27106056
27449564
29241219
31402952
35633910
34976221
25689923
30126870
19158487
31959472
16978482
35311242
11889946
23157261
20428782
15084284
21535243
25286047
33416213
11796614
21986947
16508638
24899248
19252085
28473874
32317173
17332776
22189597
19160676
24143281
25229320
17959303
30320934
15302889
21549840
18314878
11112337
27225289
10664458
38512659
26217706
28789920
36809556
19657572
37298298
16275341
21356351
24038734
30959340
26271450
33710804
23012657
28611246
29115409
25683512
18974296
11585921
25478941
17363509
34753486
23028777
22718751
29298430
18332131
17671177
39222175
32632148
29115936
20649491
10962151
16434393
11967317
36843032
10988271
31639491
19465239
17206151
27668303
21440926
22507528
26975372
33530981
18086888
34513305
21941025
28734904
11546874
17765686
25695607
37125772
34306026
15749015
15833891
17116300
25257056
27174931
16407285
20070608
37028613
21945134
15590673
19855091
11168387
14552716
11518806
18285525
18713840
28351922
31439879
34569368
17532298
37913905
37575185
15140830
33251130
28295271
15817224
27315491
16094530
11702783
12604794
19348893
25471832
34017682
17947299
16997396
16082388
10657985
38912441
37702712
20570304
23531501
11448965
26073904
18038270
10933723
10769144
22911812
31503404
20620942
15485825
21796530
28295583
29879294
35839486
36613866
36912679
10634617
24405601
12659325
34992524
18550785
12080473
20739625
22376288
16236823
38178196
19246407
23856248
38105228
19306381
21677172
11950225
22337586
14559918
11553631
24394543
33416177
21684143
12743363
17990293
19887070
20138817
28111589
37547023
19715703
38405412
38831335
17220478
20558719
15240685
14713303
33407730
35031573
25502755
12216071
36285620
15203106
28541567
30593373
34850456
27528076
23608604
12431980
15757663
16093323
30121333
25301453
33179861
20103721
23329481
17409241
21373749
28197634
12221139
15233744
35601831
38411936
12587140
18705646
14985111
19619138
30293818
30905621
38062011
23871666
36439154
37522329
31125260
15581623
24734203
10764767
22186019
21816165
17085673
12014990
35301297
37101292
29422942
27896772
37662165
37566247
30626721
17251493
32533375
10860842
23255428
35978392
15056278
25410852
31727638
17705093
22539834
11081627
21466814
14559901
11854199
24596094
26889034
22194606
20668547
24403526
32124967
37057345
26222308
27256408
34547289
30768589
38528582
31672664
21338062
35269415
25916670
19435815
21345219
11472358
20007274
35779150
20385236
37063419
16704730
37252274
21240677
27551448
31545241
33405047
30507066
26646565
39154227
17318196
11774899
25673289
34666830
18667692
11003653
23246644
36271647
16861244
29290835
21948409
27383066
15123711
30594809
26778143
37995571
15920023
21810613
21684267
31156646
34215447
38821736
38376578
34117570
23668188
10891587
23167988
15976449
28146427
10961990
24486585
22719862
23637932
28712728
30186746
24143985
36713402
14738876
12222674
36824685
28336812
15629447
14678493
19969555
27917876
37154856
24872582
11041869
19298648
21203429
10924274
12519079
15622520
27044745
10887375
18822126
30941230
33329485
28457979
15678128
33154770
28204810
16698035
12557015
15845874
12793980
17804805
20371518
24831004
11517248
36168627
21289050
11013126
38944255
33628587
21659545
30296358
16603397
24038144
31622653
26234576
17683510
19340313
12237862
23209422
12823808
11785874
19386592
17266935
21109198
21520056
20634491
25797046
15341535
27551426
29545014
22485952
31004447
19699312
21652630
17765685
32775300
38181320
11015583
10804218
33799525
10679117
20154146
25361081
27001651
30083257
26692333
27224031
36802224
17183698
31287215
34833084
14567991
15301857
12122142
17156196
30295753
27943185
29212031
12527076
39195859
24166951
12029091
37338124
15477006
19826051
25117440
29791976
24762814
38774355
19638634
25496384
11527413
11836260
10670455
22606290
23365087
15657927
12861019
33457403
12237298
34513299
19917685
33614530
25213556
11156376
11390471
24101133
11350935
35487760
35931290
16210561
25611593
23522389
24147119
19133610
23359679
22065775
20451655
15574333
21124936
17251460
37882266
15750306
30295974
35063574
16537590
17973654
26086110
36860124
32627576
10913161
11405226
38308285
38710792
11702063
12173042
25635047
12431976
11145530
17158769
27033325
15654749
32754278
12466275
12462523
14999769
27940450
11745414
29386062
27612028
11498594
15304495
16953234
34552470
24132924
14593096
12641733
38517371
25187486
17373113
12657153
35197550
32382312
31881227
15951489
27898713
23977387
12747976
25497084
29743375
37158823
33163344
12756251
31819485
29253018
23460923
11162451
12477878
18381937
21935636
29565459
10944109
28934484
34168916
18257749
14741103
30678736
36280202
18079109
31185295
38682953
11084030
11487528
11522648
33096483
12060655
15764735
12738670
15375560
23291003
31362587
15326192
25205572
15591127
11591131
11731158
12531901
34739656
14973488
20430889
37925954
15831844
17471537
14630539
20447379
34844621
12192035
15689560
36476661
12676955
22683628
26829767
31043581
34417738
30375228
15705715
11390368
34913830
17511879
21280222
33830389
29305433
12130696
36369887
24535825
30816147
16479074
18559503
23749639
22851167
23485397
18265263
11485301
15990086
17288791
18033302
31332862
16484216
22257482
31601269
32476368
32305820
11136227
15797025
18028334
18343992
20711237
29020972
11454219
16167338
21198640
32729455
11500821
11698279
20617406
19366705
23967256
25401926
16518540
26406983
10891482
15496512
25800564
23587095
25807898
19820034
28045121
24803227
36574182
12507498
18637904
37880798
11964314
11940567
16020545
17284519
33180644
28936683
30943427
17922036
12676926
11713475
18353247
12054501
22655796
21830210
27030110
38381098
37041721
25277196
16286478
32221917
10988290
11880496
17786208
16263121
15589832
10767334
17872463
21163308
22962263
20357208
28806752
35901619
18790094
23221045
25803492
32512637
11391475
26558437
30728290
18343214
18366090
26764006
23788641
23936786
37682859
21042412
32647955
15893642
33116598
24901643
35534896
19247369
17064567
19249996
11859924
21632024
33572113
35549637
12860076
11418592
19628579
32943916
38335214
30355205
21357693
30248386
39092772
11238630
10648614
20197552
35391937
25847540
31028247
22566976
11952786
16163393
29084265
31699037
25027854
16322503
30190553
25668341
22909387
24947322
15478331
29780163
10995854
18217145
28671256
22316485
36754160
18471522
36229526
33430300
19374661
21978752
26016997
19487262
15809299
12513983
20855965
33283854
38071803
16594544
24121831
21710280
21195619
26874859
26037655
29532715
29672920
22989890
32183822
23373714
11495348
11306193
15574594
24898650
34378994
16769893
32552977
11881150
14684616
15383311
36162497
15750338
34511010
11104765
26186703
21439299
16974094
18308477
33468596
20501673
11159997
18208821
19208901
31694953
21868263
37656312
12107186
23036195
36774369
12725730
11470526
17445799
24484773
27297362
18768963
20811984
22795566
24688168
16343933
36924820
37334691
22447725
14699131
17151021
24176854
24274398
31207319
34147657
37864285
24908115
19074577
15133481
11027281
12850273
14612521
15857207
12865409
37186242
24894994
36781839
32390377
12773549
37211186
23915271
34114387
36183046
38866787
30922570
10748160
15961329
15084754
18388733
19515777
10946308
28052479
12859683
21419810
22379088
23690997
15182668
24457330
18096134
31814023
30524285
15115663
25749990
17404107
15226301
25313085
19528535
24773549
23436757
25625804
12604674
23045285
27927984
10640709
15239129
32653291
16079136
34184746
39172275
17111826
12810661
34583752
12699619
32338336
34354038
31734182
15218244
17548833
31403678
10924321
29054453
17604280
12531921
16978865
23923649
25660199
11071886
28764767
38100921
12054881
38559916
22022388
38443404
27563873
20805568
17671990
31365297
18706977
36090276
29925506
26526176
37255470
25028121
15939752
17355970
26555637
27857681
22523604
10887206
17535553
31171828
38785355
26895961
30293016
30411364
11278741
23532874
31571401
18353872
20048197
29945912
39114035
23306155
36835542
18223256
19339617
12370298
15637074
15761952
17500595
35019682
24104353
33182496
12565857
31198434
19050052
21993218
16126723
32238570
25468995
15140878
29179184
25081541
22282571
28321013
31219662
26781950
33241432
15161712
16172610
34131102
14512427
12235210
22705350
15731241
15201144
17507407
39007910
12601010
20110575
11222632
28288548
24536041
29530069
11389014
15246647
33551999
24550447
38658970
15527767
17905627
37161388
12589056
29673127
29897817
14612520
27442863
29382328
25622187
17967866
21998322
31160337
28924052
21829545
18642672
28592638
18284575
14581625
15621045
38273755
15496587
35847357
35031058
24109243
38880921
32675392
37620362
22499008
19004523
33266100
33836087
23839082
20483783
31015798
32899810
19330858
18005226
27779220
15772115
11423534
24347287
15854828
15300588
16458391
18263593
34147633
21062228
37584737
21792939
36358363
21571675
18203261
22538442
35800618
11729185
26451601
26980766
25820993
39051329
19878439
11502742
12403614
14660651
20578039
21987572
19885840
21693779
34694610
38657333
25250716
12675841
15292388
27889609
19951711
19781519
26699522
15850791
24335311
22003208
23637203
23241903
24933099
11423909
32774749
34349784
32365526
33670684
24982244
35474131
38664976
23517766
31996247
28153718
10688642
15537495
14500712
19150934
23405201
12771147
16444452
22566094
16896215
35797840
15159402
32071150
12721283
22178500
16973624
23678940
35700329
16690720
10817217
23303816
27957415
17391101
20048077
33452395
15210704
31208155
31044144
20179263
23369981
36335089
21893288
10837139
32799891
23902948
16954694
19897740
15208327
20147044
11251078
15056474
17824841
15718470
29657313
38676809
38405482
12019168
16288477
18246547
19264983
38381773
26862784
11773380
22977252
12493754
28851998
19610108
34490691
38058092
20548952
37376558
17761535
15722342
24650032
29305867
11447189
20942123
23032699
29930535
19724016
15901825
18187413
20622121
37280108
29385568
15876860
35993243
15347656
21896617
35044858
20696135
36592123
15341520
12648525
15066262
27771350
20413902
33630651
37442287
21527281
30582454
26121981
26781650
37158505
36983048
36480789
26070964
25525276
35551916
14715275
34678757
20581839
14615996
38988198
31125554
21448498
37962298
10783131
21364893
12242343
22485948
34925016
33122827
20362551
31920337
30874544
25783203
29117863
26251254
12724404
22772448
12135978
25425646
12478660
31533986
37284462
17110375
33292475
17363365
17714688
35253915
19029186
33549665
37268163
12576483
19910685
21358174
13678586
19681044
25480783
38252226
23515276
20110615
15713750
15461460
16132110
16164417
16513648
11500375
21419860
28808999
14722023
11230140
18974388
17377064
27105043
11221997
26161649
28327305
22142472
15337773
30108184
35484121
11097865
12173051
10652433
16223786
24141032
27255484
26663028
12427464
27632999
28968743
21386060
19387870
23587164
24987055
24307579
20669935
12681380
18953435
30384847
17913627
12810672
28827597
22752807
26871431
11328761
39272147
18188954
18498738
37446062
23527201
11919189
28547526
14595539
27816562
21035729
37172723
14525982
16234985
21677314
16303093
11285255
37352898
25972449
30817799
28397458
25428876
23461683
27874952
17883401
21354649
35664701
35247848
11454803
23035048
19488876
20304480
37586670
38749796
36289041
22456874
14581530
18701620
21112970
15280376
18448343
25721394
21645575
27986908
21177379
37043351
17295834
11533025
15492119
16407297
17869070
35968358
22453919
37525118
11172001
12223548
19607924
28912273
33622397
28947702
17141156
25694451
18287947
16783860
36945623
15722224
28420424
30372574
32896555
29648978
15665000
32865180
15247222
26537061
11875066
10657260
25879848
20935628
19350679
22438576
28008797
17924608
31755734
21883523
16141205
16780217
17761554
19281808
11903063
29969835
31994740
34655124
37884352
11149601
11101286
16055703
17884685
38409514
17429319
35064956
30895312
17194934
15655353
17335866
18417588
11680701
30466621
33859754
12724332
23082153
23559371
37898230
14660653
16166555
21863033
36192339
26791261
37331014
17678435
31505169
14662770
27072292
22164227
37023120
33515065
19718440
33978309
20507882
24134609
20377613
38082058
15292191
19808666
18510353
22751929
26347410
30109813
18028878
33960694
22660985
11600267
16007196
11349134
38291253
35413838
15322233
18083901
21300694
17114455
34794320
18057561
22582881
18359295
28941726
11331875
15802374
37163026
16630834
15659234
38565369
11792073
15905176
32468498
18560563
17347408
14736881
24692243
15219672
35255496
18564064
11024168
38495105
11051245
14970656
23010482
21184834
21846330
22095711
36335201
31358618
11001407
12882960
11994311
21343703
11779869
11175340
22226402
15234118
10933809
33596979
36653443
19038999
25034252
10838156
11291051
24598695
25483779
29547715
29437380
34970539
31554487
27630089
30662352
18593910
37162681
37867456
33029497
24771043
12640140
33819468
29844394
19727227
34266473
38823259
23277149
32947931
12589020
15486048
16301527
10944116
18475272
15356004
26029224
24807903
21594788
24498314
18724357
16815308
11821413
31215470
12660167
35415607
27462298
31154015
17846120
11856737
37160114
35662282
14561754
26383637
27371601
19906647
20856207
15570638
17377852
34382911
22973949
32720790
17375067
10849447
11403955
16182284
18541526
16870742
19453627
20825402
21996088
35358709
18601653
15955811
25273023
33284446
19523934
19885391
20530684
22683458
28405862
30567970
30744690
23578094
11040126
21343401
37485985
30158919
33847425
12960243
17894419
20978114
12745436
23424631
10896784
16757118
11960201
10846069
11454674
18267124
34416243
29507344
32973514
16265843
20644714
25557738
16525059
35117833
29155817
17932502
24706802
15499025
20705147
22415091
29597191
21256093
38849466
34949827
12909632
12684547
22688388
34751973
10636848
12586763
15894171
18351740
15233624
20226217
24130805
10989651
18588927
35238109
31595977
21394510
26965253
26297580
29535820
24631293
35763110
11888250
37468661
10747920
21298455
30728462
15170924
36177037
38940025
12756234
16352593
28422048
28410363
28978070
26919280
16822931
26824421
21880919
24384139
34968897
11353784
24516539
28222188
11481050
20460515
32907985
12242332
17659773
23999088
30802989
16304051
28592444
18485106
22671595
10691863
12453411
21270154
14630971
21369698
25285619
25793526
27215383
27510034
24086685
38418849
20622147
16154903
36371672
12146529
28892361
14673499
36629054
12489106
12802074
11114304
20797700
34657558
17634427
23241121
12509469
16428295
20823271
15710601
11395514
15946952
29904971
31660029
27254310
33149608
12582165
18509027
20064924
25315605
24026042
20086252
36448232
20487523
31995604
24253495
36527141
11880486
19648673
37187452
15723833
17151917
37892219
10666257
12589433
15447671
23012656
27223062
25467886
19101610
11780390
29534682
14659901
24711643
36425501
30823486
29959673
19117144
15582604
18081427
37439386
21430143
25595774
18420581
30547015
17965016
26094769
27748370
18183298
36841032
38267456
17662109
26490982
14988403
15511237
17971870
11854294
23182477
14627981
31440244
16525024
12387898
17156797
28573613
10890919
14975753
34956690
35799276
36859185
20860798
19018757
26839278
29049729
30838018
38267865
39146619
15288776
26551526
27757837
12710677
17701148
11262397
35883852
21114537
32857753
18678668
37919806
37788894
20492666
38791513
18369947
36871090
15033487
33655541
15194430
16751808
11805441
16947383
22258858
26117034
37830241
16181551
25237103
11746358
34717778
27684549
36298642
18942891
17479226
24901046
29354053
12617969
10652187
25096615
15972449
34583641
35650158
29170408
24704239
11802788
22334695
35488942
24330847
15123606
19152795
25744447
28641113
37771783
28432276
37838643
39147314
31734399
15296756
15117317
19556710
30044229
32657474
23948070
11468295
38513058
37388912
33009367
36344495
20149830
34854069
17121856
20019366
21814178
19066616
34150180
23557332
20639138
29248459
21326240
25539504
14685282
21610570
16314845
36401185
16934740
25760690
35082798
16332962
10855792
38845899
12000754
19477922
16223495
17913798
19067654
20145200
17925034
14691569
24664470
30837587
23458836
34079593
38973004
16279400
36434608
32799774
33928088
33804854
24115114
36614115
31709724
33961858
35159256
26048990
32356150
12121978
20959410
28954078
30665182
18684816
10860857
15182997
11369763
14592966
11588587
18512010
29136404
34949741
11278309
18172861
26219651
21613217
23721349
22665492
36146897
35216629
11854491
29556371
15096515
19261614
12401783
20302328
15950621
24903590
16520548
16488664
15985361
17255133
27079945
19427381
35949341
26225746
37099250
18235218
38615083
39287113
24096136
17493272
11779796
37554583
17167422
12951025
23831211
15306222
37102653
32247918
38383348
19636528
19136513
37805692
23840797
22152112
16712990
18658224
16024617
19828817
19799376
29022892
30508596
19929856
30513279
35429577
30966861
37382271
33571596
11252719
20444996
37805544
38183416
10714470
23705014
15340567
19805151
12228242
22788920
20942134
33742122
17279352
22750506
29257236
23221571
11600434
27603308
12917325
17885207
18820127
30655744
29161341
33111744
17185749
28647685
11746212
16293708
25179605
28438511
22626558
31570520
34654876
32623796
20461063
30140388
24722507
15231665
28528353
22809871
37359246
25922525
25323455
32393602
28141839
26828434
12814366
11346883
30317638
11326313
27866222
31950520
21602184
37325640
37982762
37674974
22485914
15084276
35654790
15329396
27871909
10827081
15833358
20157619
31256425
31348803
11550276
12399460
12874265
15791649
23640888
33854374
35422475
11850826
16128000
17181785
24241165
30775867
28915052
20053637
25720979
33933142
21822937
11027670
31541015
35534866
21224395
11264376
33744257
26242867
20026644
17342744
33214620
34663310
36781233
38811797
21677187
29663500
37670972
21336584
35191745
36874012
21252690
11598016
15016814
18552382
28981686
24177339
19019947
19066030
12633610
19420136
24074203
21168861
36499678
19708719
11952896
12897128
16481735
30429017
31519875
11772024
25770680
35003362
34586620
11005809
15367581
16964281
31487644
32988583
17876048
22576872
21640720
10657259
35620077
32194908
34468010
15271936
18269307
18801904
19073196
19694902
24966913
37295272
22398275
32191528
11707603
18037369
12604596
19140804
10958350
11825873
15336557
16708846
19384157
28898757
11567049
32470448
17197444
12490715
12415704
21565994
37230858
31938199
11355342
22159419
32951614
22253820
34422806
14687581
12024036
34082824
24130899
25241782
16620963
26126491
37664931
15476585
32805490
21968017
31442464
33515352
18832701
26642715
14766016
11850415
29874812
10590113
30032148
17996313
30462294
36331797
35655269
15254234
38676833
27357083
12665507
11929878
20070102
17077321
12796485
12068582
26100668
32954318
12177620
28343945
15788406
34605025
38809584
23966402
21914461
12629175
28137560
35338119
22348105
36259553
36824876
19503603
17952284
17447898
37115197
25611329
22677001
33347437
15880472
18596235
14742708
15564473
19527688
20605918
26577377
31036545
12444087
11076969
17385060
21279413
32358062
32505465
11506388
30009426
32162697
38757482
22018289
15661743
11556621
15494217
31897227
36466072
21625599
21915344
18775023
27357130
12883011
15657049
21328455
38956502
28334977
12876214
17622641
33753485
35644412
24145555
36097381
28534969
37726685
10749688
20498646
31076507
29409956
38871943
19735711
30485852
38110168
23354182
33134174
24200966
11157096
31499160
25366495
25371208
28934506
31534500
11942857
26072071
11600221
22292016
35284536
10910719
12832475
19494003
15601262
11827976
20412563
32990894
14752106
17059403
23544130
35791074
30594239
24014401
19533683
38854089
34336668
15545353
12213222
21968246
18789571
23851283
11441002
10851015
20818161
29117568
33553147
28248270
26023182
12554755
16319987
27697108
31782084
15640643
28373420
20719962
15071506
20179169
10605001
16357217
27449504
29722878
25448415
12673353
38310394
12650801
25596036
34673103
15564576
17417632
19759182
12065651
12473675
32559839
37466744
33403043
22393050
14739930
19604304
26096973
15363191
27865066
18228334
18077711
22018385
38783610
18194801
33642343
36355866
30405592
36698894
12835691
11729098
20304979
19083187
31215499
16054660
21177334
27925669
19181864
25978619
32938669
29028450
15031286
20467751
25107591
27552928
33897033
15694304
18331201
21562756
21228598
17534145
22286278
25399539
18687895
15647384
19776393
14594800
31286975
36329701
21421853
36644379
20877728
39085875
36333933
31824169
33611674
22331849
33636173
16027729
22207132
26033697
11912212
24776767
12000843
17188005
25065647
22340494
30093346
36202986
34209102
31036730
16537584
22858201
37890873
22242180
36267174
36782343
16242746
17186543
19904357
17099286
28325844
29308611
20388733
12189174
17241884
14634819
11082288
11384983
16198475
22683701
32413996
12221115
22343002
11316798
20382696
36010884
23095751
38992696
18481005
28315324
22330068
17596703
38279311
32167659
27974541
15026417
18685082
19728339
12388637
33300167
12606455
24917460
15211515
15681841
16831194
39105355
26950447
23791819
25643735
33718081
16939421
38622518
17081159
29306439
28789344
19004814
31952268
16332681
19536290
31183590
22266356
37358745
19095771
28739325
16303765
20575507
32863951
31080070
15254905
31794427
25217626
35745840
33407514
24979766
16878158
22496809
34044094
19426678
37229206
36980240
38773077
21285398
27147559
12161065
16223735
15241487
34722282
31346208
31419437
21114864
27664836
16260606
16979595
17119797
32079723
22536838
34839191
29399897
17397965
10772994
16983339
22885510
34553078
35593311
14562383
38195035
27733157
35163797
11590170
15540229
26628368
12051769
19950692
27760455
14561897
23464991
11257119
28461123
15749826
24914133
31992337
19147490
18782523
10651942
11969301
12080074
21356236
35473472
20492361
19273299
14990634
37545650
35403672
16920705
12165731
19640926
20169182
17200557
26919938
32069702
30124203
33893012
34409659
35763386
26778555
38488094
24098672
11187882
29321325
23569223
17348862
37394637
35223843
34328246
27586307
39160584
26411495
29535850
33676964
27798880
24496446
32347100
35510502
35378081
11593421
17666436
32171166
32899868
37978903
31102118
11698251
38360659
18773976
26546726
29882289
34687491
36966163
10666450
16505172
16396631
18418082
25864644
38001916
25624478
32482756
25285302
15680465
35687898
16407827
17686838
26872971
21857670
23873863
27253665
38777955
26817737
16951553
31622795
33119634
21778275
27859413
26934120
22914326
37470182
32382059
15584407
30320932
24906643
11707405
16431928
16173467
16797789
37878495
11491464
29138220
37715941
29110302
21960215
26018658
36677501
26333678
11877394
15466864
24358169
34779483
19706595
16567617
17977848
32572266
12009690
17625792
32344996
16319222
35066780
35971319
32723770
32210720
23599172
16081543
10926206
36831602
12322921
20211864
30969422
20400978
34782606
33093892
37713785
38103317
18031287
24343985
15187274
18160703
15964852
24482237
14578449
28090638
10995753
30226614
38568213
16196101
27129232
17083930
27543493
24590791
18753413
15087223
17241134
11099378
12391157
35974411
12834341
29928064
17005655
30606233
26347907
17475805
10704234
22819827
12043881
12852865
21517958
30282607
32334026
21048148
35013429
15611252
38152570
14734561
10903911
30539573
12922127
10771518
18603586
25449573
36864656
23159776
18296640
22027834
17932045
19503101
22633975
15741163
28228558
11295527
22959275
17326768
29737562
21372499
11384840
15713664
18992144
16260597
19339379
21730137
11579085
23383123
27600927
24237943
34168678
11527400
12708969
16600870
24401087
18716213
27825165
33064840
35680727
37689226
16175584
30698033
24355299
33159035
16809004
30116272
15458440
34555658
21239623
12893827
12582170
19542233
18178838
34236639
15644324
11441107
37660994
32847585
12504569
36566382
17595234
33476437
11305112
26786350
39177082
31851619
31113930
12966166
27600293
29281111
35455968
29450841
30945962
17996943
14535629
34167462
15047808
28695613
38578899
12126641
38003426
34984682
15893749
12080091
16481441
16410250
22036881
29211876
16679322
15342727
24480419
28401474
31594092
34519570
36075896
14679214
14642819
32524562
16443603
23918984
27235368
34155197
18265125
15215101
17581998
19451286
12754207
22442701
22796965
24672025
18716208
25972535
11079778
32603821
19519774
28066182
17181784
14570588
22811574
15100215
30868050
36639706
27440744
32571340
19051235
23749209
12899629
15504597
37275860
11278367
31929367
11027361
28574262
25183871
36816363
16171883
11263248
12468551
33493263
15774422
12503617
12590647
19706704
22974823
37199315
37430297
38325845
39251858
36445291
21478295
31817787
12577306
21220023
26883481
17254575
17644091
28829947
36229463
34363324
31113964
15590746
32705273
24581444
18654668
31592143
24260200
15944161
11724803
20570967
15479826
25846299
28478231
31162977
38056619
20980620
21909508
19888917
39267677
17942611
33410156
34485151
17251188
19196320
30368241
12165419
15668240
31164471
35396910
19643916
17178117
20200222
36223838
18835386
21412172
37150844
21205005
31674275
12105416
12493777
20650008
31636012
36089631
38059915
17686864
11279197
33200016
34394184
15331745
36717480
18600431
26440927
15003601
12652302
21703193
24152738
15853892
38184819
15899837
17637199
35383533
18642328
30237463
29164588
33977470
20954073
24957688
14712661
32790176
20044603
15364918
30015836
39209138
15496449
16698001
22283839
12483732
33569677
38877839
16432524
19370153
33722608
23704887
23913256
10706854
14556286
27095850
12411053
16476580
18316374
11709455
15383621
16326698
20857503
22721429
34606829
35098869
14688284
36575008
22833530
24145130
11070260
19799451
14991332
26456657
30671053
14635227
30157854
33636476
30126895
15954894
11352901
17320949
22952966
25446449
15272003
12149643
17610318
38272224
24390569
28157265
38802882
39002678
18656452
34078255
25855171
11181075
11223246
30823936
37459919
20188849
23904162
28289143
23307413
28223161
11834516
15840584
37146420
33492639
22406106
10772858
34185971
24400488
20234175
35007650
23462505
32051283
37580952
32632453
18763137
19137096
16315009
17360653
21528003
26911941
34905508
35271311
11880337
22892098
15832367
10850458
22701661
27317318
12874278
27732889
15970592
38227992
28487965
21866396
32921987
26400816
19846531
33191271
31322269
37628837
19250636
12628923
38019656
32590022
34421347
10749941
38360141
29903877
12907720
24506870
21268094
26991540
19066202
16060291
15169771
26783748
32110046
18703424
32780449
12435352
11120737
25058565
11123263
30935948
38380952
36219356
28843006
18562541
30261900
37896891
24836440
18627772
28416111
17548605
30816192
11997388
33830435
12119511
35183115
27145986
11695987
17900535
10630959
12646588
11498531
15940369
28768865
34177899
32231301
18506455
32358497
21359175
11842184
15716114
16081002
39181686
20224597
23344958
32009633
27027353
21937583
28869606
12617962
16124702
22977010
20410303
31787846
33228696
27561685
35123595
12954616
21378159
28182006
11875070
12058076
27457922
37046780
14703574
18231581
18183397
18094046
26367175
31116585
24260394
23007404
38942158
21572988
27754360
11733506
10903318
23978535
20960118
19759276
16968706
22451268
11919205
10816569
15986889
16776684
16536729
17951691
11744692
17456145
15047703
15033938
22306355
25832639
36597139
30692017
20430825
18930133
10823943
22216174
30796006
19577259
15202995
30656413
12024917
35950472
15161910
16842822
38214831
14710852
15829423
14536071
18319354
36265485
39079978
11061987
17157821
33781783
28247063
20502662
30426569
37940560
15456783
16002405
15458643
34254504
12175627
28438434
22769591
35069862
11784721
24282027
10806118
19276079
18222516
36359823
37089317
17658605
24466048
22447923
35166053
16796678
11737207
15238213
38964379
14597701
16204257
11101516
33623823
38140814
37551942
27834373
34811399
22974528
15774479
16512673
31474712
16943243
11017949
39058323
18812498
15138445
25750188
12531634
23397387
34817777
15867159
17881291
28069388
19617559
19052258
22105348
27095405
23719801
15015152
28700687
21084637
37422673
38769475
15814199
21672930
35787944
15661374
11598185
15492043
33777725
32467230
11226408
20444695
32102436
29940597
33107105
17222182
27199973
12226077
24462098
26821949
18949366
16227281
29416010
26901217
28209981
35625704
16130172
21841784
37555661
21356043
22970292
26449607
16763092
32316189
22614021
28776325
12042304
18459117
18786636
26239904
22306776
32229697
20555386
26996145
33150686
15743275
29214011
17458518
19961602
21308719
32240305
15007081
27665551
23162070
11553301
30843221
12610730
17471466
26155187
27938392
34060047
20133759
20576306
19131589
30070142
33369639
10707036
19245366
20659560
37975230
35693277
22645139
12942545
30372838
11504734
21628883
16103368
25301875
11691834
36238894
12088746
16135513
16648177
21998301
20670940
10681559
27770818
32428527
22508697
17000777
22507898
38372137
32821161
26661329
38216996
12560330
22301110
34224745
36376768
12759351
11834743
29973396
18079694
16831599
33003328
28666385
11445222
38280479
15601820
12189156
19360133
25661920
37580808
12766152
20529857
31696776
34763147
30267961
32002168
15100231
20839110
24027324
16996794
24060563
33395185
31900207
26935993
33140095
18067607
38869786
37204028
18442048
15611077
29534992
37603104
24972054
22210743
29760177
12925532
32499111
37023941
16203997
17071651
18701433
19033365
22082873
36851875
23754943
21043312
21725358
20847428
21478701
26829474
12519764
11682238
19819972
30426436
16461345
10934248
18385139
23056168
17591780
30851545
31746308
19713767
35863052
11960785
17633395
35179667
34414417
33654794
23678175
31787240
29499271
25450186
12626515
22762281
20376844
11035085
17998206
20876659
33676386
34774811
34521301
30765465
28606110
35022793
18652897
16868024
22543197
22844456
25553707
10678399
22819529
34859371
11062021
30976071
10851021
16007136
17174564
29053245
22179787
30821607
26848503
21239757
12235124
17491011
15069084
38885964
18770642
24462113
15387455
31182136
27821621
36189357
16241904
21215777
25775528
11162537
17073443
16928741
37377048
34221536
16844395
15302165
37719850
20154705
12091465
22961981
24464837
23326535
28782625
35331835
26967221
35090076
28013103
20946647
10982837
31101061
35421368
16525420
11418585
28436474
11956622
12928435
11919194
21595927
25522393
25990862
18180281
19185492
10773822
24394417
32685028
34793774
16885233
36789686
16256065
23906794
25748299
30565143
14578427
24855954
37796690
38590579
11278816
32665550
36910334
17021000
11593413
31559693
36273580
33847928
18419753
19329067
24077057
35909127
37855363
19945192
20628654
14710188
22323716
18559500
12812987
20110450
24275101
11929871
15147863
27894088
19052171
30229837
22685356
22546936
37211508
26101583
18202124
15155840
11073843
15094366
19153604
16682563
39210146
18514484
34080026
38103409
31131414
11171378
35965435
24133166
35090515
11786380
15876876
15500439
26348027
26555753
33511127
15353113
26539091
16569663
34291726
14769797
36795511
38386231
34193644
23993973
36875456
16882664
18326569
26240275
12588999
25906164
16598772
30980322
15713649
11238896
18822171
36219868
17561374
18089558
27307239
37203403
31086122
31261026
39261364
25935310
35164771
37733919
15851612
12200132
12947321
27770549
32982586
23621516
29704259
23056443
16889383
28760669
30082764
33820871
38790979
33741341
20516253
22217540
16113831
19033467
18660501
19570036
20110566
22390381
35662010
36639650
10898725
11438582
31894331
33837886
16828724
15701813
16698801
11382753
30201002
15965487
38538251
32858914
10978262
20178716
29891874
18211898
29575609
28501693
16699650
19011999
10995743
24824302
29196600
32021563
37186403
36660693
15705581
25358358
19454479
24584189
12003790
37373272
21574998
39049649
38994083
38482406
15461447
11170137
16791480
31914601
37079269
14699099
37047526
32674313
10934498
21917928
22496563
33965374
39256253
12082101
22530568
19574228
35895036
21804078
11585834
19049968
21552524
33917853
34272359
37517598
15316005
24632845
12591258
12495622
25122912
32552056
33931075
16980304
34221996
12953111
26334999
18026188
23137016
17912244
23547379
38829550
11027267
12689520
36471347
26099359
17620334
19917256
24861637
32420594
29891768
31841185
33956347
11707267
15175283
16923807
20802464
31015579
28220423
30184078
21384195
17219380
16215939
16980692
18784301
12421828
14741046
31520064
18771565
10802067
11477071
36641675
20463225
22019700
38634270
22894781
27881304
17699109
16099878
16222229
18392556
10660609
21238538
27907166
35354120
36476366
31529568
16754202
28476633
32393053
24391909
11034381
16436605
18430202
14552857
26157124
24152440
17407970
39094399
11277976
23820115
29886459
18951996
18216182
36232317
14749719
14613866
24120475
37902305
34623515
23587884
26458400
18378394
33437785
15625283
22666429
25260485
34618331
35979619
24092543
21417768
19661459
36635258
38418461
21994363
11426027
14597414
31244936
24834965
30671024
28154191
15048887
15505424
24214971
16775357
35946523
10966790
19019959
33216420
24581438
15286784
15930143
17095157
26590260
35908770
29290794
25187480
34079767
26320599
27365397
11742726
15042697
28787456
19859802
38115079
16913846
22575735
18070622
18593942
21415389
32547396
31654749
19393694
27901125
33978999
10885491
32030410
31300015
21455586
27231330
23046544
32215915
38192790
18292389
22050424
35754228
24965120
19640509
27292014
15245329
36525144
17285636
21536655
36314267
30902544
36083239
23083096
19946272
28978123
15921682
10905349
33408486
12372621
16531978
30287503
15788656
11751922
24118411
21220697
32806432
12566108
11036616
33372336
38956710
15623776
33225882
37955399
22920258
35302673
15150258
15117943
16566923
38144314
12458214
35065166
23500468
17545610
22488121
23345234
31998272
29913439
18077321
20348026
26311887
31638742
10652022
36299308
12925779
36007331
27015268
29983320
16914530
11891989
14713106
19561639
38909931
15662486
10679771
12665520
25774551
16641109
26499367
36445630
27233616
19629716
16492788
20869593
36002417
10891415
15692067
33819185
12930830
12861029
25706943
34162892
21258070
15292241
25860027
19840224
32956753
38340945
28868265
24525519
24701830
34543436
21700773
20018231
25695683
22915817
19172464
28334782
17108045
23297397
18179910
26540393
16518412
32693639
33531839
38167153
23033479
25576866
38773982
12902839
11193155
32437062
17331979
32299260
37876440
21722677
22218735
10933223
36106650
16728436
22449099
16677095
25775014
32853754
18184314
31621984
39192374
26752465
25810899
12487626
10662819
15236641
19826218
23378600
28236233
21135093
34980811
22884621
16262657
19277985
16162406
16418292
18287247
20828795
12667454
15753111
24021647
20738916
20084478
24552847
35677658
17486068
38615367
38372449
10936682
10821424
37415174
18498770
25716227
38006019
16583136
21722281
16828810
11752222
15199099
28746876
25369898
32346332
26023787
12667446
18088350
25496593
15946527
27299521
29306897
16166649
19494050
32849734
35708677
27003442
32072069
11978761
32536864
37248506
29590129
12773575
21272366
36991467
12554787
38532543
23518505
12891704
17537995
31621869
22719223
36156413
11591813
25474508
12626518
32670874
14592730
35802988
16516194
26006309
27495873
21255571
16301335
39104123
16160145
28100914
11592336
25975249
27207537
30061673
12877988
34040386
28013443
11210526
23554786
29048609
36960858
37296170
22863584
15322109
26269414
37685961
17092689
24342777
16220200
28627357
12493766
18155002
11158299
23161538
19124472
21858199
15800199
37944249
23656975
23296735
29283249
32081717
12220634
18214523
26366732
19735728
15166012
19959132
15161933
21220005
36878397
31810603
22640869
21122029
21276451
16895920
10734137
19915797
19549817
36899424
31401411
38928290
33726799
12011040
18062953
30275950
27078096
11157956
25027405
25962847
25885040
33994918
31245910
37225161
14653995
34694608
12086851
15253302
19781641
12397072
30668924
12764361
17394547
17374523
15955655
17233898
19996314
26740923
26596467
12808109
19860857
34350116
28623280
18667415
20138174
16273352
37021049
16199525
25088556
32493776
38388415
29783958
11566184
25970626
18188962
10683337
11160434
16877363
12824160
18035727
17562285
16380138
18725386
17279776
19478092
36190650
20942128
17020909
30718293
37165773
18634753
16288740
17369351
34347390
34986849
19855047
23403695
24788173
26651330
18453590
21258807
12151522
20671745
20562052
15533756
19805317
37768430
11308344
26345691
26260686
37926093
15837424
37183425
38644533
33607258
33204339
38957986
21795698
12867036
34215685
34923116
15743758
35114989
10713051
23630454
14725330
17521628
34648132
14871970
38948064
27795355
37856574
12951035
15459319
21925573
22610101
24985492
35088877
16368693
23772394
12676957
38915521
12528874
16432193
14680945
16418290
27066583
25456852
29587298
11953452
34787617
22033280
11956169
33038514
36505780
10962572
21723633
23148093
38867123
15225651
33209884
16978790
19856081
29133127
21325207
24358212
22427986
36856215
16051600
12829841
17202404
28106280
15840956
31856761
18275060
12192051
30778852
11156421
14508515
15225636
37537694
32202522
30352685
24057389
16339143
18556777
27300509
22577163
12552130
11751937
22265413
12153398
16690036
37193757
11437316
33986850
12403163
26755651
22289918
11171324
37979759
15901773
26010714
20942149
22678504
23558901
11754963
24632741
18172619
22806361
15643056
10749851
17825589
37149668
38007237
31785873
27456084
15193261
12927781
18516040
34944446
10991948
10878042
22689652
19429025
22906437
15293782
12932810
25733868
15253423
18602096
38214327
31523184
37008632
32845096
36495001
15824106
30125936
17486070
15292220
12740389
23640464
10936104
11156543
22934129
11907035
37180836
32865326
22473766
24908117
20951021
24513268
29687025
14972678
26868665
18660753
12516089
27324700
34837683
26362938
16803572
33939881
23462932
35137054
16639714
23053782
15059963
10727719
26101163
12714599
34271943
37762237
34074740
30184526
34686657
15196930
19082935
27056329
31929750
18804115
36317061
16924416
21274629
22611243
16314411
35776116
14623341
32376280
14512522
19029034
11585931
31267554
11684709
22745750
32243494
19903691
29532456
38411813
37935918
28526713
24107951
16359387
36047776
16951195
35113245
34223824
24535827
29945297
37766459
38214568
10679029
11090186
27161584
32753747
15220328
15100461
16135075
32128852
18453543
31105033
32003754
10797543
24449919
10842172
16201968
11602770
36880662
16890222
15545357
19343720
36479199
33947766
11152677
34298040
33001583
11941459
28472300
32923759
24058703
18940247
36044789
30804434
32689427
22712037
12900408
32727880
34035852
28821619
33888559
11884367
16125830
22387217
30813567
22945739
38570469
34326879
30054275
24628852
38872461
11994292
16582918
33726618
25277184
11027430
37871808
22207357
15494733
14998999
12949711
19696771
23209683
34498716
23273878
11441000
11691831
15542832
23077515
20133944
36765040
22521648
17250881
20148354
12965908
22576474
28870504
35695420
16920985
31932281
34041882
14732868
27760566
38180356
24041786
29222529
32962418
11724339
11297754
21665946
19298220
18693748
26317901
14680935
24466133
28239767
15520859
31005258
16227578
30266104
21478680
17290225
33079409
24595108
17337233
31618917
19765570
21295542
11238897
11907223
12752376
19589838
33984791
10757800
21824498
12824551
11458009
21984849
32317359
11040136
11551959
12354761
33838681
36300783
17010943
38824145
15802522
31493657
15725072
36747239
16809634
15126348
12947415
38462600
32778768
19056739
15539085
37998360
18213612
31627046
28219245
36928742
18061561
26884863
36748197
35989482
28082972
22893039
38448811
16052471
23921591
16369480
18218758
39048023
21555152
22283414
18690644
29081444
14646616
33786612
16951581
16671086
31615063
33104019
12093790
37925078
16108830
18649995
22969075
16377571
15105426
23260429
35223850
34494941
17324471
33437016
20826756
12479270
24510012
18215142
24450584
22340895
28652569
12025874
11986322
21343906
30590814
16581767
33413438
22115789
12928444
12907950
14704368
10834936
16120611
21458526
18287053
17110593
34539985
16098195
37817544
18726387
24581443
10848839
27060496
26255026
34565758
20709803
12931269
18974114
24651384
12684061
19638584
22116549
27911326
34234416
35627202
10956639
11790794
39237682
18070603
28469997
22912899
25196998
12381733
19690333
19028977
23678128
19737348
15356114
29546036
18202146
11160918
10638763
20457125
27987471
15007095
33262837
30758047
15735644
33847384
15604480
11378410
34352257
37578718
20211013
33415003
28223821
31873872
29620236
36139453
15975995
17342765
38654325
27479084
12960127
20826804
26138678
15552592
31601145
34568067
26209361
15294961
21278336
23106887
27807228
26245917
28109317
28528849
31572059
26749213
32843684
14767543
25331953
30227327
12521306
21757760
33201472
37571862
15588985
17920519
11864910
36311658
38040691
18297874
31675361
15039462
17156953
11707463
17137715
26443635
15773428
26017369
10995758
21957315
30558637
24211469
17224448
30143009
22261302
38008756
15186508
31301902
20392953
23091618
28827448
10908344
25242011
31727467
34054816
15451459
16376012
23061028
21770891
15731247
22610191
12089350
34645466
18065650
19539625
34109992
11747336
11917556
18287044
36834919
27048245
28380026
33259807
17353931
36894047
11110672
17845735
21111762
35980117
33360352
19345327
30982971
21203561
24025460
32221619
15935327
37341639
11314038
24224020
17036316
17360335
12706861
15617741
12356915
36564072
32514408
31846774
21949239
17242191
24796807
19603512
26468281
32642459
24349534
23996217
25150199
23481042
35606871
22863804
38735388
21892745
25171011
28280849
31852782
35222723
18284374
34335964
23678181
37478333
11438668
36537855
33811842
33650075
24142874
21889351
30227213
12532224
32453597
33420991
39184293
25231975
32991875
32248842
18764783
35216441
23408424
11522116
31731187
12694534
38653384
33242525
23512657
37081115
37409616
15772076
28232279
19325137
33413561
17970081
18056766
18796711
36240910
27709494
33521052
29969783
34178131
15339915
36343886
17947313
18270268
26865721
26071359
11201663
25594747
17461770
26151374
22340173
34362929
37164154
23696004
30209168
30939216
11034315
31317402
12524444
35199132
11940675
24449823
18302930
18476350
17003263
24643062
16431169
32592929
25788277
38762737
12189189
18390900
36114893
27671677
31933977
15461256
31940815
38947090
26848273
33139499
11444529
11882361
37300283
15927402
28428430
36828346
33078445
18853468
17158914
11379050
17360673
18385479
11509556
12403770
31330887
15767553
34453716
20948313
20857515
21131904
11337908
36479121
19689790
25225625
17383611
28063497
31445163
12063569
27432471
30369065
12802019
30617615
33971369
33292295
33431849
11986313
12566426
27481902
11679056
14989758
33894267
12949251
12393909
31561361
14993658
16399995
37719968
12865432
31419938
29772239
24532660
10785380
18280659
37549603
36000840
22069466
23153586
23000950
17699668
10954718
17344931
35324534
38904004
18186923
15159394
20392800
33407443
24062335
38272320
18028870
12149490
14752828
33906046
34650680
21256825
35728518
20737513
33636816
33977869
30308518
38987656
19233144
16162871
11477560
22458424
11023671
14675415
33526051
37229890
17670966
15090044
33980772
10878022
22025551
38132359
22053827
11710594
17054951
33658365
15021914
38019437
31347268
12426320
25953897
38952015
17000866
35303505
37823353
25600769
23542924
16492665
26241960
26347807
20179209
38456956
37131731
11781309
21152425
34236642
12503879
19706428
37996930
29072694
35576232
22895009
34921949
22809625
17461779
27398160
35301175
20600853
33442234
20538335
33222127
15247274
17114460
15071349
23667685
15810080
15096511
11907096
19857245
25690013
26721884
28371616
22119525
26159920
29465352
29420262
38460908
12629519
10956645
12044882
35433957
33440047
18582216
11489432
18684713
27118398
19903816
34298123
16980389
24980970
35999651
38093999
16803852
16571786
33719563
20133729
12966098
31796108
24891520
15664454
30992025
25092874
18772391
37635875
37006880
38051288
14985235
24664541
23518767
26788840
21724616
32103984
24400135
12238387
27923278
37063420
10799510
24145445
20840750
11704888
12444098
19859662
10958648
17967898
14531861
16061639
29113297
34927098
20439463
20023171
16301319
37885041
12361760
21795282
15254237
12590651
24596086
26874357
33987175
12589058
10978313
11351309
16061792
34175819
20040018
17707517
38686761
25002271
36930164
38607517
32277632
10866298
11516644
22761586
34473357
19338747
20406988
36238268
15024058
17311814
18003705
21126519
31053795
18776906
35603560
35317822
37224147
11598133
28159836
36094192
11750107
16832347
16337960
28733876
22198502
29924996
38548152
17507369
25653434
33358782
11029287
32833899
19151743
36249712
35030640
29468804
17384306
17079475
22837681
31967859
22228652
23145354
14709558
19099536
33054738
35405116
34111521
21188138
23866081
37896980
38703029
11756426
11371513
26645429
16179162
25811593
34305405
23469180
18332223
23631672
24518293
26141232
15767456
12112020
37695069
10874474
26206314
17406249
11581372
35624699
33209888
26203915
10711602
10835342
21216954
28353232
30776962
32069774
31830507
15356269
21176443
12801521
25713380
18338812
15857910
29084565
16483316
36810794
11259469
16528254
24746152
32762546
26398332
30972179
38252204
27565207
15250504
11585923
15364941
23625868
19515020
12962499
25947380
34825051
31242766
10986117
21669874
35677757
27502971
35627173
18931680
10681520
10708586
18541656
19266621
16205628
16330323
23392705
26046535
16061651
33038663
12095912
22084104
22697601
21069436
30862605
33796620
18294364
17971213
24082908
11238924
15310750
14979935
15039459
16871543
15867431
32682121
10856114
31365744
25088257
17644731
12642616
33438237
15320880
17046824
12011100
12960157
18272172
20945367
11115608
33732013
21526218
15279913
38357802
32673396
32865657
12501243
21936631
18689982
11464878
18299320
21419811
33115476
15254247
24811221
16104060
32509388
24019399
38241695
25476776
12804643
12850144
18425443
23238728
11465514
10713704
24815693
17597616
30936207
15885103
20870941
24631135
12466266
32768227
11580893
37999596
12915458
20215705
21614072
28860967
31727006
31857700
19747165
18708237
26287968
34565015
17055438
26074364
22608085
38042806
38367771
27463802
31527305
26298293
21414204
31207979
35592920
16554297
23198853
19652713
22673115
11687285
12896983
18804494
29867357
30534536
32833504
15618223
38639436
37777154
37257779
35192934
18051908
31611645
12138106
12533547
11156409
15471877
15963499
16804971
19665442
33947214
34703820
36127411
25831500
25198678
10880468
21391237
33827941
14617638
25593322
19919575
21725354
35805982
32251494
30012171
27106762
25668240
25983236
30615684
16448710
21311096
15530433
26988984
17567950
33557294
19073898
11606407
17447026
25425577
19679819
25918251
37231414
12453056
35978012
37829805
35767907
24006057
19787211
20169205
37647879
19331694
39273320
31266850
34039624
20139905
24561123
22461620
25694590
33316736
16788174
25416440
21673659
11876304
16416603
11400354
27988130
14563313
15781153
25501124
16988012
20156584
33624744
32164721
37450140
36377249
20138866
25938237
24699362
29261154
21900503
34568335
36510368
33193849
20825413
27993998
30622228
35897085
11597593
30204936
15150097
14511462
38973098
27144517
34604117
35266534
33577845
15781263
16885985
20133760
12646582
16480134
37095942
34752747
19798427
21405945
11484986
17513788
16601102
35933883
35176940
24608114
25823473
31182914
12217650
25360583
16883602
12379641
36388662
17113604
22270545
16539659
15117677
38510750
23810942
21215335
22788867
10721463
11267833
12819023
21782856
22405205
36176906
38384839
16914084
12006559
12571371
23406012
11520063
12945878
19071120
36636058
12730201
30831032
21347350
36139107
11413368
16407225
15650253
21307828
29618612
32828285
12477846
36624473
10918572
28646163
38441490
23840749
23219902
17933303
12911756
18541707
15474030
20149840
24996046
30647127
24550143
11768608
21145921
11836241
11978791
28821608
30176081
38798727
36720715
20466046
10922483
35182768
37215987
15705574
30500329
31022666
34164520
27240544
27226107
11262414
12083831
30309319
21811616
34286899
34370213
12598312
12509276
20800572
22509025
26819312
36732328
28775002
12837286
28257890
23296722
35199315
29540535
21700306
15056293
18795949
24814927
38298426
12972564
25101859
25671309
11704675
26892782
35659284
16097038
34924499
29944883
12746443
12529447
15001576
23606263
26823495
38638178
21159883
17327270
15355912
29726904
18948217
21655181
22285563
15583137
29581896
27158328
17991485
11455574
31924613
25600216
33068927
16260042
21214898
28853863
21084288
18760330
22544872
18957620
18815298
20945382
27092875
27934866
32502324
35110535
22833453
16311911
25199908
35220395
38878321
12716939
36568885
17374709
37421213
26498945
30769341
33934291
37740324
16003907
27284018
10652215
11683912
18761788
32768236
12403779
23624947
36860916
37896833
26038816
31832706
19573021
19255499
26692362
20392205
16760390
22894899
17563743
38341886
27487738
11988099
36116131
36671537
36536133
30945192
17510397
12958655
35908075
16428329
27574848
29550707
28659946
32502539
33165137
35557905
32776893
34880353
32275652
34659210
29769315
38777099
25113254
17158738
32196604
32184366
10656821
17050615
29485753
23585040
15574877
15893733
25560297
19011221
27302402
20923780
37163251
26984496
35301291
32013669
14720506
19758247
10727946
16625738
11739652
19909249
14551197
24336223
37094860
28095500
12540842
16510124
20942979
27352740
25070846
18398934
23056614
18645031
15247289
20480272
24508291
15471548
34066153
11751915
27246215
15785097
18259943
39188632
10943993
22105316
38750717
10919864
21969367
15497455
26773046
21559009
30321077
12364339
25800837
12215520
23890175
18922795
11522615
15470079
33915163
32517717
37993085
21498574
15225787
11593418
26399972
21391983
18412244
38553003
15023529
20925123
17360629
19785034
21699783
21210287
30770775
30496303
35092904
15047147
20888376
30670545
12867412
31160087
29787792
37157950
31410187
37487007
35611810
19923221
35518784
17610816
33147518
10967105
17872945
19041927
21674799
22298882
28935714
32985589
31888684
12880984
17374606
11709724
36551768
31206981
33676114
30867513
29953970
20439775
30701122
33034848
25661317
37384255
37716943
37438690
33737719
28257428
24159480
21085490
29888202
29806091
12554769
24714572
15064730
15946939
36855844
21559008
19047013
21281954
32357935
32232338
16030257
17464283
29721083
20868680
37420113
11266439
17521961
19759314
32457292
21935707
20382697
24629913
15546919
20861315
32036250
15844359
21888913
26940607
20174553
11336795
24473073
32440152
27212032
38877792
19503094
25030319
12670344
23506433
35506252
27173734
36647045
27998766
35600155
28777446
15044370
39016140
39229657
15611276
22198199
30166345
32271436
12061781
24613520
30647813
12890487
31100060
20816004
38661384
32984052
11162135
16148003
15631619
12885404
17462999
20667820
20738774
36267809
37776495
34457059
27200010
33445471
12050670
29067685
12386165
12402044
12869583
16787399
20360943
30552148
36651836
11455019
22190365
31061410
27302109
11401448
37878047
11073118
37500894
38961325
31533855
36947996
34805795
17486074
12974387
18458062
24692066
11809792
34383048
19753310
20807763
19835873
15150111
22025552
12163402
14966297
16783873
20967582
11136726
22438908
27679610
21677192
30759345
21118959
27424742
16169562
32938407
16417234
19685161
23022054
23093023
11687512
19384408
24949832
16495456
19910530
12127979
26207422
15986874
17214742
38019438
27108187
12482846
12821937
15629131
16455776
30734931
12832423
16890252
21858060
16989640
25546411
36268275
16437714
29329488
31242972
31402948
36209373
10679189
28072464
34736993
29961255
30150563
11850825
35849582
24260231
20880182
19951292
19955183
25958347
34996491
38879005
12547193
34491767
21811790
30097533
22618859
36911990
35249038
11232240
11349124
18655028
12023952
20358104
27676653
26869112
17301141
14593586
22895717
21268080
18429297
19852587
39143757
24457369
34530171
18588508
17118762
26112401
12807700
32993655
30539558
37894350
14604987
20371769
11825905
12135674
21220510
10731698
22346248
17064357
19829098
12624099
24073274
11598189
32698745
29072490
35721516
35323151
32317752
38363556
12367595
31040239
11980906
39073585
17944371
15376229
19900451
24390321
35944837
38875930
14747156
28729737
12952950
21072240
19002824
11062236
27150054
33582126
15797857
27847362
21177533
25819065
16601122
37451981
35229718
26422306
10999936
29432895
22678362
20331435
37761999
34471233
11029295
17299042
23138306
11435613
16751805
20685980
12384497
18166159
21949683
26775040
11495720
30208026
11734628
26332984
32929329
36562402
11006297
28766044
17658888
11679584
11702192
11455198
18981123
22198280
16427586
24290757
29736613
33490188
16076960
30571258
10894719
11907284
16038606
23149938
17360490
24114805
29878215
15949418
21378116
19439330
12694531
11986669
19541640
14755516
31935048
30024692
23832275
36707511
20971078
12960006
16268875
15541727
15824109
12359725
17515902
11086000
34604222
20016039
25990436
17602955
19934105
33865017
33754007
17825818
17526652
15031724
18029349
11266470
15668906
34274912
35969644
33618745
29657270
19003995
21318867
17545634
12457961
11032752
27378422
30485837
12080006
11313883
12015311
15359273
17902048
24284412
31530101
34727970
38984049
15799029
24468901
16010978
12213838
11483616
26320451
28777577
10774802
21301209
12060742
14737190
24379396
23169578
20097850
22145864
19911254
20090780
18448627
31918032
14654238
27826230
25253157
38764180
20103594
16273122
23926326
26431879
11134327
19968761
25433997
30906214
12361947
30825190
11358960
36721985
16793191
12845333
21212417
38408849
23487458
16087734
20930068
33090006
31196625
11751923
16093322
25499443
19320479
31738902
34843967
22138554
15132828
16160177
18787063
24254390
26146125
12644444
27902430
12554078
19228794
34031216
12646163
20668708
30895661
23009808
12486109
25468898
31465542
15671034
23690655
24186908
23583364
15140572
16185277
32817376
36528617
16048411
31527070
28495973
29282556
23209807
31683893
25044019
37656414
18308897
35966602
17911401
35400238
12756248
18800224
23691485
21148417
22171253
12071968
19753112
20038439
27246209
21285458
33754073
21771594
21568942
24652834
39286227
31858544
26147377
27599843
19705836
38985526
32980676
30873824
28291789
36436795
20088931
15504725
30134988
15901741
25003799
23535298
27246400
28157624
17346666
30577806
35221708
11466227
35350655
35944360
17965520
34869393
32384926
34880865
11751402
24993635
27610411
20974684
11477067
17693527
17114439
21707361
23087102
27154389
16870733
31257502
35622975
35140544
23415953
10770492
27551533
34277977
35661967
19587094
15811853
16764819
12767984
17848580
28604827
12610148
35577504
28965832
15956279
18218979
28504273
20488182
34443497
16840309
28798155
26763442
34047479
21262861
35978938
22927445
15567442
11044994
10851247
27756321
30185837
10646504
32161621
39223162
15528349
34883112
28625263
38279067
20519400
24209905
18164932
15282190
20641162
19132534
21220006
30691497
21386698
29950215
25368258
24122553
15581219
15456759
19352436
17118445
20453113
38676950
29507755
33358902
21811445
31254567
14707121
19350533
26338797
32150585
24662724
12063283
22334594
11359868
22184124
24700782
28598244
27062132
24771642
30139876
31198928
27797401
22915106
16624990
25562527
17094969
29401618
17221360
12381374
36585612
15474498
30807796
38442200
12079519
29492217
25091197
25940666
29059726
12659861
23202856
31461934
15123426
19234535
23160995
23479292
39172027
18632128
33844396
14555661
38994016
26921299
26380950
12675619
25597954
19103145
38342418
18239457
25128872
17560546
15383276
23468892
11115854
16495226
25375241
28398466
32072193
35753527
37047258
36889372
26637326
38540406
16269309
36719671
39180926
20103585
15545624
35543806
22773817
15039213
32848183
16758199
29451434
16386755
10752556
21470957
16845396
18814027
26347403
31406141
25930220
33230434
28441135
11964181
25820720
38670193
28337296
26083339
29307821
36330589
18091546
11741956
21319793
13679573
29296520
22899242
38906600
20461292
19656258
38842768
29575545
30953514
33263282
25052851
33979701
15291751
35862373
16168708
16371506
15004235
18250306
29046455
38947842
24394775
37797433
10760273
12396349
22262902
22593191
11802744
26676256
19934380
32600062
19737400
32756532
15964496
38499154
24215910
36426731
38910554
33336726
35323673
19605487
21642991
28656597
31594818
16675490
16418302
36359861
19246649
39006089
23500527
34350095
12054507
15265985
34764803
22731636
37137667
32938770
17018872
24143229
11752373
21119009
23144461
11019911
28106506
32419589
21518930
15383322
20720181
12673889
19658107
30395994
22841785
30086768
10666020
26465754
38377719
10777584
26733198
15111304
29765546
16343483
22287277
29382714
12242276
10617134
36959575
11956321
19462258
26156437
35326503
33596769
21140450
20811996
17767016
18418079
27216037
25770092
15151767
11044738
24870619
20818790
17360675
23800282
17637798
24463015
15485828
28648645
37634479
10612717
14676203
19773442
22546500
17350957
10749918
11983171
20137501
32819610
37102239
11074068
16565089
29886525
19073896
19436728
22403241
17473071
15756452
28716029
18680509
10671553
16037816
17662050
27436148
29057721
12370742
16641271
36538854
17267690
20021564
31176400
30044012
11524682
15722354
39153986
36274132
35045631
23045459
19284974
27053556
36653359
32186673
19054772
31436314
17088213
17277166
18396263
28336683
12960244
32846133
32220064
22002060
16546130
34618051
35910856
37400117
11784061
27503926
11278514
17138864
20432439
12733640
33915127
21113690
17556100
17235283
34999119
15695103
17395420
18155566
33061617
36964127
24983364
36409218
39161580
14760102
12140284
17394529
17055984
30645756
28642138
34050483
24676999
17763420
25468907
32256212
18690645
10918607
29649860
21147927
16929494
11336545
21932038
17427993
26635368
11888933
12824158
21816076
27752061
34358944
26318293
26459761
11483222
35737588
25564677
17319159
29021224
36329956
14568956
21457371
14675620
16835460
11790796
34703905
36596591
37162335
12663543
24867958
14596909
38254202
27923383
32814086
10948194
21212402
11818394
29973878
25069832
23811561
17656025
37285335
10995742
11593427
11872741
36964488
26795070
12406888
33191617
22946051
39285950
14702339
17141982
22865466
11713865
12947197
20499358
35179079
12454284
24274541
24251647
29364248
22142798
10840827
15602769
11698453
23441856
33869307
12639958
20886051
18353096
19331697
22290979
17932509
37744380
25736755
29932276
15620659
15897469
37669863
14640032
21195420
23992744
11579090
34471941
24104354
16890216
10636916
26921175
31605014
33391506
26030842
28674877
31000589
11669632
35788718
15550926
11042117
20589759
15824112
25449278
27611675
34114349
24081492
16581795
26359300
21925151
17967944
23850283
23283642
20431057
17973081
15494155
33402847
23611875
35116265
30666647
24569883
12401499
15166037
18184699
23552556
33157164
37398174
36631597
35982296
32757229
37838116
14644443
11239416
27340655
35631459
31245876
25514854
36644958
34096776
22248149
21980171
11424209
12028586
18713988
27711183
33516048
34187303
27588480
14970662
26608390
11254673
19710149
26467972
11577116
11160627
25653431
27429302
19428487
10943890
32219144
24942074
34057016
32697670
21492476
35359381
23361507
35529873
12493731
11068878
20472823
11114838
24287697
32183047
24333668
11276227
32827196
26636433
32570982
36272644
34339518
18691772
16407538
26136468
28659487
37541640
31801866
33548622
14533812
19357184
11239089
27044074
17103319
22539311
15061086
24780320
37164696
11432776
17207535
37932175
34660270
32709127
38386239
12083833
34120022
11208159
15066269
15919656
12207970
14644643
27017445
27932493
16510724
17218069
31923421
36283176
14707141
20407444
34026223
38360598
31051196
21750673
37904149
11116050
25557830
39126452
15102850
12815105
12861030
23124613
25561723
11940665
11796712
17121803
19805578
31772674
37642235
21344482
21868707
18178552
34225746
38040417
34632584
16595659
20626648
12356752
25916089
36448803
28714959
21400205
10640423
16383308
25772408
35035702
35964538
15610347
36164622
12183363
16716906
21203569
30418480
15336526
19366616
12221136
20682045
12023038
11847521
12764156
20947685
22885130
23677477
25821222
34095151
38517565
16600179
18543295
10725333
32778571
20033991
38014633
32870280
17307734
10681556
23864651
23221411
32343969
27656835
11112481
37823194
11381114
15123721
18662565
19117950
22566185
23451117
37360194
20522560
26369967
26417682
38180377
22935024
11278547
28746872
33496385
16006510
30943136
33034415
16794010
28285942
15840588
12034840
10783385
12865335
11102447
20851880
38617350
35687230
23684705
34582005
26603938
12811847
11448987
25886360
10722725
18784083
29384219
16081415
17150954
27062489
11901111
15923181
12883482
19658198
17217428
22319460
35040092
34821107
18989794
26810190
12628297
12080032
31597779
12972410
30468106
29906248
39027514
36975005
24859530
19294699
21402757
21852560
28729244
11923319
15888455
15677447
20529957
36755387
15252011
32100822
15509839
36872432
24875355
19373133
23212916
12686547
15131112
34204432
16434406
16709857
11063992
21087992
16673886
15642358
20054389
23042471
24223161
35556220
21954290
18698340
27292025
11916273
28625841
36330521
10681562
35702702
14654987
18768397
36896765
35314027
37005694
27493626
10859165
16023761
30143593
15277521
24603821
30781903
37555915
10857283
16043509
11943951
12202493
17208333
20850414
24778116
11507094
11023197
18378772
38040165
11733379
30101366
27413250
26840395
18976215
19438409
30892069
19486889
21618536
14662883
16081418
31894109
36208372
16083014
20368097
25736756
17573185
31025902
10898736
11481322
21427292
24802111
32046851
14623885
20463015
10969771
35974388
33570696
22851315
33958846
16574888
20876399
12410601
37620777
38659237
27149518
17634306
26619836
10849443
16272158
37205177
15194684
10767426
15743816
34019938
38798421
24039792
19122847
16484282
34071096
35949592
38460628
24725932
20305658
15904978
14554096
27857059
37034225
15296718
23645731
21692750
36399125
16595785
22048959
22291592
11007482
28653878
18331200
20110352
35450028
21768108
12431978
20497554
20930142
32117076
31856855
18204829
37436082
32572907
31894127
12761493
15899885
20859058
34948448
11739639
15265709
35116027
25342468
34461926
35936005
15454569
15780933
28665748
34929448
29959684
16407280
20043236
15466887
20796176
30866966
18984734
19734348
12213805
16371476
35676262
18658095
39222906
11865038
30391932
15538042
15807535
23541691
22207702
10995390
10967104
11927594
23999124
27856611
37046850
21084765
25548249
38979159
11149600
21986628
37772389
10769203
19029119
22490607
27037614
32945414
38196603
11856341
14531807
20631049
28373131
34076498
24885390
20519501
14654226
18667163
14561399
14993279
30420783
25671650
23603392
32106857
29966326
12176987
23010717
35034631
15743910
33667716
22948144
17044980
33159702
16819138
11118444
29944393
22890326
21540176
21826110
18497996
21661123
21330372
32770325
34455010
22909348
36113884
20610737
14749686
36341698
20385802
28519068
32007500
12593670
36306558
33546665
27791065
15699036
34917764
17949557
35036065
11104776
19961560
12032086
16596707
27531930
22962269
23859788
33672588
16905744
36130166
18199549
12711009
17908283
25225294
27694882
31655022
28077277
32818489
18834646
12193692
25848697
12663490
15222879
30668922
32457219
20516060
35135542
20943951
15689959
23489802
32553951
12531694
30536547
32139900
27284967
34589428
34110104
24091676
25742748
30623138
31746627
14683597
30171070
36434056
19014373
34135078
23386126
25754985
21864893
16581041
28129490
36482889
36463292
36864055
16826525
37589160
15745950
34427546
31725199
37124219
19158293
24347838
25114259
32472455
33179082
16338927
37984253
22383494
20303370
35361685
18089774
37669163
15222007
39039414
15824120
19368836
24442637
20558726
24738074
31549402
19020013
36566472
38994031
37549250
11422241
37976321
28608532
15158436
11581390
18772196
37398442
20946164
34951554
33750389
21182898
35300004
16452499
26566920
29410075
32967551
27496568
12518171
35459206
27989687
35411716
10984432
15313882
17156670
25618412
14704950
12897018
15944123
12102152
23123190
27887846
22945332
16267825
36854930
18411244
31554690
24456667
22253878
36330333
19881956
17980704
19184775
26289635
36040642
22956396
23762381
39061024
39028820
12370828
15140884
19088028
17762176
15120067
31253182
37385985
36142119
33658345
17403295
37673361
15280426
12676948
22935229
11134330
22303325
34629037
16623705
17111193
19294700
14742445
25950978
18068678
10843665
12076828
28671123
29031599
15941856
21291912
32896379
20708684
19008300
15467755
12835317
16793401
32532820
34855201
35002322
23145131
18256032
12219028
37166670
15292262
19117728
18077336
27071417
32719361
15650332
26296721
34536357
28099152
11912188
19835636
33135306
23348613
38961768
21483743
37288731
22102136
15262176
15947686
12810359
25617755
36409591
32190002
18261158
25750985
14701854
11266368
15637587
24623782
10644758
25392066
10713269
25818916
16397223
26863410
15698510
18395088
35056756
37259128
38671459
35572683
12160517
19861535
15931543
24904548
20434340
21622568
24021482
15923192
33659004
38739302
12791703
10699461
27382435
32951278
15934257
16339585
33656681
29035693
27740879
21602805
10822232
10938111
21233064
25617714
33355361
34003848
16582012
18523139
18330900
12016225
29097358
32468683
20456003
23386122
16944923
25546499
25502654
12509223
15220332
20979614
37347740
11985869
24523541
32009553
23377885
15159418
16391241
20084115
11493649
19258512
20863404
37143536
16769747
21979956
25567679
37839786
16626296
14556659
24008156
12960343
31795916
23139213
34793611
15163628
35487402
37555799
32333963
22246556
38594783
11175483
32602291
36918219
25526895
31889914
12944511
16245241
18231572
29537926
26748024
38925325
11914074
32426967
12719435
26979522
32719955
21853157
16481563
35606572
12562765
21343394
16094321
21804003
26506232
16267838
35773303
20332089
33793249
22028803
39247810
21798293
28722168
25555378
18485706
19702658
27497875
32377733
19734199
17971298
15155843
25391381
20724523
23403918
18541373
36765397
31942198
19470755
23127854
15280438
38869787
31901078
15080447
36604982
16637071
36135312
35240453
36912786
19683050
16549373
24058710
34098726
12419528
26522050
23593405
32808701
11510991
38240350
17350174
36396591
29038587
22278744
18417573
11897665
18548613
15930276
39011677
11526496
21301082
11241288
11500056
32278433
19471103
31034957
20497906
15947427
32748677
15210937
21528459
21419846
21183953
22707721
19261880
34446576
17149370
20957750
38944151
37961624
24501276
17092952
16501109
17089001
15923189
18829461
27387064
24586174
37200287
19609731
15769255
22110187
26530101
16212432
14592874
35202706
12897377
34396831
11925439
24379409
21898413
36066393
37632288
26854290
34587475
25495026
36189921
17202342
37343939
17451814
39153128
14679199
15500617
18583944
38701556
12912996
11114723
22553322
31352814
34399777
23527007
16800875
19151925
25475532
21774814
36747258
12756530
19859911
26853486
17980711
18778405
20960116
33742286
22068234
20448046
28222186
33090398
35711530
22065737
26598275
35066669
37794133
10781592
29734505
36803098
11447225
12821663
14684371
15935775
18567582
38040692
15669015
34036399
12450395
14871842
10614648
17292587
16929644
34447464
37247911
32105074
11125279
32369236
35680797
35706403
12878229
35320949
11337488
30595380
22013051
36373629
21680704
31733123
38136627
28673614
29632175
16112104
38905870
16407977
11113154
11056214
29221422
31015482
14757319
11827208
17192876
17395888
32755793
27957507
24003215
10816575
25573074
35581007
20693286
25328135
23907019
20554520
34245091
28968422
23788181
25830089
33516252
20167237
15117821
17166838
11152475
30585261
16396833
15632178
20599949
17405911
21178959
11259413
22120712
17067715
23940278
16260609
38666306
38106655
12192040
18672374
17516570
16631117
30126430
18228199
21383062
27992407
34118311
38042492
10882535
15528036
11015340
15897881
35380991
10787406
15520863
10941738
22905195
15572408
14699120
37843098
25922362
17283395
15485860
37147639
16030140
39158360
32530126
12470641
16613844
36063729
33786786
19780892
10987859
24275527
15226408
19076057
27738490
11119710
28625975
31635426
35174774
29651006
25056318
27606466
18758753
34463003
36622335
19523941
11297243
11726519
25352273
27325287
17103024
18271270
34631276
15179511
20547751
25917063
27165123
14770001
19428821
36088536
28666328
29671919
25878114
15941832
32110048
15743779
20130082
24719406
10633109
21162287
15591535
15130767
34678516
20356955
10938112
31953871
36478074
10972874
17765891
29812999
11971095
19850717
32021252
20870937
36461122
37354353
10885010
24623156
31777939
34872582
31025379
26936397
34236638
22976297
24613350
16543726
15087455
29313985
15202935
31161683
17010110
10782893
24416241
11450138
17624454
17098929
15044695
16680007
16608841
18512761
23299472
19763967
24578576
24796810
15355926
34410578
26412467
16116438
31973536
36928713
18155346
12379322
32570757
35014676
20728221
19226252
23010716
17496809
37863897
12374774
22645134
11418468
29867023
31230944
19397489
26074785
35777340
15558019
17936786
30988896
26311052
20090852
24886178
20005950
21465471
36736897
11259576
12110673
25523191
27200083
38597031
21827746
12571249
36209075
12644574
12016453
20967581
16481477
32421925
17726152
24019759
16424369
11201794
11421126
11279198
10972876
16014381
26979619
36964781
17013811
11493925
14604964
31858815
25721089
24684930
29191501
15860730
11162395
30361410
34011217
30509973
33976741
12640127
28219398
21124939
15611059
30554487
20110267
30404795
19525193
14572308
34091600
21764974
19047096
15383529
28848092
15569673
30913450
19096764
33940005
12842897
24289579
21502507
25060662
34343566
35168468
37964865
22235275
32273831
17579087
18355801
23744296
15710754
11095689
18048348
18177378
11497433
11241166
11262391
21386065
33841415
36014967
20348402
16371364
24709359
34589082
37691654
11118361
36330380
34984927
34165774
23297398
36586008
33041662
17064359
38057370
23740245
18394702
11289806
19252416
12221292
11733493
12097322
12192039
15707389
19608749
27696294
33961790
10837141
18813310
19544974
15591048
15342634
22442049
33897893
21957298
32422429
32097085
10938109
19154236
33705894
36741966
10764737
35531558
11179429
22391412
32986862
34576175
14715661
30836961
21533107
35632681
19526060
22558124
20717070
26845176
30417565
16020483
34458407
11861499
15173175
18055446
20097162
15767256
37215747
12810724
26496489
37443730
15713632
19458231
11329173
20861306
17521179
11302750
19762983
10773885
19147786
28499450
17255946
24011347
33403385
12922978
11358882
37403164
11208770
16917503
33420898
16698993
36738952
16779919
11470869
15152191
26163577
20956555
11751869
23509299
24875188
21680736
34381022
17404231
37020581
15858215
30368668
26480758
11434903
38111129
23637400
28819413
11410610
23536301
18445477
23681506
11714728
23750010
21685914
16979770
27848932
23912468
21486497
21743132
31992581
22833454
21437903
17008541
16829576
33055213
30523657
18782775
29455656
11420673
38082365
21840189
33526588
33841147
18227168
34237211
21410433
15939757
19733182
22622498
22119642
37814151
31988387
23624269
17586698
20843328
29070679
18986304
16480767
32650615
30497392
21332387
32513051
12444018
36181398
21385900
36726473
37690689
20558776
21816982
22079105
20298753
21900644
16109718
12973827
12435390
15530896
36088389
21632985
33799807
21813510
38515289
24191030
20427317
12486131
39118123
33664866
22973040
33116115
18083897
10854065
16466712
21998300
24127581
19153231
12612060
21533644
30092841
33290869
33974928
35278480
21933836
35062863
17283206
18048360
21795388
11831387
20223821
30148364
11959125
37193133
22436728
28189672
20114047
28576497
16734372
34285579
25609427
21859709
25800848
17272391
16186806
26966065
25081999
17581981
26762046
36624510
37923718
37913560
27637099
17041783
15936507
22633874
32982696
28648849
28498423
18451048
22970241
18276932
37586220
22596063
19935876
30824538
16953297
14988592
23036704
14578462
19816939
10867173
21085610
25468937
29530451
17352736
20624926
18977358
12520706
38657004
16820799
36566226
19249348
25692136
31668922
38514854
11070025
12958313
10777583
27269808
12372433
16903852
22485918
10893229
29311258
36182042
21943334
12242277
24775564
25807054
12872004
23106565
26717039
16330549
11017797
31310393
31401158
35041539
11799064
12471121
23555781
11102480
11069991
11289808
18395188
25326515
30664176
30149619
17974973
35116410
29386025
36932427
27686254
20304057
27161996
12969971
22369889
10869435
17200553
14655047
28962834
12667452
19439498
14617636
17140748
17948026
16360169
28386383
18816836
12939259
35873631
35383161
17491591
26548958
38123517
19966222
21671007
24398324
21131473
11016584
38140597
17934141
11459805
11128029
18316330
14697667
11319144
18215164
25787689
36189894
21925141
35316768
16024787
15610610
12077242
22915120
31924127
26223500
21936565
32127022
15456696
15611085
21664967
11336543
23400887
28768858
35498541
37057290
22315449
15331662
20395454
31029162
14559250
34990821
21775604
15128042
11476897
15356268
24417952
29481784
22896635
31190351
38777113
18235234
38745296
38549224
32774160
11812149
11113176
11438664
16079151
11029466
23496660
19300516
22051512
22833610
24623419
27648137
12759492
37698263
29578521
22045812
34965964
39175013
12620407
31594847
22995148
33072559
37350415
33031827
19059198
23199627
23636606
12084721
17032737
19148524
23133382
28935601
31933674
31935171
32780537
22024133
24851274
15005707
15781261
39237001
18974118
27716788
16479389
37710072
18429146
17719100
23484853
26896934
28522832
31376524
12036325
31491891
20093489
32750298
31852639
34190442
17161621
37606890
38993567
19000741
39149347
26241003
29578485
38256056
24930674
27927754
20460530
25300309
23277102
37416515
12574153
12226080
23449395
19297326
24472682
11404411
24445253
16200075
33407724
11748228
31057547
17715218
21565167
34938608
35144617
23056393
20180869
26421924
19502404
22350894
23796501
22988088
28056087
19154417
19060956
24499369
19850579
18337501
21794054
35528611
17241391
27093924
25003952
11311427
25080097
17347560
21214674
28893265
21914794
15831498
26034302
38365721
18211098
37174674
38939837
22340496
22289577
11553622
15910750
37610691
15642744
39152465
31320837
22356454
15125178
18853008
31213844
18480178
27480168
37271038
10939589
16014385
22805093
25959826
32454210
11564708
21354147
15661736
19922526
23898178
26406250
23748737
33610546
35417709
28512205
33250960
29042195
16569346
11590240
20615877
26409225
19465938
34452346
16630062
18191041
21895702
18191642
26902886
17311314
36306049
37398039
38688434
26624286
33909326
24200884
20010723
19682241
24947514
25821226
29086401
30795799
27438602
32371392
36222184
11200673
12441357
30307408
29028065
38355626
31308740
31769480
26811492
26382759
30365131
38105470
38048858
18465789
18067919
12890507
12194973
37822583
11180069
22366308
24415753
29943541
20090043
26384650
29616590
23233666
17334388
12391144
31987909
31731544
19818105
24317448
18278556
36844722
17927952
34244793
14696253
20731762
33741528
15113913
11078951
22070824
26725192
11983218
11431481
22677757
24143981
26677948
30242892
36764479
36311756
12388584
25781642
27751915
11777918
36335471
20623542
12777184
11739604
36253497
17127749
29338713
11741833
22061998
11208757
34168996
35602293
16301330
37808979
16600989
34098338
16697903
24066022
29018784
35905567
11375393
15953421
33904378
15073304
15591061
33098198
20805477
39038922
12896906
11779864
24927818
33262262
35147950
34036383
24758412
15312175
16648466
21147938
38933292
29104895
38518631
29431641
23342133
20200282
20947168
28991901
14973141
35618286
28666720
30850820
28419469
24212942
16964247
15016877
15226308
15572668
17030879
20592110
34856760
32086862
11564891
27875558
35921364
15120593
37353572
18389477
25628462
22282193
38325270
23454080
23200831
34767735
28195074
28129347
33377866
38925883
32292495
28827825
33398367
22474332
22517768
11965542
19033444
32158232
19060919
11563861
22704442
38568332
34184406
20112001
11223189
33711210
12824182
12089157
23951206
35862711
11356826
12011075
16115877
12529404
15359219
21725312
23505128
28716730
19200258
11944888
22922465
18703031
27716367
16267006
32747416
27621856
20569199
12095980
16807246
22728070
11749074
19132896
20488202
33520979
12019279
32186154
21205313
15561770
15569306
17127434
34934440
22442972
21479881
24962792
12724401
28611108
35829882
18367605
16971486
21969373
24392277
19335617
37007644
18633112
38858669
21628448
11093146
15130378
15271991
14985437
15180275
35581635
23583610
28692740
31927006
11156556
27245424
10965882
10755619
20643191
10995864
14523024
15033876
38601626
16387842
10938103
28833069
16331278
11583995
35610704
24143980
31201269
16038895
32884282
16361248
26392466
21787670
34893109
32327259
16408306
12475413
23667176
29358286
20620629
11694306
29401608
20098619
34133925
35781054
36064447
37506573
22921536
35287546
27224915
38826079
16286508
19591933
19089993
16053918
31194430
12739893
36623775
12724322
11296238
19706893
37734566
16723445
18045386
15734199
19153662
34306343
36180966
18165436
34345298
12165140
12826010
21182094
11281647
12481412
39195168
32601462
15701649
16621797
30562756
19759014
16113645
35814529
18633690
28607067
35033060
11778901
10722674
32452516
19300910
24119901
30843452
26022179
31752906
29880858
36267723
35225648
32374393
11052739
17173036
15072749
34187448
22924124
22130932
21364020
27079720
34671013
38778742
24475283
32110852
32226539
38932241
33841513
25265063
26022678
29483152
11700851
20040490
17373842
31681631
15934090
38769646
25797047
24466316
37305326
22889753
35158799
12724811
14517294
25306868
14749215
36171087
12730235
29127314
20237420
30102148
11726517
16135787
10998317
11139489
16848313
17785463
34362948
26522729
34646371
25271326
34589283
17310242
36418055
15672607
38229002
38871685
32425384
32962745
18432704
15084274
28748258
21546608
27045591
17662978
32180130
10982835
32514243
37044031
38641672
11172725
27764801
35098923
24809468
19002647
25051234
21321534
11207361
27605343
12646488
17638317
16621159
33208464
22226945
12511561
34658907
24814368
12405964
37104914
16123426
23903842
35064108
21525844
23089177
31619810
38784565
11022037
24515523
20154145
33920630
10841992
11062478
11991815
32483411
36247238
34858996
29164633
33462407
18165222
24706887
28041939
12858331
19909340
25839091
26678046
21389246
30186425
12808133
21295561
24817961
30666459
11593431
20881006
11390369
24421874
38673833
33557829
34370552
23773962
27960034
18349076
19887453
17542812
37264959
19239475
20589763
25998908
15886202
20709056
11900485
12445728
15073170
12694195
34724356
35758026
19486891
32724870
38161428
29861427
35563058
12151397
12947344
19252832
23548572
22700866
14573774
24610907
28328949
27829228
29225188
34594413
33399873
24938409
28675474
21349274
37365579
26752519
29959221
19931428
24283655
23382378
31443721
31492760
14963018
38088496
21994374
17064355
29112967
31654647
37989146
35562734
26526590
36578083
37004055
20578241
33029124
39287759
11679968
24614225
24685575
11029756
12468542
20530691
33658491
14528014
31182931
19218202
23592500
18445708
36463437
17481396
18632853
39180404
11096103
28826183
22711119
12640454
20847312
16474166
19522833
37364502
33712005
23021546
11564882
15696159
12557277
16192288
20363330
28793268
12919700
21042947
26972000
32199253
18645017
36315912
15095403
10762162
11356966
12011363
26735921
38364946
27125377
36169884
15611141
32116663
18296656
24721672
33519490
21678975
34208100
36313990
37207613
38586313
33249594
34320496
24662513
22624035
28052032
23326576
31546230
12851414
21846471
25814188
17122363
16817865
24256316
18542097
11752170
19766650
38661247
14603321
17725712
27080258
30181224
31911857
22529100
24409694
25739426
12122055
37582618
28337962
10938133
15314078
19923443
20331974
14686721
18711726
38334094
26063704
14674890
11259382
14571618
15084016
15257084
27335636
27580372
20122922
28636974
22323292
36620008
11034081
34708237
12117874
19426871
24962955
17332742
34142513
16882041
22267483
23143229
11034991
11071939
12663813
15355344
20718745
36422844
21281747
32627301
27896767
32179851
23921894
25600590
31501460
15679863
22982407
33914383
17151056
23625978
17761446
15531927
17157410
36230873
37577562
15684389
24098777
10657249
10731474
16923158
15781249
15135220
26556607
15570614
19179289
32658889
21535897
14517305
11489891
22505034
11134340
33759666
18984587
29113963
16399078
24012497
38789086
28446206
10816591
16441352
22465329
16219034
30761743
34246306
23817741
34369007
38588274
20942130
26620563
31038819
24205981
24597762
37718503
29037225
24571920
25593058
29695508
18602463
22008525
23672204
17158759
11553707
36394206
19669106
30787206
18787108
33408127
34716304
37572396
16781659
32196746
17196548
27527864
27864765
27026200
28526910
17083981
22565168
28630100
22024150
20058170
17085527
15318222
22921757
31824483
34833029
35012644
31793101
34519101
10884308
36632962
11376109
26394407
25976549
38492368
37700438
37283087
23966853
19261774
16042316
23504624
11940591
20081840
21056613
35404118
15297250
23264626
16261766
25206392
11005204
38235619
34652985
25349259
38305391
10874471
37742927
31953562
17971859
16223724
27594412
29883241
27298372
23479382
24753440
34432274
17486135
26579480
11421482
12167700
21529289
20520763
24690879
35163585
16118227
34753398
32817461
10856883
20206120
34384442
27427964
26643105
32033570
12900404
24706797
18220421
16537908
14766759
14570914
12805446
37918858
17510283
20811050
23856250
10954424
16344553
33579825
17009102
26075729
30626937
10660622
35746667
12037677
35513377
36481249
25117242
10720695
27542266
29017179
22819822
36289730
19014879
19347283
27794068
15936795
36447138
22932395
16571110
20729192
19135982
19245429
23035250
35836293
36512309
15802264
24876927
20097753
38258575
15596821
34280742
33747724
25336641
15861382
38474514
21433306
38426412
16846788
15220526
14999091
11691839
24554767
16337361
24626527
20856174
34805361
12925698
11984787
14607521
14597638
37636994
22528491
10821682
23140583
30810355
21307595
11063741
32213613
23852082
17939758
15240571
33193674
29616060
31481407
11994276
15878639
20372789
21533767
29433542
12637493
26441085
14536070
39002558
36163066
24126923
21870298
23468933
12270840
29338841
25648148
20332621
34215968
12885772
26219083
19483305
17201176
24700863
11078153
22500021
30346062
27277873
32021285
27342779
37820280
23109420
17058267
16857398
19533292
22926102
35717570
20498373
34076705
32626753
15849268
20960119
16899735
15998722
17975117
23736539
29655688
30315153
10958647
30842331
15308668
36337049
19201028
18430891
32085695
17615160
20797417
19348003
18230650
17900311
34411323
38042777
26687946
23231468
28209793
37349115
36058102
17655649
30055035
10944523
10806399
10854697
11565808
12453415
22767320
35736213
11245925
27634302
15799739
19308454
24599394
22778269
11461664
30099020
38043320
31337442
12220632
19201177
25787079
11709425
16603769
28877997
29732570
38712797
38986690
38747590
25261467
29024769
18308360
34446088
27471951
12597771
15543946
38670251
10873577
12172647
19726747
25512203
38960105
39128851
12009920
23129761
24874198
31955635
37782686
39059346
24462658
20504953
21937662
27639126
26122663
28370891
14561876
30707251
38463829
21822728
21245139
18691810
37789393
36966311
32206109
22916150
21320503
26599530
32096175
11299786
12413699
35023295
16405504
35437852
11231056
17002919
32471519
11020797
33068727
31914690
33882335
31665064
14697360
16530868
17625771
20417561
14556649
14668344
34108938
36495771
19588926
10872505
11564735
16764840
19812169
22273495
12898219
26074144
31390810
19276236
17260955
11313972
20194889
16176655
28811609
28699690
16049336
31592114
20023071
10893323
19036701
14718542
11796649
16012757
26284792
11136977
15710605
16052278
18459115
24284316
35069483
34455406
12060651
11163204
36669643
15316034
11687588
17927230
29020412
14604981
26880549
34168225
34651286
32066039
26230157
16546311
12527904
38688591
35060610
26905478
11801724
34976141
30649516
36682860
35180012
20234003
12209935
16428603
22317749
28983596
33985542
12832415
19559406
28630165
31185899
18588983
16163384
15474363
33608702
19065606
15596729
12816952
21489049
32884344
31037129
36121476
16950395
24812060
20508617
37148331
18004884
16627260
25133494
14500709
24939305
16428543
37993455
20089882
24030972
21573799
33249529
37055376
15375158
37560129
36716344
20458448
18528435
11124936
28912644
36377115
16051809
24219423
37100266
21427288
17191791
14702177
12163506
17371875
19515989
24846140
30820541
29322452
11312359
12468715
30115685
29179557
35064304
12946867
18155764
19610025
21118997
15516986
22280890
24374158
28844813
20472828
16582422
32538547
34322152
37393518
10978848
11726515
24248359
26828958
32319820
15616582
15872089
17290220
11535591
38243686
11726514
37688280
38455469
23015596
25983747
18178826
28617947
18819931
10842265
19033398
10653975
15626821
17406536
24127607
26956728
20406888
34353343
27895162
38959625
11406493
14582648
29590189
12438300
19105183
19415719
33432092
37927011
17660823
16702808
36438658
11545748
14662887
21829704
12176891
26609483
11760221
29085954
25756512
32802182
25540934
12232043
25961040
16144844
19411633
30911680
30450855
36244448
22727791
17921338
11109616
10972926
17525724
33032635
39033992
16183388
11779157
25764135
21742996
25063542
27702772
16322476
15749995
17335273
25670017
26998719
15616572
37468167
24244663
18657579
31613887
38267364
31511315
12011056
31278893
12112373
16172602
23413020
36270072
11113144
12093360
12901717
31534534
19734906
15300508
35093095
12907686
15102922
19451277
31337872
38552744
19113817
12524169
18054780
25631085
12676069
23897634
12519790
30325740
15929110
24416423
27203546
22403803
17671187
36245426
30665935
16934893
23152525
35900705
15113876
19734894
19637314
12805295
19424590
38287949
22553175
34350748
11457735
15656787
18202551
38415603
39021049
32590069
29765956
24644286
36719027
20832462
21372825
15306688
22343748
23489252
10955226
21636860
36566230
15385957
22393062
29802837
23378339
20960209
19251657
36917877
38012808
34856757
24270879
31912683
31315927
16358983
17303071
23936493
25362534
26420485
33242760
21728385
20554947
25790957
37965158
18509662
32257542
17417031
24509846
16230521
30574018
17875724
11691781
33082955
26950413
11390395
15247291
15067004
36608640
36584854
11939909
19170023
30824614
21931855
15539959
12960391
15561762
19782762
15120631
12511607
17046786
22251375
26099539
36380368
34856494
12824530
11375980
14622403
27610954
14563553
26209501
18760718
25825742
38643468
33414395
21566059
29285216
21903581
17355436
30246348
19017798
12204185
20201080
34136401
20875796
35117325
33315201
18088317
19421146
33442397
20849929
23719912
15186995
11994288
18179251
20403962
33750401
12941954
25389186
26253969
20103830
31106142
29101288
15924415
11160896
20651226
35154166
34742153
16037825
12153760
20174874
11495917
12681488
12801522
34360553
33977474
21349850
21993075
25521246
15698842
19233263
15467523
25484056
18397367
20421379
32675746
10973489
25809282
25458953
15380676
37667382
37483631
35592242
17634952
19801411
18434405
34388214
24190881
39171145
11076950
18428670
19113919
20926561
15364951
17093095
14594954
15652670
11087097
11682486
11350735
19933706
37290302
11104755
10837486
11041112
14612431
17620057
30821397
26819411
15615865
10786836
12042313
15240521
20580708
16131350
23484008
23548743
24466030
36595954
24395089
15548597
20578995
19089619
23308066
11502764
17142970
32044375
25645911
28794496
26551465
12898714
26244572
17461932
27761833
37803433
12500176
18490130
38409882
15030493
11581373
12843282
17442268
18676085
17851558
25178676
29212928
17070309
36657343
21874557
27648131
14557269
25196554
27233938
12856723
24676687
34540823
35579772
37457130
11406634
18321977
21972236
17959750
24004949
10706131
16407257
29782349
20942117
31061501
11551657
32518190
14761964
24586950
18276761
30798840
26290381
24014400
10623674
24010014
27732661
20739542
30714180
34445906
11348624
11090128
31228703
19605630
35898549
17952117
21876430
10843191
21641753
34603058
36905137
31955010
36778356
19817140
31220931
28419739
27733621
24678027
26812044
35148462
28190421
22544902
12456797
12391154
35033075
24792051
18668140
38448751
11585925
36109689
32381043
28679534
22906975
35583302
20007293
26959741
21646427
31518570
33271263
34195668
36827413
11574172
19853919
12360409
37468739
17720483
17172697
23038776
35473337
19201925
23118027
38555910
10773023
11733546
38144777
38617303
15380068
11057956
21198639
15790972
31723591
20385620
28974576
30203281
12645629
35114313
20483786
30309377
22892320
16055431
22052202
36350063
29283288
34780049
23250218
33183171
12048199
11914278
14570876
30833641
34822318
17331656
21963850
14536086
24295069
33310309
36066399
12746291
24198401
18403730
21803995
29320991
33163265
28473247
10877854
16982681
20371628
21674737
19508346
21387572
21966515
27368754
17009320
15720400
31502059
10848585
20144233
20628573
22258855
15802271
23173123
38608448
25899529
31755214
16425036
12023290
29458013
29941490
23771927
26644512
16061646
15773913
39114447
11050174
25579846
30645940
14710194
18615637
16669614
24183726
16859641
22649572
17014843
15175332
14506706
11781841
18439434
25349027
25720437
36581018
37882923
38885772
16731905
12200229
16737974
25406378
16300632
20463056
35219693
15564676
21617128
22140229
33691755
16680072
18460839
25582856
19795375
36739948
19495706
16043163
25809670
39072172
33977485
12162815
16360132
15096502
19428785
23569248
33093272
37382425
21503958
37855039
16373705
14742712
24086058
17504173
21494323
25336651
17479358
32365647
35357586
30945199
19503793
15199050
23287549
23531596
21126805
12771937
23221556
36737405
15813930
28478013
27032069
21736617
11906213
26418262
14976224
26110898
29385045
36324176
12163479
24114705
37461053
20841485
37088822
32276428
32893175
15199065
30665442
27091999
15474016
11472397
12220626
21796537
20922735
21388435
15911774
38011569
36412904
21829535
20048263
11128577
27627189
17671169
31217076
29975921
28276016
15853775
16861349
11971189
20571823
24769876
20478393
26117626
33392287
22378877
25878250
26655239
28381547
15609076
32390359
23291901
12525476
26879143
12185196
36121491
36008860
33355670
24839023
16641145
39135069
29956586
10965036
33744418
31639699
16513846
35874721
32629869
30909144
25529998
14559906
27571019
30504831
39185559
37769950
15385560
19735482
37149661
11313365
29510343
37968706
22871024
14551812
31021018
31086087
33199366
23335000
33373440
22086554
18594017
34630489
25847232
34324278
34544452
35761386
12410792
20525880
29039458
10713105
15657427
11013215
19644877
14722080
31466138
39183510
12559628
15213298
38554778
12586840
17054984
21528446
21062784
31649118
11156977
18476349
15105791
18429956
37397411
24240108
37931691
19636412
12954101
21465480
24571989
30286088
33841333
12690449
15786999
23329509
39047730
21718706
19201868
38334007
19762431
16222756
32592202
35864529
16170352
22199228
28859974
16129676
16055714
14514796
18534979
21163940
30093526
33751650
35596947
19118096
19706688
23800076
37282488
28966212
32015451
26528969
15956716
35686107
15342340
11156412
11967258
11577089
23645514
26749427
11785981
21617181
18498667
10643703
25487825
30143614
16899564
24781749
28655763
29731738
33258143
27557768
17101778
16105911
19657228
15677471
29114070
34669021
26049106
27325299
11546764
21852538
26141728
37440041
16269407
38648719
28284560
21186355
27337943
28498977
34764250
17008358
20421341
23140275
38049814
12935897
26146628
33980181
25311788
26520111
37333051
16455949
32322465
27864380
29648665
38127070
39026698
27927712
15155786
15757895
12545205
10688664
16081421
29018139
31286874
22159580
37464234
22506990
35403343
19282970
24098540
29123267
15123673
17525332
16790772
21757500
10830896
27853262
25432174
23125226
12051714
25466873
35921902
28100686
22673621
21151871
34016787
20095964
14700536
26898829
28456575
38570856
24423267
14511406
25981436
11728827
27659916
38532469
26863570
34857003
10859029
17630778
17018574
15143185
11060031
16030137
21319196
33232386
26656639
12694553
10910099
10864661
31186036
12771131
15489638
34387592
15542852
18455188
20876096
31641696
14627987
11055552
12062058
11441186
30523159
20370687
17135320
20053985
18685789
17543868
21976137
33189893
17037619
28149533
28415791
28213380
21030067
15466396
12495941
35371302
14688794
19802384
26397138
30782963
16283521
26728129
30180853
31310151
15794744
17046979
39261577
14535844
10919676
16135826
38268030
15986602
17329366
19778507
21637389
27614023
35427373
30451820
18987186
23658454
37437062
11935375
36395538
19455144
29211809
17400507
19592253
11467888
15597342
19173291
38248348
15247295
18264140
34459207
23064114
12885774
24120284
38960286
38811189
17185389
29988968
12221128
26791484
31765670
12773578
32194967
21659512
16338352
19427996
12234529
20557369
10822263
20135642
28975986
22637475
14761958
35967285
18285702
24244540
12773562
19362163
29128753
33420996
18605443
38799098
28193731
37302347
21073519
28794184
28300834
35466755
24793090
34239868
35954339
14635036
15851487
33830170
36601740
34431698
20131913
24423312
22678762
27261364
15455072
11579093
37672715
16316999
29620186
18256541
22345668
10772641
15932880
16875662
34356104
18803303
11267961
22389438
25491184
38989412
36537297
21807880
38247863
12819232
21784977
34173806
19384852
24259665
28805820
18208356
12842083
21310852
27809873
37138664
11278635
24129186
14582644
38430586
26017382
38944165
37115725
22518003
11980479
12010829
21198825
37122072
18840636
29807114
21680893
21291488
29981208
33061446
34787066
21857942
38008726
20394854
20870899
11150331
12642864
23345396
30579899
23606646
16865237
17724432
34637814
27270235
10667577
33653372
38301874
16648470
17314095
10744028
22848707
14565957
15459717
11717160
32916335
35650160
35346268
37517289
21987792
17363467
24518891
33727589
18248607
15175388
34887647
22342701
11074303
10913163
11147966
11669637
14703945
26258640
39026372
20427569
15247250
26797570
17274827
18692513
19226284
11278980
24056085
26941330
35856314
11872161
37821462
27941792
35279761
26025664
23015594
15702347
28720061
22277941
12645577
17611691
15914918
24073292
35175505
19343200
20826751
34258925
16277607
16823797
38001611
12372612
23648141
11717306
21592967
10991949
11423552
12815070
16182558
37409962
23781148
31356645
24065275
28947386
32890482
37461455
18639247
10752960
37040844
25201884
11712088
22035369
25545208
26117046
15247277
39169375
38752370
35460552
25320310
21402772
30192000
38942251
27871951
24680664
20211660
21832164
32681514
36563168
10747882
15330800
23436379
33534412
12953274
10666124
12731887
24515345
25775404
31608791
22264285
18240209
19696211
11676840
37662621
35279560
22307735
12667293
15156567
15299005
11973426
34521423
12370292
21301228
11601714
21869741
16187115
19553338
22981508
34215679
11598799
27788616
38008382
20494969
36154781
14759516
35066967
15067095
32755965
11371618
17145369
33468219
19948005
24612669
14623328
25560757
23857585
31077306
32456820
36794533
34285578
15452118
12861022
11726505
38279869
10818141
35737520
33911969
11376153
17854350
16061995
32676861
10614641
12897144
25031889
32206061
32330198
11297560
25899081
27514802
30038264
22154669
12915445
12692563
12714492
18641958
21645500
25531381
24735981
21980483
18057008
23511308
12118065
11773029
11842113
15694365
21795333
12432078
21629666
28679169
37739040
31995153
15942030
28205209
36658328
33584299
23552487
17626083
30622440
26171232
15173168
16301670
16940963
11254969
38612387
31298340
22975420
38817940
32201174
17460328
26981838
31956297
25820151
33228246
18354037
17417029
27878283
12409278
16723087
15719057
25637936
22128911
25220605
17561021
21310943
15107468
10769147
17237231
11400353
16321978
19729515
21966512
33447565
16023736
16790494
10625564
24117506
16519964
31969820
33546419
12799413
20457601
21943244
24036451
17873289
17200123
21136911
37014625
25972993
18413254
15914772
37823256
34254950
15761868
29080472
26769003
19916381
30148830
21619884
25301083
20385180
32833900
10753751
34575073
12798792
11944898
14741711
22741587
25418785
28940437
15917299
17475643
30217817
30172377
33729124
33677646
17005904
36454975
15226268
21194153
14976311
18599441
29176328
35740278
35917185
20977669
14767517
25527454
16469735
24703937
33292234
15763663
33061608
36285351
15297236
37190162
38012763
32171293
11773046
11120604
29492786
29331531
15229184
35799293
20525693
22909382
31164797
23404293
20724593
22071928
32363643
17167543
22890884
10666032
25687043
31684194
18550891
19211733
30946870
35481134
35037268
29709556
38017479
36548138
32643707
24037894
22113294
21287681
27623778
12529334
12435397
33061631
17925227
38104136
11934885
20512930
27323778
14522959
11161796
10668804
12771187
38689644
23840580
24714105
15037765
10644362
15767449
23690468
34377235
18234993
19833129
11717313
16900103
25645517
29030871
30823930
18649364
16862220
19708918
37553876
20056089
17504974
35171955
38430804
22009152
25865831
34976732
38241848
22335236
35211755
35427837
10906323
26749480
38339405
19451544
15075342
18534566
10652346
38841177
37871853
12095417
28251919
30234377
25557911
35546327
23583680
36513999
17559307
30033448
27758712
17910142
11077003
24376879
33125143
22008075
25005758
27046446
29046633
30247799
33819576
16061795
23723256
36237989
27631497
16236470
16953078
16249096
17971905
31512408
15014124
10790862
19122200
12414924
15617688
24468289
12515384
17005661
26877964
25651611
17996191
31479752
11581249
14701864
12970360
17984099
35008733
19475557
18228387
18643873
34705558
30174701
17881279
39229053
38954215
11535597
37001816
33248556
11078637
12746458
23272152
31479923
22129094
21525008
11239394
23402580
20613771
27317676
35908367
17303075
11867642
25084355
35233882
26087183
32622801
28346704
33000222
11760847
16099831
20620597
30160359
20942126
34742738
34012913
31699152
36138777
30922135
38538582
21935933
12847290
18713018
21210813
33051357
22720111
30144531
12765691
11060846
24198428
12925609
15743529
21521616
34369033
35219877
33364782
17700972
37355987
25275839
17065526
26680771
11960624
20085233
10810447
28623580
15166244
31404279
24141767
38730334
24819706
16103118
25799006
14752249
18230692
33467979
10751154
11994284
15284248
31884095
11252480
34596084
14997047
15994237
33921267
30361617
37041441
20206212
23530045
19319189
32245489
35154160
12089510
10837489
19026164
27711255
37536615
21242991
16731526
18922869
34975313
18453107
34146639
19376641
19563778
14701848
25763715
11012776
22227495
23977113
17342741
18786521
17236099
12902980
11044984
22500989
28274760
29512763
15026547
30807184
11208643
22539854
10995014
11035026
25993409
19497129
14755549
23644663
20037160
30076999
19812124
33421501
17469184
18713067
20209493
22083131
16741948
26476016
24003143
25211330
14701803
15044962
35191420
31212646
32926768
25494214
26096047
16554484
25525271
24374042
29415205
34006831
11406154
38811968
18326500
16891310
11978810
16687571
19049964
25323785
24394625
23837318
10777481
17316552
22618595
29899176
30696915
19458088
28878328
23023514
20147654
25379016
14987745
29802200
28677037
26657289
15346200
24487969
29516628
31480279
28601463
11358819
15670842
35365208
16473471
29933112
16338928
15043998
32107004
36413805
38716618
38288904
15548205
17878160
12824192
25614064
38062486
38803052
19460866
24956593
37612724
36411454
17481873
20305784
29642903
27430007
33288642
35957990
29926068
19572019
10928988
17553302
19923922
26226340
25844069
32581545
35324526
12714638
26864483
38169523
11169399
29343504
22801372
34741437
35217064
23747421
35662671
34685586
22180868
28053106
34847178
35611885
29934511
38146933
12806185
31550955
17675568
12622829
10639138
19366691
33053435
39150096
14662871
24265268
35088780
38407942
16082386
23811339
24769000
35336925
31798569
17959659
15572669
35568951
21722762
31254244
21985982
38636737
35149697
16144932
32721878
17709188
32531288
12432079
10751228
17490645
18840708
26842820
33488124
12732640
28249939
12621451
22382775
27108431
15684429
20064217
29085480
19493159
23152614
33788053
35862223
18799182
19376117
39138880
15563462
20826801
19730452
12606349
38895685
37851698
36835419
36228542
19563810
28791635
28611247
34650909
22924441
23201971
28573168
33552887
38092140
39096559
23372797
12746456
19247446
17080197
15116431
21890634
33992597
15623525
22019940
22503972
24500793
28888989
10684933
12453428
15066263
25599677
22779921
23233858
33523834
37366426
26020241
29709481
22745481
24118933
21389147
24651064
35013925
26266418
28540853
31262974
23953642
23172223
30508278
18823951
15857828
34237247
18303023
12628452
26668317
12486141
35014953
30797711
35102025
19010535
36139684
27148820
20814238
30147338
37846580
20817869
34097310
14595024
14654844
37144221
14980915
12466382
10642536
11163772
15699045
18418067
19140805
33472938
27884605
15372079
33004823
22271508
35840783
32893965
15814530
33568694
26119586
20228063
12805287
22411956
36561847
16507569
11309416
32438569
24451213
12393736
22880058
21558325
11752167
32826416
12920199
28959866
34286045
15862359
17911105
25861989
38615433
30874545
12297500
11032911
22178220
29906749
33417283
31677819
16837631
18263879
21628596
26310906
21364188
16459334
17537651
18799590
38949897
22677126
34869035
15785205
21173433
23399074
22161689
12033769
24996823
15273242
19915063
11278647
10845711
12875649
28031481
37151881
11665863
31695778
32907630
18830570
17786322
37087878
14520012
18296682
29344139
17581920
12433946
22907490
25763493
26408697
33799898
20028970
37507742
38804301
11567104
22043013
23192861
16940187
28380042
19901966
21060781
35626691
22228025
23029343
23981870
38275125
36809917
39132166
25228146
27405988
19351597
12509446
27340132
21454883
17338182
28904368
24703702
22826604
15583740
19439446
21683690
19850359
15909155
22547057
38072991
21215101
22243260
38128394
19056683
12825895
31747856
17729253
23599772
12824168
35840974
26991697
15576648
28087344
12748390
30684270
15171550
38383916
16679460
29478040
16343492
11231154
12512297
23012419
12107182
10903733
32082513
17913705
36912171
12135903
15178678
11709714
34615552
36892025
11487620
15917997
26582200
21144278
31984645
12084710
17932323
11376875
25911851
29511085
28107387
32781615
17083810
23861778
12730204
14661019
39273074
26506398
24354742
23018867
25070892
11313968
14722103
25866185
15332731
25200185
28430879
15161929
32763778
12540489
29453565
38868032
15934939
18582454
15383545
12482853
22960107
34856993
19404397
32581553
14595769
17442889
19357195
23637401
27402625
11666013
35474897
14698669
36777845
31817988
12524443
12671054
28611590
17549480
12016209
24169621
26718491
35269911
38513577
26268594
12558971
26885752
36889764
15647277
30359325
30640940
20856938
28725911
38880159
10785390
21630325
23060452
32039035
21954288
15000751
28604766
37078294
15827562
12006486
35804432
37919522
28334785
28663002
38010117
38838948
32921999
15661831
20484410
21841130
26179157
33722159
18196517
36756307
18463134
37947649
16410001
36724449
10618420
20039274
16878700
14522961
23416464
19694794
34974804
15177567
32967199
33270799
12591089
28296184
20017956
32497620
32945483
33829047
12192036
29069646
15761162
15964803
37446080
11684285
17093100
36550273
29261229
19576172
23585889
33824865
15623759
11238923
24600000
29263270
35835966
25981458
15811858
30504124
26605745
35793013
12054698
37450136
37759534
15826950
37340423
15297418
32385234
32473077
31735076
11181089
28062719
23301673
16084134
24560797
17380124
19347873
29896095
18584949
29433439
12018943
18202152
23818874
21900255
26781468
26942878
31476975
33598394
36125758
11792697
21951318
29236247
17255933
31548261
33654430
18350569
21037577
15381421
16361708
33844960
31754404
17060324
23228548
11434933
35951156
11726552
18381081
25171822
33245474
20449574
11341940
37986103
16806069
19706554
29069741
16701559
26313243
32064169
10913256
11577095
21098140
28676338
20708818
27038336
33453658
28730485
11897660
22311908
17340613
17502676
15683828
16123445
34092252
36923931
37828426
26431795
36933491
34291051
14556939
10777580
30975281
20209062
17636028
19698986
19823097
17081119
34356541
18538359
35963429
11689681
27127843
17257496
14675348
17383430
20929554
32434088
14966136
19946215
32732901
20221700
29911936
22493223
15626685
23845988
32341571
11958533
37302272
19293598
26672765
30041239
12473120
35711411
15383583
17659257
38315284
23349502
12388708
37584603
28677728
10648734
20085748
38174116
38513457
19829122
24413617
17000779
23404887
20093365
16169070
12777997
16678796
16127172
28638935
24632479
10666084
34224297
14754884
14517280
20133623
21288367
26901061
33381997
29556372
19617914
32110054
19826908
20659559
15914846
11779217
10852970
18371312
25900241
38520322
15347659
11884481
14557627
15529574
23462953
11328862
29725063
33671256
37254618
14701756
11577073
19170179
21628403
34957935
37872368
32434515
17202323
15522076
25012810
32506562
11245606
25229978
33344443
36208289
26546435
19420057
22247486
34154626
23922889
17764416
11356186
33391437
24163370
34105183
20826781
30230528
37257587
17901130
20363951
15140790
15234969
16279943
15587917
26735176
24158832
15269400
36853289
10864474
11376871
23891677
14998989
30863155
21951684
20053497
23565266
19417137
18798319
12665861
15708367
21911054
12037670
12909631
26182666
22988243
30919353
18832310
25086377
12210743
15371450
15757908
23954204
26495868
22799352
10907864
15485817
21999391
35361701
33872658
14991901
28545085
25909891
21316949
19293561
15454340
35523365
20697888
16362050
34158856
31923418
31297857
33627137
26382858
11402502
12023298
12808090
23179371
24385580
25252978
25337585
23964527
23296777
12748295
16303557
31735169
36480964
25564623
22074918
33786785
15194697
15620644
19363035
15212949
21860089
26919101
18387958
23359326
19898496
28679626
12646221
15001984
15962011
30735184
38201436
15469932
16275642
15480914
15207266
15648401
15375544
19173286
37448165
26230318
37269685
18079734
18502196
15367343
15710417
29357897
31009048
24635832
31811786
34803150
11747295
33769609
21711701
16513792
15976182
21228108
22705122
12177006
33006200
31790338
28039930
16303976
36586573
18438919
19421147
25194920
22028939
33760112
36275617
36204728
20103631
21084061
38740836
11279133
22144090
23104236
38228715
15465819
26822703
16542645
16103110
16023110
15691847
33464446
22404611
20860840
12031646
12697836
16858075
19701189
11994491
21317457
22249652
26506521
35281112
15096578
29692766
25719244
20427051
24564570
35277183
36652182
14766535
12509463
31002071
38362337
12960169
23835622
35477278
35396925
20101233
31235640
37488867
24955524
26047698
33766558
22933780
15525690
20336670
34753401
32948206
36184616
37474008
11502477
21478324
21454550
12823814
30541955
15123651
11839763
36734275
18558872
28128343
30320910
36457054
16573652
21173221
17716621
21597963
21348870
30592292
33953571
38677328
25682201
18952195
30832754
12697752
11160870
18326728
10942426
28697633
12960024
18078453
15548540
22547769
26068753
31126818
17293490
38538716
11110791
17277771
20882321
36967563
22626948
17054906
34139933
15574589
11438673
25673011
25031719
37399247
27197753
22684479
35689537
19922971
26744063
31308817
32884303
20231277
27298320
31597762
18065523
38946427
26067754
28336771
18989951
12144530
12893767
33533890
19711367
37288661
17613533
25841961
20837487
15886809
28100502
32141354
36120587
14506197
11880328
15610519
14563676
15886098
16150697
18358072
36473706
35800365
36521007
17928627
16242130
26616263
26093290
12831537
36827503
22120166
15615784
20541605
35332261
38329630
25713410
12881414
38437956
38598732
36539837
26697319
22891683
15153564
12821649
35427794
35586315
33102969
18074109
19928837
36218239
11861505
35134468
36691744
10821430
11867580
15670743
27042268
38671439
15805464
15218148
11973329
16709841
32795540
10706618
17008050
17989350
33174038
15254169
21356921
33985412
33675146
31908105
12879166
11522782
22000515
11058558
11672524
24681347
15485671
20825639
29048651
18056259
12226088
20233715
24312273
33582094
17229088
15294938
18066058
30874320
34880863
17962702
14749213
39278379
34378805
20023662
32974919
38246997
27859601
17050006
14744864
18025723
20453031
38459511
14978220
38822901
32643321
22927814
16284312
20212043
10634619
24838500
15166497
33473168
16225668
10637481
15466376
23745024
38842601
33090888
37671130
17587335
17043361
37808109
12354227
11493598
12076638
20023169
28579431
35898390
36959122
10747046
11507099
16374778
22609399
26895065
29217126
16808898
23723373
24153418
34009618
38034869
39002760
12080090
23176121
12847107
25554490
26955731
36553600
19679074
12118373
29289466
18477699
28526784
24127609
10965879
12368318
23255597
32489467
34272932
34025420
36772990
38058280
25470021
29229676
32827605
12667458
15013075
16850019
19251743
21398406
23738030
18835815
35997118
35820928
11241584
18768683
22629372
11027663
12944399
16081049
12746452
17615244
20185822
34164581
14515349
16918702
14722125
29791746
33469837
34230950
12764133
16199879
21830207
32390763
18053797
16884690
22851182
15530428
15190056
19326361
37488967
11805116
22552935
10952461
17428310
33625798
34850551
12602870
28758620
15095400
38170683
21444720
33260316
15998298
11729193
20213805
22131369
19503075
38088577
33433801
15302852
37891917
19011216
18399173
23548632
39272111
31157458
33958701
22331361
20421741
30041403
25788646
17370312
36804949
11842115
16169844
25400079
22229648
11080502
15668230
21308745
23766421
26558468
35081907
35681498
14569017
38993012
21135578
33433033
34379189
25564561
22926076
31894531
35637111
34054558
22701671
38908195
34893086
38175637
32919302
21115737
33705885
21748649
34301822
12724535
22963397
19884190
30961617
33907579
20960125
17942532
11551505
18082616
30258071
10788519
19891587
24344130
15967797
29676773
16282466
20642453
11258898
31776635
24675172
29588335
32238802
25617688
30391323
14681222
17042172
10903324
25877213
10706885
30261284
35787089
12748850
10820216
33080570
22496558
31545233
11450954
34364871
12756246
28392145
14658758
23808880
35134836
20562105
12778138
10858437
11522668
32082999
26014048
32559617
22156779
26982220
29611543
28581517
15380617
11278424
15448696
28374796
35460012
32007997
25225202
17683079
15645117
33031845
19609753
24064770
28902428
11815852
26742488
34738200
36571722
15048095
18617000
15147981
11579203
23696789
30782564
37158744
26070388
32610117
16489124
18250147
15583744
21067705
33432610
38715616
21402532
15456790
11497419
19320896
21445271
23676666
22271514
23671281
19597489
24855648
11087996
33415745
29419409
29702115
12925527
20018189
25158672
30979686
21040358
31700077
19961433
22668778
10864018
30053867
38892363
20196769
11078721
17623094
33475442
17997173
15890975
26378167
25126612
39223105
15213244
23833311
33986866
27467007
37434177
15503149
23484044
39246323
23143414
18984579
21069266
11134143
11592321
28487382
32917856
28921504
38784448
21697487
30691379
22864612
24880893
37497776
30453731
15576468
26004184
11099504
24097307
15688292
32850838
37644905
17967504
28898996
14570899
29634754
35503735
36907089
26096505
17283121
35296428
26506420
17725325
18390758
23476016
10899158
23482569
22753273
20881058
38254711
19017792
25833141
16368712
39189428
27760895
16631104
17245717
29914551
22925462
17156394
15843523
31242895
12626445
16292329
33376515
24915518
12149650
11857038
17440973
29464001
31272138
11312344
23239028
10777586
11259440
12807913
11100820
36012517
20734272
14574624
16969516
25727698
25981962
12620806
22675472
34734756
16236711
16928198
29386501
38996990
22492541
11222384
29804557
26202233
33818867
38056617
34395797
34755875
19629758
32104503
28827148
35648438
30588263
21571370
10767412
33471623
21957297
26334723
25301734
30404558
17913857
19610091
30071471
21713359
37434327
39215037
12097564
29471005
35831154
12093161
18325031
33467964
17052768
10747112
15324659
15857664
15676026
35837026
11462007
15314065
37843921
10945980
35320820
15031294
22662192
35873217
21035519
28144959
15558054
20007318
30867837
10799311
24292160
16725108
20421205
25814554
18829588
33123001
11546760
14749207
34417523
37204119
34446558
15007069
32269740
25595278
12957868
18042551
13678674
30132565
12003489
23867755
10865994
20385709
37112847
11943710
15944128
17965023
37090079
10928648
26600553
36049439
26987686
34668606
18008069
21195757
36224019
33817271
18077694
10844003
21364540
21718806
27312996
33468080
11062726
36923539
22932900
36892682
25040637
27695899
12891711
32928232
37915049
38835015
36073778
30674441
26271982
16815483
15917271
16787652
30183378
16901098
24914219
24820420
34765560
37533737
32297303
37066393
16407296
21209110
22155184
27509846
39183556
19850892
20445122
22363791
20639886
11320256
26958616
34778112
11259505
37291850
36916236
37620837
33075563
33316354
21964064
31108099
23865743
11401504
22492511
28231271
26815359
24261326
26965261
35491734
17761767
38753591
11017766
16313906
18343407
33883902
15767460
24854997
25770211
23816704
28253973
32321515
34486757
16474849
35797719
22915645
25676418
20684029
25896065
34481142
34878149
23632891
19054766
27463336
20434517
34878965
16052210
29993160
25840418
32512169
14732705
27687228
39093041
38953578
15240784
39164228
11960000
15317864
28925396
14695487
16555101
10910098
23709668
23569237
16443602
26726101
28241766
32328347
33327962
11259605
18398838
16677549
20383465
34558636
28758361
24471765
29062872
27643874
38944397
15967120
26586831
16920918
37864033
10858511
16951145
11402032
15492792
23236846
37608474
21431741
25817991
26545493
12482845
22744180
14681220
30387321
19626387
25018096
28679761
31748641
24602611
28559282
12426574
22993150
26779651
33174445
38987740
19022416
12704650
16490392
30850672
33537462
23449722
18026163
16378684
22231784
27009683
11134276
19444920
38679670
10648609
38442853
38131251
19684413
21282576
15129586
36417976
18938146
36064433
38041189
33403756
32992291
33076837
36042512
29959197
29942932
32738343
31289360
25612247
16271045
29549325
14742713
17451552
19297620
19144914
39088431
18394747
36846713
31069565
35369902
30041673
28168724
36104353
17056708
20849899
15210974
27487571
38672406
17379646
28993733
15269224
15834431
21870256
33743805
11457882
28500134
16978878
27310953
11678575
18534259
33070277
19531209
16376985
12358848
28682313
33419295
22524983
32779265
15671068
16473583
15995001
16301647
28843855
33555588
18654930
33297404
11845331
15713276
20674765
37490507
15862299
38581570
23138227
32708174
21463657
38244593
28102346
15228604
22235028
19829059
32069703
36822301
12036953
11160386
25165539
25513981
11181340
30597092
12466480
21107010
20483768
20553309
22138575
30135512
14742548
23326442
17938263
12963725
31997259
17173064
28279804
10898802
12032076
12514204
14766760
23002115
23624308
15980876
23509263
33847855
36063142
37807339
31672844
16428330
32268913
11934888
21057496
23195625
30509983
19482022
38135696
24383081
12626514
25189098
24027302
12679034
20696250
16452633
20123989
25736754
19748727
34624505
36609501
38329681
17332754
20438716
17156128
34273804
25773176
36931480
27121029
17614193
17485521
21173159
16076287
35759309
22422640
34298017
17427288
39260530
11042172
20156966
22467859
31209803
35632744
24392006
30642635
29807931
35292013
21615688
28591721
21268076
17400890
12527301
27095827
23345272
15014083
31757778
37625838
33536006
25210190
20658968
18696217
31945486
32513149
27559163
25078038
16868305
15572518
27317762
33355372
26936624
24498393
20633208
21666221
19556392
27248824
20623620
35501375
22448252
16817858
18593533
28345459
31185731
32382986
19552627
29266795
38909249
22503709
16110162
21268065
18491033
19916379
22836754
25866077
26261328
26538562
30789754
34156266
26812398
15229229
24611720
19260479
16909115
34834936
10664408
21900168
23436527
11584008
34484864
16882984
31834365
35084051
21336627
23333499
32194644
28315239
11725487
17850865
38727316
31638096
20202870
26442671
36200440
36936814
39076893
11696326
22084078
21775684
12552091
35525196
11076097
24550728
18616904
11438653
15755925
23236492
17407767
25528002
28174683
11069979
12767899
31752345
33792909
17047048
31727973
25762344
23027537
38726609
22094461
15155834
11788791
21321940
32822429
26096642
18498773
11790773
12724327
16421249
16696898
22988091
28634775
31340164
37934199
25088585
25228083
27773581
27768738
27765418
24561267
34475985
35793146
37185343
20661431
12507992
14638695
16990552
29306077
24624118
20303951
12193588
28549433
38029830
10672031
15791269
34619319
11358959
28620692
35237324
38533528
20021565
11356195
23609547
11719503
24964035
32774721
26166202
11589573
16997127
16321976
34314754
23431168
31446747
33377092
11991141
34648865
27689404
33562550
30317574
25959820
37838173
17150957
12831533
24271119
11711597
12393796
12646186
17475213
17227220
20511282
28003364
29422917
32206298
31598673
12427871
15741167
35048129
20138193
23407400
32753969
12139427
12925958
17944866
26121563
25538234
24311454
25575026
17904695
19565553
27072130
19804410
30326731
18375822
11564868
12165144
17331788
19623261
22429589
11826110
23438482
26966171
24686083
24955869
15310755
16524571
15258581
17452455
37465664
22219339
22226915
15708814
33208463
24725595
32117955
17132139
31983639
17148606
31341202
15896782
10838164
10970736
21827752
23501103
32469046
36715621
38427247
23458156
16154161
29155886
23103292
15525651
37420173
12270127
36595894
35065666
17548806
15611068
23220010
33542227
16997278
22624557
32807944
30005571
33005707
11390646
23888047
25012667
37897508
11959999
12219031
30544747
23220274
31075894
20665669
16757347
15312177
28746861
24484909
15911974
12087096
25256909
12403777
14759364
14726529
26801684
16280321
23174948
33391513
17624925
38832511
23329505
29149067
38707515
22661700
32334128
12215538
37009224
35003259
22776966
28990465
10731661
26869029
28716052
12601007
35814830
33934830
14987994
28234257
21402151
23117335
38870534
32315985
24073199
35399733
32633395
25697343
30822252
12637564
12923170
18164588
25969144
23593007
28992975
25779869
33519212
18048363
37819742
11741604
36482422
30972801
15586574
23690471
32743574
11477070
30980391
35435107
12210733
21945154
32062551
15361357
32272772
34960702
23313255
26435500
31038581
11309369
23331420
38253259
22658979
19252982
37408174
17959749
17251321
10846101
29681857
17113836
15915669
21436015
29184850
34918396
21859890
11393278
12967568
23223580
34919034
36696447
26506137
23213472
18256307
20933499
29988566
15141305
23145787
11581377
31324720
37722619
24502947
32514827
17586524
16646084
20505670
30723117
22897417
21270610
14604992
23711249
25736744
31907757
34798143
17060451
15140882
15742465
12034848
37274069
35163237
25522905
16221977
19584436
24802752
36040902
12967324
11731620
33991280
12093743
16204241
18333754
25978564
12947086
12168086
26759063
30690120
15452180
27816966
23486470
27864674
12061804
38546402
26272794
12370188
24325674
36738512
12603861
15671036
38147216
22892315
29538313
23826138
34629746
14500733
35670012
11476555
15182667
12887331
16261165
25466892
27296891
12356771
14762311
24727471
31043586
37522575
11106728
29286136
28540679
30671503
19330843
11266205
29898761
16407310
16946004
12966069
32090388
25744385
17499231
22170151
22425446
16045742
23344160
11136931
24931955
34440217
28093074
16492136
31847264
16134968
34673372
21774995
11063873
36932748
36645312
27291138
34099665
27319744
37433344
10867020
15802519
15140076
34778247
24462542
11696538
19470753
29259226
33869743
26616057
16331684
25609022
21717366
12923190
25647156
20631167
11455565
38283328
14592771
16783171
16947054
20533529
27830973
36702426
28190026
25912871
21604388
32445866
34148549
19621586
23918981
25616895
32802179
20572634
31077594
35574678
12881408
11012113
30675231
36578176
39110260
11074126
16007160
18077418
15220525
21719532
31202814
28811826
34484334
15546612
20460179
24714615
38625581
37405998
14617659
16513843
28341892
11756438
23236534
30873011
22210527
27387502
27239447
34023381
35449318
22180268
21933956
29423613
21677263
37108203
17353188
33881596
16180014
31483914
37958478
36937431
15821774
19127325
29993037
27535920
10732681
12735701
14711415
14685267
22947307
25663431
26686862
34084171
36336926
11884374
30829556
25447541
11381105
33929844
15485835
35837090
18272042
12552131
31527082
29738528
26764201
34281589
24145446
26778574
12388207
24663676
20542051
12897125
15155836
24675093
19242112
16111684
34625711
10942164
15294863
19553454
21324314
39069713
16267002
37208938
22503705
33793952
32636937
39092005
37937255
15471856
14983240
16227403
26687063
31180491
38741091
29100148
22510086
36482051
11546795
30018651
28218425
15789261
28827476
10806407
22589181
22989518
18400749
33443775
10802051
34858211
36195596
16260601
14718524
38948010
12665468
23257976
23212919
33994531
23742890
18083706
33531841
11602724
35509064
20506513
16362343
39181373
15834427
17785580
38826483
23029439
23733933
16777077
35927236
10828067
36982952
14756772
23918382
26769849
30760733
31704776
10757788
10795529
18586895
22106380
24167568
11102519
23134510
21859831
15572674
19101556
26348439
37772373
37573849
38141202
38855909
12960759
32397799
24467650
23552282
33639161
11675491
12933795
23860230
19965871
36273414
34226535
23858473
24516643
27270323
33078086
35112786
28860596
38230623
20128690
25867750
17215334
29940895
18007664
36016303
23497456
10772906
37223098
35349212
20138128
34224111
26056944
12016009
24240681
22798722
35101390
22493428
21813370
15375214
30844117
35311096
10620799
33340723
15536078
16167341
34724268
12840021
28376560
14752512
18358546
29676464
16263713
27018391
31470122
35328344
15199097
19757154
27729767
19855049
18158786
27822872
10767348
10973244
17611664
21053239
33511909
35313591
25408419
21683075
27172290
16014633
27329527
25132403
22029192
16004967
12021275
34168980
37417881
15254964
22692539
37551667
33125132
34970695
14519766
24312579
28880247
15066986
11786963
15247261
24247724
24798431
16540646
32924984
22179044
22262466
32197208
12392709
15629770
18775991
16372258
12734182
11413386
29882937
26271467
37542027
24478678
35348966
21531205
11494664
28829742
18237541
24702317
11016939
19692653
22276220
16880378
11536049
17825562
19214185
32019477
14512431
15647379
34377766
37528485
29180381
27726466
16115206
30092030
30579835
20685197
38017477
12397061
36530027
23313986
21908611
20150148
11353073
32469403
35314532
15678718
35500847
16173235
19543678
17079304
15861890
34116718
15802640
25744451
19245791
21455763
29902563
24662763
17931653
19721010
12377213
37626304
12588998
27845895
16339213
33839152
35508987
22526496
20801511
39178104
15325265
26720603
22708543
27007632
12133826
12746907
26815723
31417632
20664530
25347796
23296727
18835920
12684641
32341751
37270563
11113186
21486950
30940728
19166962
28148853
12388589
24567224
16973615
25848801
36164503
26867008
37887276
27744273
11861421
16541447
38214766
30111352
33907418
11853876
24758116
35905890
15342635
39266386
27135044
15004234
20567765
25462158
27502283
15470864
35656338
11563984
19725872
36457260
15681813
19331816
11169102
26860204
29987267
20644585
24651551
15095326
19351850
25800834
15370364
19224332
16294306
35587571
29396549
11950847
32937164
24947499
34699322
34791182
12114216
27051967
12857729
24535878
31639389
19276074
21420385
26046793
37984484
11075807
10903903
23124190
26634693
20054003
37303180
17065156
27026320
32385758
36213818
35395767
31847122
36050755
21376381
17112777
27599847
16012946
11230135
12614848
34963485
36880430
25852302
36453191
29179998
24102330
26911717
15673432
12920119
23961993
33292218
15228595
16511857
12960171
21232789
11950846
26744328
21672929
16224795
34358419
24377927
30014510
32111213
33826069
34313529
15157622
19458197
11008212
17560040
12626705
27923829
16470538
16127151
21487022
30941872
20531389
28003131
21177493
36180631
12234775
20459508
17234772
34179232
23226468
39126628
25147240
15778506
11278427
22499988
35348373
12767936
29130995
20453076
21319228
26812875
15698475
11553706
21653193
36897022
11878929
34299264
11110793
12952968
12411573
36694250
33621976
10683338
12882970
20876349
22269648
16380377
17980152
20926562
34445994
36118415
29138830
18167147
38129720
17283221
18384787
16415348
18270697
30605239
38933605
29215740
31597893
37421765
18621007
19003761
18985008
16964284
16969114
28696213
15514020
17239842
27117918
18325338
25917838
29721183
22427856
34319453
34654473
31657467
12558968
32329931
20534593
34600937
29866190
36129098
23963941
11849620
15863095
12435596
23155454
17265494
15123629
19041714
10762167
12477645
15020682
18679583
29996940
16344911
33651408
10762699
19922789
24057392
11564857
38679126
11579098
23288461
14760089
35246004
20807312
17681385
26109663
38250467
12481249
24723436
23219599
27505893
11278834
17140542
23549044
20226854
27829024
21150999
25089731
37866691
16221676
38456590
11094089
38061436
15184281
18466330
19504654
21393244
17980153
30552662
37274930
11943848
19604354
37633478
22738133
26136363
30850054
15459205
20051518
10648425
21554842
17593555
16978909
21751808
26312949
35540209
14739285
17671194
29748835
37454630
25916783
31777926
10761711
10854425
20106917
15917643
32543222
27556188
36604891
17072583
17374997
20710027
23686888
16111945
19819738
19342602
21751375
31802126
34788479
14527958
19840436
21820055
37248302
19661270
28746067
33485374
10868793
31638302
15331761
19812035
33773096
18726529
34330062
19164340
19168127
27650555
20138822
31911756
35726081
11983899
17949478
18544638
36952197
12499356
34036831
38469560
14960307
33686961
24082981
12441322
32849796
16395332
21945318
23417847
25344835
30585358
23749060
32782556
10913138
36068294
33610547
24989778
17092484
15546857
21289092
32903671
37034891
15670829
20403402
35616927
23296729
34099661
35429078
36093518
31927050
34288812
30066925
33603024
30924304
21276198
15949417
10938888
32756009
11815607
11163396
27851782
11274061
21459773
34502089
36864711
15840947
23594602
19850933
22638969
32184257
30008445
38900156
15139291
32970959
34345913
15682644
25093680
22363435
19717618
31307507
33632727
25653388
19772524
16079488
12270929
12239280
15590642
21898242
11585812
12558988
14984567
23169654
34249085
14614828
35730908
17060380
12727882
32914261
12050133
16092937
30602494
15086405
32804012
12236590
32696742
22024926
32770142
12060669
20844248
30086146
36826998
29886152
25775599
29808567
26626407
16239400
22737234
17359395
26473374
10806395
36636045
11494046
30177872
16157587
16549787
34218011
14603528
12860415
26745320
32922037
20174469
10887172
11756422
31521826
12138108
24586659
18373695
36703740
38977095
12374796
35893977
17885889
20096765
21315737
24550731
37043976
39004874
12897161
12713795
32745764
30423553
27900285
32345785
11487731
11160691
30765466
32549792
28977802
37808757
16260594
12897167
19200257
17927870
27005833
30184493
37760946
10938125
33732417
18680356
12006603
18457437
15552575
15347661
19017363
23770847
11359765
16045494
18385322
23177014
11852086
32544226
25263523
28459064
17595163
11553639
34331776
30631038
28064210
18346739
34571875
11136974
16280592
16000695
34314547
12052628
33526603
23015709
16469784
23906331
20007714
20484045
31015341
11352924
19284787
24713123
11882646
25678111
30215728
29903249
11039464
25653454
28442603
31027497
38213236
10878010
20852635
15308717
18205604
14986926
22611320
35611732
16014927
18756329
22613722
32193347
35987821
15967827
18082152
17057735
25182765
30256974
18502908
15159401
29859294
19111446
18420744
28693575
11266449
34165117
37738301
39017956
27736969
37876483
25511389
32427334
11744735
23261458
36336217
11162552
25952924
12733977
21118994
11172336
33204153
14717375
37594275
16678124
16512877
33430764
31926936
37610417
10964584
17761163
36316592
36120600
36298727
10634797
12477793
15919146
37345264
12570875
12883638
21531871
27271513
27510910
18721130
14527521
34288252
11238925
14573616
23228564
19055752
20626586
19248119
10639449
11361006
36778114
29570219
11533026
23326564
33625485
11431474
20503275
30285318
11527425
22227327
14520001
19841472
22188235
37166635
10831594
19711042
12296771
35883213
16000875
15350848
33425890
19482062
12972605
15123601
11342551
24996880
37385102
12777724
29410696
23207547
29724592
15271383
20697732
17512538
21541330
23624787
11571270
36647029
37370697
21904913
28393218
23792689
17888478
20826718
26786004
17552359
12356750
10982847
23318452
37778407
33390186
16123140
34335889
10753954
18197392
32268176
32104508
17543859
32794568
14588143
20674096
28934360
17409631
29344296
32654337
25781688
19320891
19596355
12578854
15849359
24590762
37852031
31218953
12906785
36445289
31776711
17346265
19669595
30588189
25587098
22964333
18586536
25678464
25902068
10675569
29619007
30938154
38783346
30475774
33181828
26694747
18395833
32444656
38405772
12827039
24259685
20459599
29977243
14728690
11356864
32196610
11309411
11150848
24211134
30068389
37212279
15308654
30129265
17148574
29566742
12764252
26865600
12411503
22090359
34434263
19019832
35616137
22069188
12198139
19656786
22851037
15084270
23345333
16905120
37158663
11780630
12649076
15695822
20855865
15606899
21872657
27561302
17341580
23418555
15525536
19284574
34484222
27345410
20212011
33359242
19317854
21785467
34880957
37662721
29084609
11359933
12786973
24108355
38713893
34779586
15858065
17083724
16943195
34301890
11152678
19690144
27373074
38358988
37906282
14713300
11904732
25674790
34781960
10988240
38952967
16002993
12842900
39082353
35083167
29016962
24939696
30650279
11448953
28728396
19291592
19477226
32944175
18953346
23296125
16039000
26981098
11505315
25262337
16055672
10749666
25154718
16443932
19347326
11062251
24516131
25733613
15790572
36162510
18563533
30029693
15337749
20332005
37224754
37777837
15956584
19416640
14711601
25339669
37709257
10655360
18528967
23395486
33003586
20671064
32916153
26124182
26106267
15591791
16786975
16648472
38988442
15013426
29423272
29536250
30798576
25293321
15126390
18384876
10799319
23894605
17046344
11208716
19845642
38934654
26910904
28673046
33347628
32380791
10611233
15647844
34459564
12429933
19833164
29032535
30975647
15601839
31182435
15764596
21809453
18343826
23670163
28692035
20503249
31748225
36542238
15840729
33253483
17520802
22312127
37684280
32763974
22151181
25321192
32802173
15471868
28945502
22577167
37270127
11585930
11854302
30518871
20052282
18599541
12574161
31409899
33181128
16452630
26460617
23843511
39052221
17218167
18471994
31456775
21123545
25193113
30046381
22174685
35451753
16278232
11880488
39194240
20340124
26598648
34377020
15005341
30361290
30712666
11290384
22308309
32393392
14585834
12708492
22505680
25452047
35768279
17453418
39147351
12903397
11090287
18302941
11940669
29956766
32309805
21490202
26053091
12842890
17259169
16261415
21102460
21247902
25639872
35730068
39039254
17904375
16600183
18373741
38444158
22206664
28219860
19595721
11787070
10789675
35993945
10628824
31165984
24297251
33723221
28263887
25446105
22143774
22270696
32747685
23178489
25229868
19648109
33964137
33324423
20403401
17960875
27566654
17985234
33390850
33544818
22907762
21126403
28904864
36262872
17013837
15225881
26407052
15878168
19920174
15296832
17951712
33048061
21483866
20838563
37158456
34878807
20615469
15373217
20059950
26692175
35980531
14656689
18216101
34260273
21985219
33859760
39178021
26679993
28242228
12869560
24260396
14720516
31398365
12673691
19557826
20442859
11695219
32184243
11032892
25537973
30659640
15007076
23615928
11493452
31974504
35821018
16417649
15121901
25287353
16238624
15902299
36834552
15252021
17082970
30710754
37376602
23158001
11970976
16624116
33504840
11526108
15161980
20181949
30537287
16476741
33011305
26364302
27245613
11080810
11257115
31665469
38527194
23233533
14738894
18759001
18156200
13678583
15627265
16038928
36938725
14559993
22610150
35940221
11076687
20722044
37475032
14764898
22281825
33728029
38557225
25412834
35444697
35007356
10973815
34101965
35880950
21264886
12125048
17888145
18077456
30980864
35035684
15902496
22138155
15781258
21425412
21194376
19033443
24050402
20736308
15127226
10982392
16253997
11152457
26946358
14986435
26889827
15764369
23812212
28695676
30668428
34555530
12924093
19605477
17458905
33093176
14514687
35620523
33173017
20091784
23873991
32412793
14551212
22049082
12351720
37625824
15978591
20858278
15550547
26475096
18641422
12516969
30808624
37578702
39238408
12761221
12422217
28691182
36447254
31701777
26344801
35016680
34415320
21124985
30853538
32027876
37247912
15901640
15363411
38372470
23541896
32855541
35159237
20952690
18562802
20576603
17275685
20421649
26090438
38945065
17251187
24806670
16723659
21810274
11160903
22343031
19770190
33363617
24105954
17764575
10725338
12954862
19049963
11141081
35673912
37419331
32554467
38581123
22820404
30604896
12499354
18849881
22523080
29600899
39073345
10930415
17362815
25887533
21835666
11606529
36250452
39026665
31212927
10849373
27476169
26971374
35680374
16611744
26784190
32478734
12496267
26152358
35819730
17223069
16916228
14534527
34899171
17093923
16931572
19801490
36631876
12297518
15308368
15818662
26009991
21600962
20599707
22798426
33675747
17360972
11247873
15611136
28315323
17417023
34242836
22016822
21477044
37575058
21982763
27807394
28528355
17680780
30811271
32712875
20453063
38525917
18262512
27147697
26091699
15994785
10964917
33088216
14762490
26455906
22654665
16963496
11384759
27381369
23737493
11356872
20875083
21536685
36104669
15677464
36435412
15220528
16965518
14523997
10627473
24020126
16052583
26902425
38070488
10734235
24793642
12434309
16270396
18428132
21329802
24930954
33660802
17134755
35178836
23431067
17972959
24963162
12019297
18384641
18294078
27483366
32501498
23536866
35081978
16715093
37660922
38365140
11264176
18695894
12777373
37149637
12551983
21761334
33437356
16230374
12881418
33953831
21139992
12091471
35832483
37660918
11204269
11071847
36473594
18559527
12529267
10958666
11780123
12121420
10897033
26906552
31416616
29794474
38097926
33649781
20685985
22576085
16306371
25838426
30461362
38157079
32968053
25312347
25626353
23817628
11278626
15479829
28894257
36851449
32117780
12667986
17446186
12939309
19617429
11564755
12713445
12030375
24729624
19352544
10775272
12377780
17276053
14526223
12808048
10748167
20835859
23300694
15284022
23429999
36562806
38340326
10906122
37436013
22797925
28656253
17129375
36823664
25633096
15803180
25652097
23670194
38582263
11162678
26556311
20207744
31144303
24129566
28963039
21294165
22991218
15057567
35802146
21044296
11943146
19698783
11560884
19796681
14612452
28667619
22709497
33609640
18164745
21139978
35562348
22155278
37140045
32554711
28064320
30910577
30891952
29843233
37713503
27974163
23393571
27307198
25283498
16618406
21402706
38848293
38573925
30156268
19608791
30506884
30991152
12686595
15013951
16895905
11895921
15051718
28552792
20391533
21750988
11313278
25745997
12576482
17233889
21041411
21148795
29985927
10964918
11476948
15729518
11592971
12921344
32549759
37816710
32181994
34523975
30912134
34372855
19103604
18235502
33163984
37505764
25005785
24459688
38101749
17974965
37131662
27271899
29335280
15564451
32010427
20943970
34022224
15998974
16786295
18328269
16182291
34102031
20876573
34848785
18556652
12916242
34160811
16332683
30971296
20617464
27390188
31983437
28003477
15122339
12783284
19358846
20639201
12533520
24299491
15576463
32911434
23841915
26760771
16344115
36149760
18541478
22915763
35205898
38609873
37047797
10714986
10703710
23305203
12881299
17325034
26552949
38367539
30779914
12369410
20661446
18315953
23557743
16386781
21085677
35864588
34447674
14871484
11804703
16166624
30711252
17904922
34088320
20027292
22130533
29334222
12589057
23658455
27654290
28425505
26841701
15907477
31748347
11062269
19420702
26111161
34983179
11274139
34719317
34530877
20927350
25085622
37563661
11997511
39023358
12446457
16324152
15026002
15721863
26036637
27936017
28645295
16432186
28409467
32350248
33653351
10799517
17317770
16473606
38035327
31611813
12459499
17487688
15618216
27080706
27240978
17760891
15020588
10772793
12408754
16951317
10716926
16997344
18524856
19786027
35213720
38451430
17274632
18058311
38689229
11148140
12800187
19691982
23589040
28334889
30480076
38583362
28977530
21860611
21689397
35876822
25605922
18549481
21625540
26597461
31708014
19268530
33524877
37820603
15640147
24069238
20585558
34930287
38481817
12450141
23043182
32173443
38589584
12824186
22707565
29621545
26094731
15047686
37446143
16352297
20089649
27364558
22992957
34512673
38097445
23487310
37543219
36340602
20088866
19317463
11050053
22796129
30610939
15995191
17938273
26980763
32514738
22688770
26069000
33191365
16624992
10993929
19800311
29892815
19305927
12945722
29495001
26744502
36177898
29238354
23418736
10642568
23343082
12054681
34200738
15556870
10965042
30098333
36756879
20472712
12852788
18238791
22267161
24690380
37402621
12377790
27144936
29501484
39088656
30609684
21986494
15178489
11437469
17148452
23831471
28839112
35991456
12011064
20600540
37020316
15987823
15516338
17141153
11731270
18725387
37921219
18400946
32545251
12631620
28930972
37684043
22013496
12509449
22312393
15838879
26403202
20364278
35831896
30846207
30865625
38507319
24157928
25422474
23401564
19378065
20809979
17277024
11024152
15863509
16467204
39030572
31575650
30682336
15158163
16909210
17984366
23693014
27620165
38258402
21045081
20463050
15466477
17767420
32796066
34940253
26003300
25964668
12954772
18634783
21438026
32522016
17567603
29736821
11369441
21533148
24415765
26156578
11238922
34151476
38422177
21152103
36359893
15385570
20659713
20724434
19734451
26536456
35794074
20388199
17664027
22554508
15961390
36420213
16837165
22280356
26910614
38345740
35563522
37573356
36474147
20220145
37575045
17636007
32110043
31485630
21849453
22970262
19544087
10867015
12897149
24755421
28954383
30246457
17610897
22303719
37741456
38431575
27295517
37295596
17197020
12842023
12401780
22186711
21150129
24147044
16303962
35538889
37579565
32781616
14696092
16921385
31744547
27142525
11137577
29402793
10748023
33147118
33131207
11369591
31793711
21496428
22080480
24472437
12419820
36129611
34798312
20871593
31308178
38148574
27579791
15890965
11780307
16186248
15458405
14517306
18334560
22876279
38401021
35511485
11020067
17217427
34577118
16675143
17194442
21084311
38664681
38341444
14657369
25516960
21757726
16935300
29091273
11150301
18633140
19263457
18354292
21996745
17761669
30745841
10973965
17005562
34060450
34705228
17008107
19019821
22375075
22659564
12640128
17237236
17395751
22949510
35723488
36924231
15564375
32579110
16623714
21858229
28366744
35033844
36941809
19009256
19944164
11358824
12114445
15639644
11343237
23217746
27574009
33956329
20942148
23698301
35579750
31857074
15793310
21674705
17584762
11027685
15798771
23196971
29785022
22139627
38735938
11575923
11032748
17609205
38030240
24573087
38124786
27521420
22048770
34385927
23553616
38979475
23673373
18757479
23722163
16328160
29177857
10852896
36798179
16774916
33053534
23954441
34515688
22835604
38847231
25803131
27489164
15777842
34165388
17957726
25460502
30349055
25719250
21451103
20594757
23737966
25939870
18930067
38322899
37873235
17565718
15542838
16807248
11585920
19841541
24014403
37005661
17038523
12847286
38818662
38172596
15932944
21965273
36878279
34631547
14660602
35400714
17895963
18250560
15364958
28650457
16339847
21075214
11035912
21540834
32977500
27102770
18691676
15652412
24097257
24860096
21569799
36048753
20502882
22904156
27936807
25590657
27376061
28765651
37092305
23329504
18463244
16332692
34594214
18097543
18068335
21212180
19561070
19494039
35044662
37969759
28653360
12782312
24121461
36634743
23446755
20335479
26320399
33825303
21385940
19498007
24226523
38498560
16598065
21147937
14678797
12574227
29051813
27523280
12115244
21909133
37481519
15470083
27572441
17631145
21356922
14618084
38663995
16214937
37702194
33968929
31519886
15141165
34679713
17572495
32828297
35304442
22855505
16438943
18641458
19621276
15373210
16624261
29243243
23166842
19549906
19025768
32167535
26795477
25349783
30598506
15616584
25368198
15744251
10997917
36645579
36261761
20064506
36781583
18593567
22276155
14570900
36542956
19332490
27175582
10866324
11134028
15911626
34246852
15142440
18036342
35902883
11560270
36637163
29791506
34173118
23058975
33408470
25161318
37830075
33156701
35326435
16293227
11101517
23760237
24099319
32979164
29061881
22550173
32518175
16357318
20802490
16120608
19275884
19385056
19907029
29253558
20184394
10681561
19214113
24568222
10894498
14680639
38602237
22987636
12730241
15492011
18252718
25405940
38334630
27995571
29981922
34895039
35733923
11954871
27221212
22247021
23995673
10666284
20127688
26873583
18316332
10639575
33667838
31438963
11162642
12086467
29069742
19136391
34055775
18977390
35215267
29178343
31935634
15713743
16452477
17567800
22816983
24359566
28260048
37549045
20141570
31227579
36129575
32511445
18250273
25362065
25355043
30107592
19811606
36183837
20649838
17991754
16732549
33116605
16959415
24369272
32217142
11007882
29021002
31084889
16819975
19625775
11130818
34539843
23124605
24829352
22937039
24947832
19798050
24489115
16493485
37095619
24912570
24086708
14638696
15282306
15133494
19530246
22275755
21390327
19012753
22179575
12431888
12522137
20035625
18697876
33551825
37533067
25756944
12595555
25360523
32426268
10760275
21147777
28602396
24586810
20696126
30257389
12963025
18676834
12798366
21761342
23196599
35516005
38424700
25511108
37205397
31670972
11919195
26237449
37775115
26504777
16227987
19549834
11940583
28774282
24046422
31409371
37349523
31497236
33898108
21820437
20351219
16943189
28471449
17360667
20471353
22585484
15171703
32007914
28698564
10918188
36627608
26535079
17627282
23152760
21940503
36867605
17595655
24118019
34260096
17951218
12665511
19794150
30902834
15353558
26697379
11590181
21248129
22427969
18983847
27442426
38565341
23533596
11260140
21569846
11032729
11937501
31960221
14713298
16916513
17965877
11404400
27090932
20538909
26755644
30926767
25884472
38303029
23437213
14688263
36355624
22745786
11402389
34649077
11842004
32606962
33404775
24453212
30187965
14963045
38617741
19771558
11148135
28284893
26272612
22010978
18184736
38230215
20499178
25410747
14670608
14686923
16507579
17090720
19955234
21490139
17506992
19023096
30062828
21810610
15605377
19423573
15961382
12413882
24014093
22244889
24347472
35887229
18653781
12056825
33537079
30375878
23402430
28293840
11922599
33336731
25242875
25744847
14576164
33313868
39088924
35765111
11997026
23096592
38687336
25620245
19693287
34935701
37478905
39078369
12944402
12663749
14657363
25195567
23462796
36950992
37357644
25793257
32301392
32867821
16011250
18160642
19487694
18407684
34237080
18067272
10777544
24049081
15702476
26215376
19826414
12939265
29388706
30241496
20505327
12379856
18537975
27018871
37641972
25192544
34151713
26700044
12963386
12429728
38200519
11287200
19536500
21359796
14676276
15857998
21829634
36199071
39090761
20200204
30889053
17439296
20657820
23474493
23872431
11707408
25073922
12417593
27716744
19797124
11259429
24949636
29720833
34386323
16672658
23042933
25616896
20044931
30511395
27096427
33359172
35767654
21204022
37308824
19116311
12068014
11861332
21903077
29231998
15764603
16672645
21978884
24705021
16750514
25202009
15778293
11027569
26219338
23619296
35512546
11208097
26889038
33335994
39220380
12682072
33064378
18635969
21566083
31316180
25386878
12058063
26695692
30414383
15496142
12733346
14757764
20308324
32460619
37480618
18256147
12527108
21212072
11907166
36658493
32094263
32631394
18177634
12771185
32572906
15654973
38988266
29618377
18636972
12667138
20376207
33030263
28630070
37599528
22084075
16572323
12815062
23241025
17662331
16456708
35810770
14630931
15572370
18973822
26317614
20624308
21478444
25932630
33335535
14581137
11996698
18535142
21693510
21575303
12431186
17904523
18294287
27083477
37451484
38851101
38724075
11498539
12581738
36777828
35901982
17094970
21364655
32268789
12928232
36585710
17593019
20137651
27863502
32630015
14530442
38402159
12536146
19126871
27440725
12142566
17359973
21653612
22265591
22973029
38958071
17766589
19779801
19947594
23296726
34982980
36609903
10664460
16314418
33663510
26472923
25561406
33783327
37123514
24554770
21210717
26826239
19329756
24494818
32534305
11134079
25650959
19531064
11773015
19074848
17217431
15659806
28346422
14592841
32303335
17050534
35168462
22983828
30653408
24773292
15572691
20731388
23447569
38809616
38830447
38163459
16520553
21813412
33176558
38740111
37738902
18765479
28395287
23057818
12887677
16598177
18047830
19153664
19825634
21331069
17318384
29177669
33762953
10777567
20185798
35098666
12768023
37552059
12135910
17617622
19538180
21856938
15199070
30616821
22290441
21073877
22184116
16894478
22708623
33936145
16099860
19509307
29769336
10756357
37201645
31950060
31545249
25977235
10861451
24657625
30760292
30098401
32540013
35852618
17916899
20382170
12032140
26660110
22323590
11734594
12881426
12782675
20847098
14517303
22278246
14987990
15326562
38562145
23562646
36597408
27447629
29898918
33816232
20119715
20605917
21328463
37438085
29740218
15234621
10811864
20943905
12067236
36803413
11002846
18519039
24078636
35790503
11431441
15661845
21048196
37039101
15569261
37550073
37993087
15125234
14624253
18524972
19835587
11786407
17301160
16342243
35061310
26303164
16126729
16341093
36878398
26678539
22368027
32924761
21668967
18992238
19064697
12147674
11950926
15731013
19284748
26920025
23296612
32425695
11749962
29669828
33741027
34553926
22827404
16513324
33346337
21914078
37174368
25757279
25171006
26561982
24039251
12091389
19885390
25669448
38016755
11395507
23956131
16261333
11756182
12509457
11486006
31800260
22759955
12390351
39060766
21641586
22006018
20507985
10811057
33078895
34058191
11087824
15355977
23557862
14511394
32877893
15107487
38234747
36190236
12833144
15203382
14573393
12032085
21769563
33009641
24359396
15489223
36691432
27157913
19672313
32552912
30807648
35485210
12615909
24672023
10829019
16439361
18719102
10888675
19356149
29382907
12730952
17442826
19933100
24740233
26260051
29293671
25860617
11920609
35389936
16291658
16608848
37333461
19151749
37574483
20530486
30278450
16373173
33178142
34431132
11714806
15699139
33521848
39179096
24471581
19393171
21195710
25840568
12827241
17705522
12489131
39221981
36759677
21890374
21062807
16990041
21642356
24217438
11237699
34108040
21258150
38345236
38261097
12147031
14964869
35952578
35949353
21715346
23265493
17562281
12616727
27473082
29136406
29311840
15653675
25907170
34772913
38389178
11923305
12906790
11595750
30602553
15590768
20639328
25086045
39126925
17234967
17963755
19487074
19224566
31175498
30828831
34679246
27911442
28176826
14500722
37085900
28791349
12434058
31667096
26242627
37175758
25051115
29558158
24693944
31545043
11287604
32169072
27618649
30592630
33274189
35940118
36413308
17227434
11776322
31292193
18755154
30417417
23091072
36643743
25902168
18523301
11035744
31838136
28790018
33390389
18568363
20959641
37721135
16040633
30510140
24798994
17182620
12509451
11779865
24606677
32758687
16757808
21187479
29618640
15923183
33503070
20541593
20009088
38577609
35227787
36164726
15899887
20805888
29714141
32677057
35304126
20110268
30198686
15800203
21663741
20210243
38111012
22307455
16225938
19235719
24456281
24665970
19790232
26433194
11777910
33074415
10954418
37394466
28247940
34416901
11076085
21330340
15552591
15175294
37391048
39142713
34645483
20419407
17563767
15983381
23097624
26235616
31831098
25093921
23696092
21421841
12681279
25986607
10916078
11223950
36136989
34278507
11135060
22613712
15898100
34934095
29617412
33199898
38244223
15292205
17531226
38640584
23030644
10745230
19332416
10846184
11297544
20554076
39281858
12226085
15146423
17383190
37633479
31138683
18312140
12672538
34863268
35445968
20736163
16835241
33519211
21486957
32370786
25590999
15591133
33112794
34769098
12430029
12524657
26341139
27986451
18663353
11743663
15664655
37591781
19793818
32850814
10889203
37869644
26960573
22898870
14529721
22528800
27472830
18780728
28208661
15967796
32767999
37330026
36577753
29588365
11487585
10860716
14573758
11860269
15870073
19090724
21701041
10839464
31346319
31280266
31431557
33635925
11206552
23418357
16574665
11504929
35421356
11145693
16877964
19638347
11861786
34129097
39265444
14532273
15831487
27146698
33847879
15863508
18452624
31494244
34789642
32114773
12637502
26395865
18981120
10846065
22568619
30940151
17875210
19720156
23912080
31694219
24447917
17233835
12773314
27348307
29530981
39282008
15302869
11311120
22095280
14991896
32463132
11053421
32820380
32934772
20021566
38848175
13680269
23337344
24332918
15894167
17596513
35402187
35483038
37144734
19800691
22345511
18065403
33456993
14768949
24939844
35281267
16393326
24612046
12671053
16157279
20333442
37664712
14570916
15840566
12630910
27703021
33528753
31952541
28849174
22371497
24865465
34387789
23069872
26399523
38132395
14597703
16494844
38994619
28002650
30165310
10651905
16411395
20410683
22273187
16084773
22343943
39056171
35188580
26490638
16169601
21081126
24289330
25356737
12369720
25723277
32971103
38150964
18407364
35276697
35641912
34487731
18212380
10858458
18081866
14613484
11101524
18826941
16481152
21055793
17932134
18615623
16461286
26301516
25924612
15862292
26581985
29255796
17761425
32123583
11983172
39201764
30251687
23818606
31442056
34447854
22398726
21153684
36258210
16677249
12221135
30233406
29875314
11577074
15882442
16113504
38081931
24639303
36376440
14699116
34085241
34385891
34035217
11145846
16622177
16613892
26744317
25994507
27128969
34345216
38772917
25674214
21456027
10773097
12700634
16537651
37848382
20097902
36321566
18945937
17878162
19893036
12509440
31901862
33336721
14660668
37160927
33187641
19103592
32478674
33005174
16211260
22736004
35392784
12736262
32687659
23023561
23044421
15809057
20677792
30777101
18438935
23843529
26829768
19276183
24657059
34790668
35522946
26497576
25620416
34996837
20067962
19917696
21734068
11416001
12217857
18836075
28893318
28108660
31897194
34345209
12702588
23611845
16274703
31127285
28842478
26602609
16720344
37081450
15572665
10951226
18547980
19695218
21967197
24824181
10853236
21178109
11689048
14752100
21915340
24389253
32359108
31217475
23022257
12376533
38169564
21926345
15846844
12905642
19706301
24506443
35249103
16179928
12193606
24391875
12162751
30412581
12919681
20200207
39128917
16511565
30341285
17596181
11060308
15002038
15542844
21557984
28032637
10777685
36359223
38230773
28094300
28724725
18413804
19234306
30754623
39144565
11931740
21228321
31263924
11723132
39229919
15258160
17706358
19082481
21779317
23873303
28351617
19455582
27755595
22989299
23901069
15831522
12615916
32747116
31749230
12668726
11951087
33251045
30760284
22736542
18544631
15872086
22532564
38994453
15531744
16650609
10764779
23283514
25538207
23888690
26333807
32296067
34217312
19541800
11779170
16287847
30165890
23460610
27589575
29336238
14588241
19701800
18199288
29563875
39264009
17146436
16030256
33771482
17207026
26160172
33288002
16510505
20028841
24525631
21784462
25934039
26717518
19121632
21037231
35528858
34293131
20942132
23664119
17956861
18265075
15028637
16262656
17959603
15920761
30587778
24759991
26129669
36721026
12453427
14530263
28770955
17332061
22806890
29179433
19397486
12645530
28287394
38761523
38888758
14592715
14585842
31923741
17303097
11302752
15228590
25948554
24998979
32462591
37158850
38340578
17235493
37441587
15542395
33434071
14593110
12475947
37070251
21865585
24825905
22808228
17786317
12641623
35854144
33205379
14749532
27635045
29554219
12533412
28465353
11853966
16925553
12740122
12826589
20942057
15563451
20596529
36470227
36769102
12428236
18223694
12746446
12559565
15714117
11406824
11502528
30074059
14532276
11507096
29043676
26515559
30715179
11773370
31709617
29748186
23748245
24141778
28577391
31216681
14506139
15925326
29273814
30938041
18435604
12496274
19924249
32501500
21576132
11929880
14724281
27622074
34922636
11448999
37075968
39097092
34349352
31498315
23885125
33843226
35523657
11559757
33868467
36148140
21964062
23333941
20140477
20647761
10993892
24223830
26293343
15610731
10713066
18925540
12783873
30174290
31098994
15302877
38124335
34714330
16609991
24021552
34071922
25502636
26792863
23254359
22771742
15117960
18441220
17872514
12576469
27711201
10954728
27393157
37633951
37037907
16621732
28744553
11380624
23261967
18394601
14741399
25956521
15331737
25694446
29901777
31878945
11992618
26913467
16476059
12639902
11698476
15215241
25122212
11585927
22955329
17442891
33654076
33793873
25446596
15469500
14603262
14662763
37722521
27843326
33893909
22061963
37450137
19497991
22233891
18809682
15893915
17399760
32950969
34541469
36090090
16725308
38522484
19501052
27555869
33896391
20080536
12007793
18324484
11816044
11934499
19558434
27383850
36250949
36565614
28460433
34448569
12949242
21080064
25404487
20558510
20715151
31010480
35504002
19714753
20424170
27363274
15914230
22464285
24131997
22371973
33516000
15843383
31730032
26867007
33816780
15155762
14996835
14625475
16601121
17172055
18499715
10685605
28736527
33403797
35713268
37556559
10737705
19968986
21334391
22855486
29301953
38810307
37960025
33191176
20432461
38914806
18787058
15310758
21187718
31202709
28515447
17698702
12710947
34974134
15485826
15086380
15040005
33519462
16140945
14521922
11417209
36164986
31821748
35795985
17065226
15187275
32606738
38319105
16729897
38885805
27145805
11673456
32990304
15295002
33070524
18256385
22573479
20217235
15750787
21917909
12221123
21266506
36084389
14963124
22871174
24903410
17698952
20610777
11259406
21183668
12506124
12449700
15753034
22976294
38682111
27389808
35429678
15220534
19131340
10779380
35874897
23220011
20102360
31957814
24378767
21528460
37285089
22394684
21480320
39002485
30273347
39159608
16777850
15591041
19965895
15579907
25279294
18507665
21080372
22240322
31228940
34012919
23167757
38242246
21590423
15581358
25691644
37047031
17060907
31147718
17921317
29294089
37097194
11343252
37845585
20065107
36454967
18451518
29674140
36258277
11278616
38023363
23283962
16797727
16242075
24462769
11438665
11978827
26087402
33394034
17304222
31515470
34949987
23882029
25333456
11279131
14987998
38719025
12975376
14722089
14688069
17953655
17719545
19246518
12169691
12642098
26307676
14638744
15251455
14613971
30253884
14572635
25218179
38578882
29790585
38782769
10840031
17055754
32445798
22832604
28003345
21800995
32848178
38937853
15714203
35964258
14672696
38103645
17213653
32115872
35842187
31147950
16872451
38734343
14660552
15358599
16538680
22357865
26636540
21431686
17642989
28939663
20096688
16837549
22449706
21393249
11591704
19113837
34727925
19117713
19406989
31398040
26124272
26628364
35028708
37453576
22890155
17486099
15474514
26026090
12547824
30663414
31341250
15174051
15060077
11169732
28119011
25605335
37858745
32917285
26778562
31298480
33231682
31102360
10925300
14670963
22483753
15851513
19528951
16551695
18048052
15496982
33159601
35257720
11078687
11279189
17329427
26052016
28912134
17889837
24152993
37679762
35239064
38229326
30918076
15252037
28687907
17986218
33441378
33541421
24167472
38445367
27641993
18809661
25112873
25373475
12124380
12640036
16014628
18566453
18729074
10949953
18055611
19338055
11256613
39291848
15563473
34070794
35959988
38831321
18665891
32164252
12479814
19150105
31695767
15782423
15715677
35165763
17082476
35595057
20336191
26912082
36896602
34585826
22069448
31776272
14714624
17679095
15220350
16982907
29301786
14600269
33654926
37917979
31299465
10636921
33524878
12223024
39118077
34407842
16135098
23076185
37005320
19369399
32389644
33268570
24338128
38379263
31874991
36179399
10769070
11796639
11151069
33194643
33768273
15597056
30901661
12054568
20022248
19478094
32194636
10715549
23203799
26178983
26694174
29504531
38976956
12813035
38773980
18042550
31358016
34897996
20668528
28986201
24008318
21870238
34487020
38310161
23553987
23443570
24866770
15579147
39169954
35946541
12745081
18319612
27121620
15107463
26520120
28192372
34498706
32041945
36470426
11716516
15611262
11238914
12734937
17955473
30249397
34718429
38316768
10894548
10837477
20980498
28535016
23211530
31285549
25680754
11514519
34992424
34049972
34148288
22319662
21594802
19158393
19327508
23822649
33408233
18576335
15383549
18420789
15774585
15060979
19675127
20554693
12198130
18673450
11087817
12941469
12717429
24141169
12471040
21459729
21546288
28586844
33320912
16501081
21168482
30675298
35705980
19561358
12086581
28178907
23185322
11906734
14528310
15388344
17085442
15228544
12068007
36094626
29256899
17640372
31754348
15866074
26466758
11889209
25281487
32571842
39190270
29690521
15861462
11278580
16257957
11461928
25762204
12060494
16099299
37861952
12270714
36585554
31118686
11431473
24931513
17076661
20565848
15379854
24019208
17306570
23322110
10900163
20598021
14748910
31547433
37594082
15899883
37080085
26378810
12704198
18476811
26679646
11279143
18064323
15824072
17993626
11133187
19244930
34398143
17309824
24466266
38083975
15171715
31885817
25516545
23375721
18056707
33878313
20947489
32949596
12657642
16094824
21826248
36242088
21971519
28760849
32646440
33574455
18950484
38358250
19996095
16511560
21709215
30013350
24140250
15266645
22127416
22564057
31509237
34513032
10833519
16861698
17726369
21570948
39149365
11146555
11944916
10891389
22516181
11877408
24670807
19445970
15479784
36454864
11119607
35538192
29785119
33416179
14630929
11527406
16052498
20638950
25971982
33614632
11733405
38191507
19501957
25137261
15471851
34764785
21975120
28099440
12458888
33127810
38426543
34044068
26975474
12798367
11344214
17727637
22278372
28478116
22965877
36722968
17553795
27072365
35187741
18285459
28049756
27857118
24714587
33800945
31938068
37251542
16966330
12663518
37626856
33762177
20869594
16148028
21068389
16037690
10892996
16759874
22719051
16530520
14759290
38891076
18809440
20679369
37098808
31838060
30816677
23370168
27510968
36734364
12646920
22452622
10648730
27034466
19996284
37341482
19211505
18722174
19893045
10783163
29913147
32090428
11459835
26432349
25946971
11525746
19726519
18657578
19004944
15486301
35873710
39257990
33526823
26647385
33865422
12177051
12897130
21268125
28105027
18242152
26915100
38761490
24009787
17252199
17097639
32196840
11466314
31898491
25423132
19052145
32062833
16584201
23015697
23082986
39115693
26463137
25590652
21098487
34991674
34964704
21498545
19956800
23341142
21468937
21618100
21763493
22301159
26634999
22307071
22519177
11328591
31963158
37343697
17293456
20550709
36645501
16845381
12297501
37554544
14704354
28668496
12588987
37385458
16822837
35413439
17626165
27613848
23974436
15548525
17148781
24674061
31330113
15051728
23035094
21195084
17606616
19004343
23424195
29020934
15778451
29537490
35352891
15556948
17432954
11779161
18364744
22341854
36798267
18164316
22335944
11821434
25354586
11396922
22745487
11278448
19465059
35279083
12589039
21875655
27108688
19176383
21421237
22987556
30365098
16914641
12824289
28955997
25977793
14517216
10997264
16916799
23776073
28408238
18470912
38212635
24567387
15356263
15522877
25286301
11552739
17991872
25927990
17133595
21639915
16076840
25887384
21767633
33681182
33562358
11586265
18157086
15735006
16357361
36463112
15591537
23401562
24352449
11056221
12601045
22619176
34403532
36250525
25056872
36128587
22370484
33410398
22591401
23921383
31504797
21172659
29717200
15067377
17303575
32895531
28821622
34733798
24161670
17395585
18342016
10725395
15928315
34854518
15196949
28017896
11237611
30143487
20307651
11463378
18041034
19853562
33201484
29925672
32064022
34613794
22843091
32685003
21489269
20041225
28615203
30902744
12193729
39043024
12556533
15566403
36396045
22355666
11239399
12399592
16583401
17077088
19223122
29348664
11466305
19874820
28393927
23184661
28447516
10656975
11696547
15983736
31092013
15886223
22608511
11716504
26950694
19958286
17429597
27802336
20113495
17586539
10913131
11407661
21098738
17272673
21897861
33309799
31035352
30009471
21856035
35757688
11509578
12221120
35733786
17516242
16386730
28754689
11773052
36269304
14664707
19663701
35830185
31184604
26562092
34743989
30076931
23804556
17166942
18650551
25416782
29752758
20981029
36233202
38077141
38513652
16242744
31071328
11546807
21978152
15334650
15958389
26093086
32993738
35301280
26043699
12215450
11960008
16246392
12896982
17391063
11753565
18184799
12721296
30870073
22693546
35198364
38599240
26139058
14984734
18676996
38434631
36765808
27862841
31776458
17713653
35121306
12606325
33362245
11909953
26374855
36039578
20657843
19339244
31095429
21242313
31862869
33021399
35337381
22579131
11395493
12869526
35041543
22985629
28941288
26152360
12914965
15286032
15485626
11577096
22392906
25996495
30552192
31754011
36717528
23774694
38809685
17689115
14983524
17804409
25590131
24451148
32482889
16309174
36291059
15649892
22989009
25745032
28869969
31989041
20805875
27019426
36586532
12566459
25511804
29600650
15601819
33693649
38019439
23600199
28735896
15576942
23699529
19487700
28617990
19261738
21159752
12202488
36181414
25366344
12844492
15855159
31359032
28265001
21307259
17267064
16981228
34643426
36036768
17679094
17905676
32784484
34534368
32285117
22372738
12427831
17919288
34956459
12881429
19420109
28868329
21840865
12637572
11199762
26179141
34561318
23209377
23874782
26412745
31105782
17768109
21559412
11875063
32387133
28078912
20388122
27312530
19561101
39281835
21148319
33421002
38531807
17341583
32003710
25486476
35234635
31922962
22960247
11204444
15265006
11309652
23403125
17158785
31043528
14730030
33336734
23063741
24554506
19961478
22422706
31506318
17446303
25446004
32277521
29741662
34639003
38251062
37948986
21841128
31480672
37033725
15784599
16898954
18366606
21356935
24011531
26618927
12597419
11564877
28122728
30189336
34513660
33561315
35134996
26029286
25951186
29130480
21865549
12819230
15189446
16167350
34015332
37423931
11036203
11104763
15248212
32331432
15269214
24167131
16580639
16895915
19409090
30025407
15878856
11434934
36123685
39078176
17846166
19615952
25171651
18160710
30872089
20942053
35842729
19656130
15617687
24236122
38200609
15305378
27898058
11466618
11069576
26373354
21402775
26780722
29439719
10887965
35098692
19152808
16810465
22365962
23599041
24582902
12217858
34492534
32183205
36156247
37769243
17059562
10893223
16931877
33928604
38132205
17318113
27178332
18228379
12101187
16963226
11212254
29302054
15247242
23221550
27642009
30323899
10777483
23261684
16237101
16819973
17140565
16957055
11038367
18703504
12488503
34200450
18660530
14645245
34287041
35203278
33582555
35758595
11380796
33656677
36107351
19457072
37865637
31410481
31858554
32564009
30668325
20106980
25868979
21467298
24636256
27053113
33789107
19479059
31404065
16213523
31117050
15002042
17175180
31933727
28826836
33262514
19001364
27987529
35456931
26311888
17707661
30185232
16554302
16213587
30151693
30232181
36008606
17504404
35387966
33710818
11027273
28119118
37193048
10829031
26170417
12511557
20382259
24019492
29040311
29705334
30084199
23921441
33142744
36504051
17005646
37382270
11709725
16750894
32373549
12757932
11571281
11564873
10681530
16598037
27372350
28588038
36277152
37303661
36635261
38943005
15194446
11706023
22981438
12203110
24224055
38230956
33883889
22712502
11817649
15187129
17633453
39025942
21285314
14532274
10648625
14685262
16959763
18397837
19224991
35887344
24021800
26453058
14719112
25070855
11071852
11278437
24007983
18596106
29950133
39267538
18162583
10848598
19609950
22659184
27126943
10842245
33760167
34526909
33692838
25521916
14586172
37331409
17828261
18410515
20716133
36651733
34868225
24556985
31611854
22078946
29145464
34974108
15731196
23581463
34665260
12945534
16809762
24358215
21179510
10705873
12221124
25449213
28116460
37656054
33757126
35263585
24725826
34090323
32329830
15509555
16095746
23806656
26442853
17579463
12435728
31238884
11242046
28215986
14738734
30619295
30106440
11336640
12591747
19797159
24286264
28036092
38279053
21750861
25680350
38381247
11027274
12361576
18667241
18550750
15331664
22497690
26555887
27514687
36533778
29447394
28212551
25644660
36119811
12573530
38745192
26001632
31149036
16755874
22973447
33952630
25448693
24535641
25902260
18073385
16415210
10629607
12242665
11126408
18411300
36450665
36706880
31450747
23537643
22989886
16361261
23425954
38926249
11590152
27167300
17181539
33991233
29622663
30594943
36823977
15304482
24155407
22289110
15919082
22340501
11115394
17494329
21734278
34158847
14623410
15262987
27082872
11758914
21211017
33607153
24720729
12200373
31442344
10783161
21828045
33505963
19857117
35097244
32050972
24447627
30532249
28885036
17222516
23894566
36053124
37004088
25689847
15136574
24804299
23666756
15327400
28122356
29025071
35605661
29752693
35184376
37928166
17499042
38926248
10943942
17709503
26070772
29581157
15867354
11011146
17651736
25019211
19950169
38766247
18318130
18629613
16216878
16364302
22330138
31202897
28653874
15250495
11897493
24355769
33465322
21297961
26235199
11716484
35946568
11071780
10955224
30858856
25798074
26744312
31076518
28062705
15633295
16107892
16696972
12776181
30725116
10684647
31916900
37737016
17975086
11121021
22621179
31107531
32291710
34586741
20098416
21699595
19122655
35648835
36422883
15161634
23696823
10806408
24619230
29507111
34854353
12098764
24607275
16099873
23891776
35282134
10948196
16008856
21958194
32559140
39178222
19716405
22751348
26661218
31189653
34728400
27766091
25043584
19293638
33223234
31176020
11988016
38409088
32079677
25411776
36625269
36610153
15143068
32217514
12140281
35124023
31125668
36190932
35557691
11739373
31934113
25319664
31286799
18045242
12888657
20391435
35100526
22497821
15225553
25239023
20942105
12591166
34270834
16478192
33531470
35244730
12805422
35723810
10567924
31467400
22215023
33325210
23750206
24359953
15231068
15980863
15031544
16750281
30549223
15555435
31756772
28063403
27035235
19762914
18791271
16195373
28924186
16648485
15722193
11832214
17590443
21663378
37813099
31935443
12598653
10698171
15520448
15472115
23159490
37822112
11368024
35550840
16484229
17548356
17409496
21205633
20089136
11122378
11697862
11521189
16043481
10702506
37257329
31300465
22350886
24096480
27764783
21466281
12122015
23992640
34446693
38182686
11983910
25698751
21445305
30863700
23272676
29310781
25908445
34478915
10854328
19631221
15324302
12716892
29020611
25164678
30733645
29485702
19525381
20179761
22645144
37759187
32516135
28802579
31257059
37209006
11274144
15590655
17062397
19097126
21528445
18415681
25736752
22514732
35313791
37576703
33732022
37457886
12200317
20051959
28513872
19726583
34285194
19025606
12923176
11170177
11350969
31184524
21245145
16478718
15247922
12975377
15842360
26041446
14665636
18188704
31500298
33376132
12724425
12453409
11847117
27067666
19624487
27743889
11162797
32111211
24987158
34309216
34009856
34726071
32620552
17441362
33629931
33854621
11505033
15961262
24071910
37919754
34979054
11447130
38166153
29718136
14759372
32379372
17898233
11788706
29960062
27335683
19225246
24478012
31945194
31084864
38215077
18184091
31631065
15140898
15223812
37890738
28438690
22490227
10903909
17953665
18060492
12947118
19639172
33017884
27727322
18438428
20843363
24735870
30444263
10980621
15788413
15653678
12967943
21554861
30631869
15514971
16905657
33614233
23678131
23625515
21546607
27385337
29807953
11432866
11896692
21629747
22737924
16473589
11703091
11237864
14649548
12718430
35668488
30806153
15480426
18353613
12454010
35695579
35580464
20655717
22579041
23084776
29802994
11323206
18520069
15471852
21470975
37199660
27770831
37926360
35793783
21040787
10939043
16341125
21574958
15817488
16873239
17620132
23374182
34195070
37930946
15288768
16870348
23582741
28749709
20686031
23716688
15935109
22745372
18174170
21698364
25027693
10734115
12826673
18511234
36525374
12649175
28520497
31827699
36353796
12069495
21185336
22420498
15673667
25104024
15509535
36527747
22025680
30189843
12738812
12515821
21386095
20067908
22547014
24884516
14704337
33741419
17977820
37196484
10793130
32171981
16306045
17492054
23236446
12810945
23649344
21481773
35012553
11705988
28701145
17297438
36506394
21566091
12529422
19596782
33268765
18174274
16159815
26106520
35748916
29396434
15308671
37256823
11731619
21795788
12477731
14673112
32114885
37298104
21241315
22804732
11278638
34131082
17063476
17179037
11562350
20585629
23900286
33544938
20036230
32098921
15208305
19359042
22771325
23220480
19567472
34688655
11920591
31881970
14624240
15660419
22396795
24907554
15337769
36942812
11090456
18523483
15728246
22640877
12504123
24526010
35944386
22864571
35236406
12542699
16243776
15153551
24205397
22991457
39196627
15682639
12402043
21954216
33876670
35488351
16918381
16318634
20978316
23216755
20722023
15297424
16497658
25742295
31883527
11024295
17333335
36043525
11507098
15896798
20697956
33124571
30662440
32714909
22286028
32292519
11602144
17851551
15967103
33184242
16464865
30353006
12588993
11590247
30119680
38970508
14732465
11774284
30025651
34253241
28522163
31237474
11368007
17598176
36604718
35520785
14613969
19134343
20856197
18710941
34956453
15576939
19241029
26076332
36413326
16799022
20499158
20582322
16469875
19672622
29692765
14603524
25641073
36358799
24758762
34094960
37455557
32509464
24975470
37724907
38157846
34939762
34883417
16236806
14712222
35458456
37318881
25876044
21825168
24787244
15358682
25516717
27099442
31421133
21507968
14697248
11376433
14701824
21427700
11274161
17633463
33664996
37405427
12588981
26640387
37544034
24512489
26123743
25019241
38840222
16428605
12471034
15983828
37808166
29644259
31329238
12009208
15663938
18302287
28017718
27217376
33168027
20714218
30745823
15772083
16790439
12972618
17033939
19260967
37561331
20645409
12054657
23305527
28167128
15728709
12039951
20226774
35305445
32855714
33906494
21350084
29331515
17554063
11583988
22266318
28228215
35924466
31734164
31138777
24937452
17453339
26780773
33794254
36678740
34825365
30805988
15554962
12764376
15215290
27635429
26487268
17093391
31123462
38427179
15207644
22475431
14592831
16909389
15556625
19875511
21114991
30567983
18380665
11976684
11530604
15729359
14602710
11104688
19101541
32016970
34830185
30146255
31989558
30836272
12906857
14870676
12946943
17828282
19553665
23509301
38848887
32753887
11920584
12566453
20086174
25973311
24249517
11504942
33136091
18806265
27878989
31431542
26138234
35608889
10896658
27902968
12782278
36834700
10913177
19706427
27614433
18676026
27180283
35033901
24205365
28956708
33747209
26269117
18270661
15838278
20460381
22569250
11501177
22643886
23394179
26990309
38484942
11956312
15718469
19535145
28348086
22976291
29218693
24646917
30339815
31113450
34011971
22220805
24816397
12173038
31124340
11532990
26335962
15642376
19011756
14709338
16418218
25353218
27838438
25986373
35164665
38755651
29997207
36902246
12473651
37247385
31075090
23776654
15238518
17418102
22128244
32211117
35384384
37301185
17976658
34497150
32699526
28882106
23724116
26015066
29437011
14991841
11901218
11323024
31400116
36470064
12369413
34975332
12620792
11861638
23447623
15372493
28235798
17174496
31171012
11916959
18633470
38124228
21278141
20861307
16987251
35909444
16878696
17925400
30072869
38232613
38640855
12176333
28926977
30733432
20359505
11238883
15459111
19008645
11207262
12145273
19341767
25192045
25378581
29396666
33604894
28662411
19116932
21123731
21733851
11278544
22205302
28638922
11929849
34120462
20802526
38881325
23973190
29699584
11812242
26151495
30562759
21167219
34968454
20980600
21367896
11438656
19038333
15194537
25500588
14681216
34217296
30335904
38383452
26350037
27283885
25976847
25159466
18729062
10831385
22128185
38499965
12869563
39074058
23187700
20093626
20676128
38317750
30981080
16204236
24117625
33252475
34417605
35187520
24632380
35356881
15679469
18621736
24211109
36118078
29136455
21394100
14596612
26335442
19142186
34009729
36422864
15138251
20881194
29525960
25510663
22713505
15634911
23911788
27528036
19440361
33461598
10963088
30506423
20631121
22357851
28677784
26021297
27919290
33854310
37679346
23441816
11165258
11961583
21931549
28672764
16386773
26453302
26972922
17094107
38793558
11756411
24194546
26352431
33316744
18067888
37102374
19515826
24807909
39054719
14963114
29738527
29028794
33562320
15899916
28088781
20554524
30255175
31049300
11060033
11581287
35451584
24659101
19164281
38604814
18835331
11688983
18464289
24792047
22435194
28969712
33054543
11278422
29771302
37642813
20403096
24446183
10644746
32038159
10930412
28150071
29410209
35852716
37321076
25393110
30041013
15751970
18191271
15208851
38580917
18840405
29106055
20844029
14563854
10648385
26226130
10995450
11027280
11390358
20969868
21859714
22954909
11483515
38598021
10625701
26527749
15922732
36229075
15821443
23333803
18181673
25051049
11483589
19473972
30592649
34263426
19502552
23872354
20375905
15473372
38253900
21896166
32511988
12538907
12764574
22768251
11313273
22802620
20042058
25311081
30197676
10922459
29989047
20874444
33743795
33654750
14617629
26055710
23085260
15468912
28124254
12082172
36546321
19188438
15173580
27165002
21268072
16783010
26260601
22206672
15188178
37865306
32515533
15767463
11497431
16842757
14735467
16527989
19443439
24217916
24369427
27424190
35756787
22941604
27417970
36371204
36517742
38410462
39288624
18448526
23596012
15042584
32636757
35454094
12086673
16114888
20600358
14751926
38795036
11739374
37833249
38135179
22907703
22277657
26739494
38926262
16936264
11289048
11829060
17049707
24985145
20450923
35359405
34720052
37731021
11254726
17977904
20713702
16677157
12841848
12051743
36607951
18559425
21273440
28609714
31127673
38056583
16033757
33743134
14593187
27315218
18408015
11733528
19540239
28748200
12207026
21335556
11161721
31197516
37711054
39197578
20941988
24480132
29408807
17300786
20579338
23172663
20124434
28553222
27252539
27956147
30124909
32671611
11433432
24339731
24156709
15292249
26734730
14529713
17273746
15231023
35106827
37684630
33238186
36155344
26683595
29621589
36385275
16302679
32111759
21118139
19828132
25190485
22030623
36094311
35884781
25793704
30072099
37065565
16267313
20304997
24260268
22780964
34578322
20337593
18269734
25853104
37442088
24095980
36834519
15701799
38279484
15339916
30417576
25658601
29072702
20561261
16980311
22904329
25093662
28886744
21067242
16320581
31390921
37395713
24969689
38001512
17009258
29241811
22190494
31133063
15701712
32081270
34788924
32166136
17638665
21094287
20071581
14578349
21382639
12239342
26618405
28515296
30407725
38257770
21056985
38254112
11477066
38752256
31646569
31072129
35167383
22897107
11912191
15845543
23295859
37013484
34826648
34556565
34651644
22930751
25744490
16478533
17671183
23418552
10990463
20184719
18404449
34522576
12892836
31071215
24389009
15886239
11960001
19285662
24553286
12730668
37940881
26028028
25832806
12819203
15133126
32445341
16491119
34354942
10814722
26474276
31158522
36223033
14767476
20578054
35063656
33976734
26717875
11050117
14665640
11848420
12134075
19164805
23261423
15644328
19445592
18178962
20380454
17353276
17318221
35490467
27923065
38176583
16738539
15020226
27235349
35147183
32848694
11726610
19264906
21750196
25663692
29936497
11713255
17313857
39021312
28187436
30004214
21734260
11846558
32400082
16717086
22496833
15090540
21283129
34267496
34709725
37294531
23311631
15133024
18701492
23799904
38715121
34989145
15579534
38551642
38884345
17650322
24639380
17050620
25234597
26609049
32056513
27797762
30253130
14966364
11105761
25352045
24391960
19323978
23874880
32528249
20361975
34483137
11852179
11001923
15561707
20231424
15256499
12829811
22252435
27277800
34162423
18311721
18768736
20506327
21871525
15601860
22107844
16714286
17236862
20683709
17290187
27681265
27859969
30716314
23274565
23918302
34825857
11005817
15351743
17226778
36634848
25674205
15037779
25934937
30448236
31469402
35548298
25941715
30272263
29468369
24143983
15308312
15870075
28648633
33576448
16256962
11813884
32318585
21813028
12734206
32917240
21849502
28024160
27711191
15190070
15922734
15816852
23473033
11722592
14602726
18701456
18419150
15317850
19287503
19384198
18086859
37877357
10823864
11560919
20335169
14709721
30326144
39256760
16258364
38028176
11920408
15236912
22212092
24493282
11401320
15601840
27285981
12423255
39003683
15196038
23239230
10777566
23151917
11161472
24067962
19493905
17948269
27193299
31370872
36373479
14732708
29990254
12186903
19444697
38970074
10903422
28286054
15620648
38376172
30413703
17620599
19378191
12598530
29991678
34554676
22020747
36774506
14722281
16617093
33042275
22058197
12388624
17023680
19423554
34162143
19145429
12833427
11700971
15546918
18417590
34215815
25589732
11384995
11804869
19183260
24919196
24425001
25628764
31992623
11071635
14660624
11771727
25176648
19591836
15153798
27532021
29921713
18266760
14593208
15591145
21185392
34551671
12604806
24430301
31734829
37938765
31496812
23242181
18953652
12453569
25236602
12097197
20181930
19262564
10860542
31618640
21925214
21184759
28614400
34461605
16055732
38495826
21223993
19767429
23385154
16965550
34737423
11517213
15937108
17537993
15305795
24956888
38250761
11714715
22044428
26997225
30405824
31621893
35179253
30733243
19204117
38734811
17300699
19475567
26974154
11805049
11675383
26561775
16303771
16034076
19114714
26642356
38147982
36747711
21109197
26472188
11713266
26668322
19432478
32145676
16914116
21382349
18285446
11179419
24376652
25237397
27519415
37747800
33937030
33790061
38559188
10947948
24072772
21632565
26893681
11565116
37166661
31685529
38103190
18729826
35259065
19020822
24607320
36122374
24213608
12692239
22514693
34496800
21442277
39227395
16528910
38664733
23139242
32714095
31884343
35637966
31950782
26887316
34026451
11786218
12101186
16234850
22648084
14966139
23701727
35333871
15163725
19948726
25132853
33897885
38951152
14735325
36102310
31627033
28714949
12065700
36612174
21525435
21957305
20428769
18495657
17468741
24602510
12764130
23814053
29705776
28206953
11774281
20107086
15956337
23626738
23458967
31959730
17971080
37147713
29050265
18436720
27287384
39278984
27280399
11486009
36322624
34561969
16219770
21937443
31322186
14688415
16289596
11500922
22064703
22613976
10965038
26579577
16675850
21917982
23455924
22907501
20661443
24700702
24474760
12138096
16044137
20029030
30133349
31837328
31109967
19439912
14629470
20943957
37450138
11134069
11784713
34278519
17222884
13678582
15857683
33155208
25131991
22249458
37575056
15351706
25482872
20626591
35798143
35786929
23709204
33740664
17400552
11430435
25973932
11153889
15094368
15060173
25928631
25424171
21561913
10684936
11779168
22422769
28364521
32546833
15908514
20875397
11069904
17224449
22665316
17065148
23417121
25336447
26933246
15048127
30936983
33281190
24895406
34851489
16675022
21742018
27228173
35964907
17384276
17714073
17904539
15501817
11367563
29325877
29223529
10671526
27155614
20225815
21717349
22355679
16357196
12453471
38366924
16183742
17614368
17681692
16006774
19740107
28829501
27516623
32468055
34904630
37717724
38215735
15611242
11585904
24077017
31107439
28801948
11084048
35174214
23685145
35218353
19124002
20056832
32609259
31230592
25819984
20605787
25928036
10887192
25587118
32716006
24453320
33494375
34939411
12855738
19916945
24470025
23895878
20979660
21148163
33332531
18215114
38631949
33732648
11581188
21266332
37695401
17349887
18930994
32041942
20444091
28093067
15056664
16230358
20631090
11566880
12187587
21390242
27015763
35124430
21365746
21440627
35836818
22609512
37080528
17038323
19919647
16803897
38718572
12657639
31018906
33106406
15369458
19648926
27925196
22976128
31550547
38491210
38475985
20043875
15641109
37464424
35508474
19479903
29228694
36399653
37429790
36555817
38292191
33766587
36786216
37128611
12746459
15574412
12646208
30033083
31121283
32267161
11353800
21593423
23503365
14506230
14602718
19426801
38660301
18314541
34899853
16493674
31846778
19389809
16306043
26519110
12021260
17372307
36683564
11325959
32868807
34000451
11468167
21813736
30650179
27974454
28637510
21828338
28689251
37477089
23692556
37072646
30547803
21730179
29385472
33859984
33603481
28955922
24735796
12941912
21606500
23056421
37100289
21474921
33071648
11262387
22301153
36583366
15155892
20691806
21505186
18761085
32715295
31531187
33020268
34510207
12782622
19719274
15899884
25701539
26268136
17013563
30609224
15187252
18427968
19287336
34494555
19691923
12167631
32622945
16100120
20007282
32833901
17353186
18974096
10960479
11751856
36705889
12124872
17486064
22894784
12373151
28902164
17340225
23810713
17069616
20308071
11016586
16478101
11122111
18266981
15189355
15505042
21358210
22993145
23550158
34315224
10930419
23716716
30379116
32771410
28859621
32685508
38237141
26253535
19171180
25545659
36960869
12967567
20442363
29734393
15684328
10752684
18827015
21056973
26928794
36854496
27050129
31864418
27896869
16079150
23929716
12735930
16470384
16913845
10903766
16773372
30809286
11495584
11020072
30658672
37459395
20097736
33658048
12061792
15610016
19851477
25634959
27717466
25027872
33340991
18805794
15209392
22378108
37248468
34406415
25736760
17965458
11850414
36045416
32450067
23062266
11544179
16272139
22568947
18853422
21262214
22728091
25748600
35184419
11530011
15896299
16551699
22573353
23855590
16443220
11438654
29870296
31554446
15173068
24356448
25231164
24508230
19294450
24906321
18483418
20178993
18840766
12867433
37501385
26854198
28671039
15501754
35509688
16128808
20506400
12732617
39113702
18156775
29775751
26306874
34287056
36308692
19084272
20828553
16142332
33892646
34503235
16234979
32196731
38768217
11259371
17327823
12386153
23164356
24795430
32712351
15004409
10963340
38398158
24358118
10627461
11257181
11432874
25106729
12681067
11486008
23303669
36475596
12929931
11277930
11703098
15234554
19220894
21278261
36348062
11753644
19568423
22493505
35037032
12393469
18620420
23596270
24612089
18188155
26571489
31998294
25948753
11734564
36780989
26666816
31499012
10792361
18985005
25840417
23955961
19082428
25036101
29438748
22078933
22521293
16099430
19117829
22544939
12671045
30793539
15180277
19766713
17446452
28724979
31927229
28684211
31220549
18817768
17054425
22710124
25550780
19822129
35004889
12064483
18930453
37169142
20138877
19047461
31177307
12485999
14769205
23618837
14871878
17995798
17628859
33663544
12866411
37057212
37408192
24012840
12781036
19671288
10837471
19855191
10805695
31897216
22474335
32604472
29805687
34228987
11591697
17372166
14573932
37229323
37926762
24550486
21049473
23625283
27384918
16735078
11698450
20023173
36787107
34825733
36482511
15336530
24657265
33037676
35045360
19915562
31754335
23321639
10900205
26483206
31236922
32903274
36271550
22365972
16732323
26226135
10919660
27738313
27926980
30478938
34709991
22595914
24220575
15944154
18228384
36209140
33497357
17615148
11089975
19047375
17178829
28840375
31858532
38737375
22279557
23100434
14556291
17372305
37026523
11076647
11266558
25130389
15886522
30604035
16236245
11917527
21364894
10766818
24859569
19137016
33526714
36564978
22798673
12426310
10775415
32771944
15856949
18228462
30397001
21223946
20802140
14517281
23545196
33563314
34002210
29594778
34157120
11602771
21455576
25833397
30457706
30774387
17042716
15377662
30098172
12016230
18719072
12828989
14976204
17656099
29251332
38907517
22689571
16464750
37108437
11751391
28002318
39039420
34745083
25913325
15758838
15095787
18723511
19590579
14684824
17490702
21307942
22227579
23063694
27211563
31985874
22775139
11160868
27588115
15454398
31615108
35074542
32970362
34990820
17974963
33347954
37436957
26327598
18376413
32868877
15654966
21400615
34459127
16289832
17986258
32011337
34141617
14503841
17158797
21245013
28927747
17761173
26416459
27300021
29383758
17875935
38476309
26971449
16408927
11152473
20398364
12438596
26552673
24014410
18713637
17158784
26644476
20028738
38237865
15591046
25589515
32398827
20096356
16461343
37168511
25521792
17724026
11274370
36442565
15715652
20802463
16003501
17403617
22766233
11438661
22090134
34421346
23370536
15132434
24284321
17035316
20041211
17239630
16572728
19139102
18988733
20926387
28646128
32630813
25499299
22728390
16890595
16537647
24556609
28258215
18795122
12810716
24525530
24581425
16049137
19557800
35752363
37337213
19914305
15355342
23635403
31755338
37408701
30710027
11261789
17460286
32547319
38745188
31937560
31638184
14695331
30676545
33442296
12670957
26431277
15558029
36375819
10925353
12558980
20950722
17707345
25240799
23604598
22323358
24039836
31745875
25653389
29041983
15297314
33043803
38669522
26519317
23067370
12594231
35607322
37276216
23886488
20018890
16720649
38299319
28848397
11116435
29482572
20152898
12671055
26884483
29222334
25605012
35969010
17374643
20637749
25619834
27066976
12465049
11390362
32408908
38198357
31736889
11020964
11711529
31649314
17384638
17548344
35170486
22795973
11701613
22194624
11959983
26651153
33790078
12885943
11030426
33568630
19243310
11914277
26566027
19236845
25310715
36414129
36253859
21604287
27881156
17205518
10817757
17250594
18639592
15945100
35986151
11550089
18369157
12065423
32473955
32938376
11890527
11731109
12121974
36139568
14759373
32017066
14739275
22132083
26264872
15522277
36700475
16096338
32526811
34537481
18328744
10710432
29911316
30690031
34491311
16621789
36190134
36275031
37457120
25736741
27581145
21978926
24550137
30532024
29892816
36808266
21659473
16711390
23599432
12949219
15941720
15548598
11118310
18227064
32015686
35993245
19288496
11485410
26828018
10655212
15632193
16534869
11742802
11299320
17179173
22306379
12048193
14674248
25158196
28812047
25109821
19166614
24358354
20181929
27902860
15355963
17643490
18701475
19951725
25617766
28701349
31697569
11279115
31109007
32216203
22812570
21377281
33261311
32790169
16953270
21893048
15063168
11606724
17006958
29913331
20939996
32606750
33949437
19013191
25620702
20360009
10733738
38615902
29501442
17554377
20844026
11851335
15998282
19255368
11197170
31824846
18719394
11522347
15365652
12066200
22578008
11027216
28527257
20042500
25673244
21291475
31312389
16328344
18676842
12385777
21764135
19751963
23975427
11832419
31892989
11782481
15069026
12839565
12952595
38463560
24413171
33259040
15672604
21110861
23624386
28265584
26842955
33473328
24219908
11716757
18760388
31349190
16709802
31387525
31596114
35567753
11956189
31473225
30913225
12439743
20392855
20884879
16043483
24504673
17229887
22033526
12950726
26475222
15003536
35174780
17324927
11487570
23298946
16431924
22817462
15342482
11112520
37900102
21698230
31329577
39201565
22275515
32801746
23272104
10969885
11061185
16741768
17570224
19955184
19609236
15890654
37605933
31419446
30094225
12100721
12935895
34057025
22138399
37642757
36074257
31930567
15060081
39001944
10930578
12810041
12642697
26586441
15632171
35124280
11309412
16998182
27172193
15448695
14713311
27903978
23740481
27092946
21543499
38179755
12724406
18279314
35135477
20890132
16271804
28786240
32831647
34738156
30425097
34655977
10859592
28684317
14572651
38857203
15117745
12403834
12381738
15659641
15845869
21457063
22951310
36474192
23600947
22964639
22797939
22921760
28460442
27479079
12377379
17611194
15965232
35480561
12180935
35120971
20833645
21926266
35179300
12441136
28432355
11780391
21246116
11859710
23708076
18978946
33391484
37098630
21745565
19036819
32665601
18983824
33991612
15494726
15136563
17138966
34286462
16142216
14704958
11571273
36136987
19354260
21282044
21118500
26730949
12663142
33833526
20702696
36993746
12635848
23831331
11030144
14581371
20626661
23235274
33936100
12574156
22974759
18778306
28360110
10941811
21471442
14585370
30126842
32295990
25819753
36356557
18519678
31661482
22802411
19038248
33116587
39181290
19291803
17299037
24847033
15705592
31107971
20568816
35338344
10781831
15967637
33891267
15078164
19808956
12213826
17196975
11553611
26548531
18053028
26070558
16195392
28486561
38495375
26347895
12210255
20959809
19624844
19423756
37596704
31889151
38872230
21448919
14750953
33308298
10630960
22902361
26331527
29030914
33208053
15068962
16527271
25746355
25848059
29707125
24270184
31888545
33581340
29378952
36316088
20508912
31908059
35863309
38799129
34976175
33541136
12802014
27129242
26305376
28102638
36782197
15358144
39013105
27033120
36451863
28174179
16236729
25758225
18000864
21282648
33157413
37483514
32420371
10825177
22615491
17408661
32012267
15218035
32393310
16308318
18378571
15844432
33100904
21080941
37898784
11160719
35104496
38419089
35117528
36098743
16166078
12218370
23909421
32762066
37710420
29089034
33345322
38297111
10913172
16891390
18305032
18157149
27735003
24131366
12644451
19145069
17037610
39251943
11156415
27836756
10681570
28852924
26912231
16510732
23262664
27392515
10772818
32748397
15673668
29604329
30555257
34694360
35743062
24433214
34544400
15157358
11530104
33649471
24086464
33359711
35574494
25963141
10660597
15158448
29435417
12805493
35127859
20972675
33230331
24520316
25091479
26053850
25475372
38948066
34009190
19004006
37925419
28249776
22876182
24525188
12438593
16222231
11713276
27262126
15753947
24460977
19855435
33305188
11591368
33152380
26093298
11314014
12534336
31770435
29483821
17936032
17724155
22389404
14970661
23188192
11802774
15831937
33725499
23367557
12108523
18292575
14623273
31234430
15488178
21575478
24393166
26342581
34629747
31995159
15107825
12665524
16248888
31186810
32727874
32753034
21901160
35405500
12842460
20655440
12114545
28747494
38218585
37873207
11950960
12654920
12573249
21528448
37202916
25638270
16862158
17296805
12753463
32744317
12750561
14762120
31249498
33947971
11877445
12533600
14993223
34580797
17540843
31325559
31489244
39220970
10940313
12504565
12954618
15469987
20068228
22090138
24583181
18082612
37880612
18650365
26017567
33380429
16914855
26044015
38175416
24024174
22143671
26333169
17437969
23115191
21245386
19085247
29650545
28264028
24956101
15501810
20456976
12138125
15618548
26396174
32238887
32744515
35110513
17614130
27215606
18337473
34027641
19066023
25904328
30429351
11749532
21194525
11290873
26603836
34837947
10681590
38493244
17174123
15356272
18792806
24217650
24793418
28179429
20164584
23069210
38280716
34019714
11730847
36566563
26230715
33887587
23035211
28296173
17535930
25268128
16643805
10797562
12123742
31646551
14767067
35444668
23414391
36911851
23007861
12296770
23926355
34109173
28449847
37579928
18006810
25802875
18448522
18768324
36413318
22363460
29805709
14716795
34245782
17674968
37543305
15474036
36514221
15173615
27173897
22347480
24136709
15821973
23933651
23504328
35256715
28751448
34439291
19668228
23800116
10620705
12589066
15272871
14573704
19493441
12905791
33587352
12505721
39044740
24348920
30737458
15140886
23154865
38139252
11862714
18566598
19851863
16245312
19796047
21338354
23553667
26787927
32364243
15082531
16055726
26811480
30167092
35656115
24519937
15618965
11225245
12061772
32822226
26337656
11914080
19064501
27470171
19136554
34987530
23562578
36063887
34603599
11459781
21731653
35696011
15111495
38273153
27833854
27956717
33588834
28319320
39079206
11532985
15242776
21364036
19477214
26824458
17653080
23578923
29757434
37882710
12815160
34532478
15304517
38876304
19238288
19706677
23671665
19096392
20940419
21085651
25505146
11278851
11699591
22773843
11278452
31825236
20601947
28232182
27736153
38027068
29548972
11463856
38529638
10866835
37635445
26769854
36660942
19211612
29408556
25263660
37580493
23649807
24216290
24748057
36902106
17694564
21485013
16297319
15881224
15282272
22767580
34954392
21423205
21917865
11107623
18422652
17574207
37301985
23498974
31571903
12751788
28098450
29531288
24065186
12359749
21957239
11259404
28835592
31691974
25280942
22320398
29773106
23615399
25727637
25930118
38344712
26209277
36092940
32926932
37369697
30320919
11448998
17599831
12816950
38255219
34861878
17278971
23619923
37545539
24127596
17580308
12739005
10793082
18521936
29147206
34266353
37850324
25674022
37215148
32305019
18850076
18774944
33882369
10805975
20980837
15923184
25293761
28575531
31432184
19372736
22508690
10679301
38397472
38297207
23576756
34261477
34954748
39260131
23658184
21826244
31023188
12889728
11701877
10704823
30962349
35686528
11682463
31620106
18850281
34154657
15062979
33978753
21477071
17654480
11090165
24795043
38168984
18072937
15623799
21829531
35929441
17658515
25973055
25296982
20622016
18083191
26188089
22473997
16492667
21431755
29197410
21871436
34632701
28751580
18222971
19382199
22116741
24357721
20668518
37394591
10950982
11751851
20678446
24177338
25897878
25713082
32123532
37537282
30474876
30506878
29407220
11571650
19853561
24266852
11040094
11502216
36997926
20617325
34320370
29134466
20167239
26879496
15138262
33298540
17786371
26119705
32210752
36173113
37262965
15498833
21658946
28219405
38783697
38471364
26839216
15518571
19740428
15761153
23986581
34605738
26658707
24927728
31682872
11308342
17951453
27742708
24255114
36092352
18801901
27450454
33165436
11684708
27924567
34544967
18668148
36374043
36538298
33552682
25599833
29701696
22200678
37481555
17332473
16580250
35416176
15781236
15506980
37820061
10919668
35403324
23557279
25202012
36524862
34873775
26024522
28188528
37662484
20068007
10652445
12145285
21081186
18243120
30927552
29147574
38338651
16799639
32718084
21865593
21826483
31888763
18714024
38877390
21294926
17644518
32814116
34050458
24263106
31022991
27002315
25056877
24602010
15599403
16690999
22623988
27107967
28448995
32819560
15249128
11094079
21880738
29187602
18400843
16099923
24705785
20511712
18400048
15886194
32626951
30518760
15371016
11823458
19208746
27735862
25744893
12540630
25935150
28970281
35511136
33386706
17127973
12956950
15380067
12884735
24036132
31933879
11125033
24969755
26866605
27881674
12890679
32822040
37182451
32757706
15509542
24076122
35192890
38795403
25161606
17715399
34018899
39073416
30807747
11361098
15522098
23457304
38070688
12368343
20628063
36030824
23658456
37284914
38009192
28368302
11490023
14630949
14732590
25889801
35775884
20519504
21282606
22377619
35450405
24984263
24747213
36920288
15574879
31527584
22967762
16870138
32805255
34821374
19909748
26022416
12782127
18680105
30123132
35117927
18923542
17289679
19664609
21900684
35928005
26676372
35435104
15322554
37044186
16638015
12231506
16139207
11085938
32795172
20189678
18957966
36932196
22178883
37704618
32801339
10680846
34427970
29874591
17974568
15043812
16360116
20810654
17307723
12777385
14756804
38966375
22975349
38183356
22526458
32336285
23434013
36989842
10956643
25424420
11044113
12454008
31835635
14559896
11160711
35146902
10898787
31118692
32089501
32410883
14632797
25645556
35906216
19166515
25981963
26297866
29156724
30850702
12667807
21785580
23328397
15738637
25480785
15107593
19016767
17204159
20012813
22405860
37823125
11714716
38573832
19173263
35271462
15939891
11435219
19330023
11874538
10858301
23836557
38593581
15082716
11070032
31623628
11444920
21072610
26132779
11733491
22802532
10948192
10938364
30085096
12902338
21860405
16467338
22496461
28356956
29271023
38139332
25720480
22503955
11438645
22223827
26733175
26848023
30638748
35057808
34784267
36454514
21729530
38389851
36980286
11399055
15096509
20714350
38892474
12605685
22114720
23209378
38946718
19217333
35450439
12700235
16163708
17495030
29305766
26203142
14691043
34231101
34196494
11171381
20100355
12388423
30237867
19318093
26645691
12899322
11713260
11721627
18364076
33464477
32730331
15031293
19846537
15621529
15133046
21738574
22048238
38878739
18451521
22781597
33736815
18753379
37204030
36920626
28111013
27726376
27797156
25144198
11772519
26803625
18657050
23150439
12651889
37154567
35791781
28360095
22258483
22483619
29991769
30979374
26716898
15870194
15132302
32907847
14522994
15485672
34187568
16739989
38676925
18418848
29983416
12493763
29140482
27003577
30927234
36631800
17950843
30124647
36788514
23895284
26095366
33267659
22512932
12682057
27315547
27753095
20806969
35348293
39178518
16962936
37936306
34189751
23993961
10748124
17442588
18071879
29910687
20507538
24884809
22451519
26700148
26305322
12594222
16983343
37817257
30720117
33256078
15356203
22438981
16219038
23546543
19364769
17581699
21053360
26739894
21486282
26837267
11479293
12562880
35489297
17167039
24204586
33896843
28805278
37598526
20176745
16111893
33613102
26618561
33302997
23722539
11682467
25151633
38543171
17036228
21490313
26082460
36658121
28871395
22350880
16912065
11063755
34912211
27924485
17182654
28942451
18362468
32581594
12110002
16525158
24066851
34183131
18678286
26308941
12196552
12636933
18479751
11916976
22319674
20634290
37017907
21060813
12019301
27285671
23985318
22426396
32706072
15708858
10859305
21821108
22035699
22318152
19001871
38201552
20610558
24447569
34535971
23035571
16950789
39133386
28368414
21090806
18388193
29176319
15998290
10748016
12559001
23444399
25007270
38091882
21205091
21821029
38438374
11371532
17784876
26066800
15993039
25653177
14573800
35183794
17314174
37401396
14561402
12810706
33295056
36994450
15542690
17140404
27922761
31216022
19617361
12588370
37641092
15337165
32160078
35730627
34951563
25652745
36218352
23160471
31023875
15563458
19767535
21497990
23673471
14632760
16339541
19460074
39285301
35614138
35581181
35187630
16598039
16415352
18228380
30244128
20002807
33675124
10942208
30566397
25692620
25695631
14647465
19653288
23275553
24753405
26305187
26761397
31725992
27636375
11805286
16923168
21918188
22536447
29161701
11421596
24615392
16309242
20038265
30745829
20345607
15252029
11247038
15713631
22536952
15016821
15174098
15059889
29435107
24286319
37650557
11002289
39194582
28953888
26372541
11572764
11754818
36223608
12097473
38727863
35693826
17666399
18637184
37282760
28364518
11511526
22158716
28726778
36382967
12637517
37352750
14732404
27588366
26484896
32954689
16596254
24392176
10712903
18827845
21987768
21378414
35889429
31134001
19489079
35415819
12609025
19120977
19646290
20553626
22205740
28355254
34852231
26624524
32450163
23922886
16105657
10805247
34936968
25337588
11352632
33901262
19902931
34983862
11207196
12967635
18173740
14697234
35768842
28130399
19536820
15008826
17005551
22778874
19828702
38235532
11726652
23791636
23906478
38708247
31118055
19858290
12551923
24309930
25914080
23962317
16338369
31347216
24112557
23326330
20817727
23716570
14507927
20443341
11238454
10938099
25852083
23023293
29352321
33933467
38105235
32374844
20702774
15364934
19886996
35197112
23527275
18337579
19468302
18226852
31878959
30208840
29043635
29767240
34017385
38118330
37226181
34106558
37089813
25960406
14704433
15705566
35841248
16095574
16310354
15590901
38079542
12714603
16917818
11844802
12377762
11923478
21663562
15246873
17350276
15601836
29021340
15131121
27422782
10784585
21850251
26898828
37178367
11464073
14980784
28167276
17011520
22510886
24478454
26961874
37675562
17913622
33199986
35920704
20199149
23838318
38748384
12077342
36344492
37173995
15905610
23526378
15039421
21699975
28925592
12204228
19417007
36587525
26334886
17920025
28429836
35533300
15634756
19290045
11094081
12483731
34225773
16040690
20682707
11801594
22271254
26467384
37348029
26599070
12020790
21305324
24547776
31734646
16135671
27347350
16051612
11842211
19737927
23884910
33476590
29650551
15746886
18667484
19920123
10675272
19406749
23392169
17639128
31738404
34623609
16637210
37676710
20453884
30836988
27449965
21411649
24874477
15755740
15987638
30157875
39180207
10724175
11953969
37149964
27086544
16257472
19710307
21483780
27262235
32597541
10679061
16153182
27611072
38649770
38994030
11581156
16338478
38388961
23625826
18390832
29050268
28620049
17640873
19301756
28178976
33945405
19645017
24901321
29738496
11340246
29855966
23804239
33111629
23307918
30926320
27307641
32132237
14729473
22271573
33939677
23773994
24037184
34100642
30943367
18230648
16260607
22612246
23090691
32966847
38600073
17131935
27913186
34054430
34643859
14635222
14711829
23537347
37056763
15235597
30036484
20434232
10893273
11747302
20098713
29476609
14633121
26763119
38112323
15355933
36060690
17982023
33097695
34771624
18852069
15192094
15586403
30394556
22403721
35083134
37931956
33368609
18701654
23634213
28419994
34077834
21483817
18218630
11939305
27649656
39072051
21429299
16405911
19521671
15277532
16739580
29361949
16473622
11432934
20201562
37850325
37066904
11477082
29948782
35977942
11560889
17654607
36748373
33758320
12060596
27528663
33108348
22422660
15345682
20214976
15369766
16204356
37684566
38908057
25997218
21653638
37874259
29487358
16079134
23537786
15767480
20843792
10942575
17438371
24056783
28475615
31499204
14599627
12623987
31669539
11969422
16420525
38905329
15980428
38011754
35836842
23911299
28423695
16393995
23275097
17209044
20607722
37644752
36120562
30745837
18983266
11162364
20581062
33446097
11564859
22249258
31153371
33262605
12704349
23988329
38943128
19124602
11741939
15096487
20228066
28944867
17960739
18514185
22123826
27642624
34705865
29981367
33656238
35848848
16204054
32974003
26840564
24036211
37122003
34386073
10976934
25131918
17654502
19199092
10802049
16406728
23576798
17951699
16980301
12475942
32209656
37986849
15199184
18292222
11307946
35130629
21532614
23950866
28861826
15687488
28214851
15188409
16027158
27956178
29339092
21360500
19477896
24043828
16448387
11739700
15084396
17255109
22392914
27154061
31121493
38316349
32878943
22640633
25917834
27077851
20026483
22072919
14504269
20439919
36662677
38158648
24945571
22445366
26729803
17089023
24283133
14970218
29464081
30919767
33635749
15774497
32904620
32349192
34775627
38214194
24833512
34045885
26554012
14755538
15143176
11121431
30952782
38829368
23129017
28692113
18647389
15613484
35441574
31173317
12436251
39012929
38627856
21858095
31676548
23381850
27863399
37105940
15304326
24372490
17535736
34381017
36708875
26323881
28883901
26267894
15033904
17726030
11471071
17226767
33639070
28749471
10995739
37745562
23015703
28755946
23573256
21844488
23101881
20551322
25607459
19165330
22791302
20023164
10941833
12433697
15467913
20884783
30498063
10746936
37467663
38118412
12149231
14634213
12472720
20446107
17650074
37310356
16905534
29431552
31648104
32714042
15031320
15221004
15097994
35490780
25250705
25831061
12515806
14769799
24278015
21905012
24853557
28623583
34738868
35933079
33131309
21907012
21059290
34887727
15958622
16143139
30062698
21216930
25748314
10751319
10920254
24194953
28012750
33243462
33212987
29524861
35118068
20601444
34843607
12192054
24143975
38254355
25457211
19247437
30097860
17604071
32534987
10640732
19567471
19499327
25605897
14701759
34841684
33476486
17963689
15604274
14718520
34028541
25380055
22127232
32567935
29094278
39043712
14561888
20562109
26700765
17145766
17404237
28099130
20200151
31164795
27503910
10681496
31451648
36101433
36792369
32221928
25038453
28159839
36119839
19187266
29649906
29073352
11823482
16775335
17179482
34384797
35398161
33413401
25254556
26400569
11254656
21649584
11483892
16479163
36471948
25356676
16150801
20963624
33242392
18163532
24607566
20739623
28654059
21775465
15252133
36164660
23085716
11042200
26578783
29975947
30515977
11812778
26292323
11149908
33891248
21920632
30301886
15075236
32144989
11571266
36657504
12860995
21917954
12947091
33885954
36656013
38361516
33872597
14764103
12111331
18481200
15753124
18241054
23313858
31272865
15800202
33188158
28057866
29124738
22479372
32377760
17591862
19192627
23437825
25513777
35588657
39173725
20429629
22171599
35064305
20680483
38601478
38849910
16410749
24449914
16973555
21343306
27472391
35635079
24866244
25562633
30639311
19952103
25869096
24420770
23405269
24457100
39217162
32116088
19244508
21613615
24216511
22534017
26896479
12482947
32761920
35847880
29223786
22007720
10763381
32003018
36449354
18501920
19801547
25760349
16051835
22130536
27206767
32371545
16508937
23300339
31412739
34280323
23149939
12810850
35938400
30120307
23536605
35121826
16778185
31820037
16132039
28920248
19004829
11027291
15944146
14557276
23486940
33924774
37789385
11278447
28829427
31954666
19945460
20849418
11906917
27867358
15635100
15823652
19799038
11261754
10825462
12235387
32697976
35647294
26243191
11109611
17292804
11546805
11853402
19926720
24706726
15753127
28302716
29695419
33057926
30899053
12324656
11707426
19559479
22675465
14684735
20613985
14769800
30894069
14672537
28403169
16847896
30843319
15866869
24850741
11721054
26710889
19240254
16380380
22279540
15533944
19365565
35103493
11408801
18088380
37336684
22984960
33958720
15281454
16222710
17332533
19023884
15556621
35538574
19295174
17684014
31221586
36372279
16338361
33042286
11777919
15310389
32918374
21265264
11689559
16247459
17615163
17983804
29909548
33759138
12234806
29932039
28143869
19565506
17431035
29107085
20580615
35344222
34035231
15353589
23933405
26778573
35886594
10949910
17020589
31719211
16365703
23290138
16623716
30858101
26101353
36692010
17101229
11127203
11266508
22923615
20609497
20347812
27623002
12165857
10921911
32862709
31453638
35154119
24088326
11333185
30012618
16547966
15242862
20181595
12804599
23173076
19559761
19840028
15147362
19535329
24488967
10684652
25760800
38531155
14654367
21945751
26568398
24278104
17098248
12909644
24275656
19206333
14556007
18594166
27740872
28198010
33428929
19716863
12117253
23105113
17005603
34321331
35946546
26794529
30720090
12663230
16857164
16143308
22573309
11967127
33185868
11262761
31092266
12910759
12857743
12506002
25880415
22990868
34093754
15589158
20631145
18321973
18976652
18653728
18485912
15102610
23519609
37779900
15826941
11086131
14625392
31219246
22761574
19153210
21673506
26170456
15883036
12884365
24349079
33638620
14709548
35477484
26395202
12716887
14993220
38135832
11390370
18497328
19763510
35659362
10979978
15715521
21706053
24136223
11809791
12183362
29040437
15039455
22701722
37382415
37891174
34923706
32467309
12701063
34830748
23166355
36255069
27160185
29997116
24769336
10971656
16832352
17005976
16802322
26315113
28152568
19448664
15737735
27803781
16325219
28542817
32133736
10781426
38720665
15099523
12438132
23148950
39087878
32783691
12611892
23576434
20697954
20188867
15486091
16434969
11016959
25640609
19584911
19557165
18954305
19667067
19269969
16670350
12504401
12697834
23627316
12553874
10823828
32085895
37608570
12813462
39193618
11256959
15047704
17597069
15681824
19221201
27232214
12431187
23300779
33888086
10678958
32774164
35887263
20802089
30763157
12019454
24684802
11084029
23183374
17135542
33793900
11413363
21189416
26112491
30409224
30535698
19321445
21525297
38274803
18570918
35400294
10753752
25070654
11326318
18839353
11322765
30411795
35818965
15760896
27639450
14513429
15214843
15181455
21640361
10828449
20617170
34118252
12853434
19302146
15623527
29578307
32896069
12810533
36801449
22952844
38724867
21390240
38996706
29134604
20852634
34404340
18845245
11953423
19744489
19680552
23169647
37553012
12429047
37601242
18604270
39142621
23690479
19509227
20616879
35039066
21664164
18724815
12432068
24155382
34736995
21673954
33124217
30510125
37343372
36194366
19835823
11448771
26777239
19308286
35836482
34784736
17656778
35615533
23907015
34494305
35401168
33125094
24392637
33522656
30503507
23212923
16380433
27646917
21838267
28350844
27555611
32242003
12223494
19706882
27829222
30145926
16201267
15778026
22014283
15314029
21681798
29531219
36069225
17551829
11134138
11861795
11093165
21240291
23135917
34150003
15908435
27685504
23982517
18079728
38459884
16815849
11691931
17630779
26695943
31371702
12486032
37896901
32092130
35951762
12038122
30585268
34139860
24614299
31082616
19444951
14609569
28448993
17720532
20850499
15781449
12964017
36138395
29269789
23804450
15642735
16162659
34106523
21925951
22183951
32015005
12777394
34818135
18395765
18227067
25727005
11751924
14519102
30588012
20450495
12806619
26247612
30559648
36286929
26950600
34913223
16878972
16183704
32521377
20079766
11834832
25012639
37304647
24165940
26083273
18670790
37460341
11034999
33039292
30793207
22531419
16002457
17947297
11278358
14581450
25965817
27658374
35368166
31707150
37828756
17895974
31534554
20067578
31508501
11591700
18044744
19640841
21982880
11203530
14550638
19339247
15476590
19817877
32621919
18311904
34108309
36792588
21678426
26808677
31518169
34845670
34896362
25954971
15741237
37326306
12470476
21520210
35411051
38868762
37057923
25451299
32010079
35641157
19333934
33257506
23709596
39235651
33070627
15811523
37282641
15572687
39068933
36273583
16303161
24330081
19144913
32450513
22022560
34972106
20672804
30182452
19759286
33483465
16276521
37371708
15388877
16966434
20843544
26289612
38642175
10789830
17617615
25900325
27017955
32811161
20727893
34591706
15213257
23091070
31662457
33801826
17711414
25973293
34764296
31861702
11371122
11357651
36298827
11352907
21617869
25341530
31607135
20713134
22539461
27769869
29112159
15075338
21136949
12969788
28468127
37987202
38902717
33115498
15722341
20625431
38128289
17180450
24610641
18319192
21239611
33450132
16135555
14527433
16835690
11389845
26682748
32440153
33832535
21385156
22089636
20824087
18267346
26221067
36656861
33455791
15935782
11021933
21120533
32045877
12560484
32141552
38812021
17020613
23222640
34939009
18643869
10771522
32377692
15572699
22311477
11511361
17460253
26170015
11069920
29208528
28663581
12526090
20978823
30036881
17721084
10868791
34528073
17959796
20625391
39137170
37253422
12441142
36172564
12545224
27854341
12183452
11239396
16669786
17640306
17376809
11821958
32969198
21184802
32189172
16116422
21836065
23049957
19298794
31373534
16118216
32497256
20651280
27012437
26405811
11913975
18398842
12826849
26188282
33835525
11731482
27249333
12651890
28667624
26324890
38127456
16537625
24684190
17535922
33420984
34037494
12877678
22382901
34902811
37499410
14657239
18520043
19630865
34539988
19075111
15492257
16930621
23546951
12093792
12167657
11553714
39216120
17388530
12032142
18487450
22350900
19081178
24213609
31515935
15726626
12662296
31268348
23319592
25709087
36674642
36362115
31878239
37205094
21677169
25683482
21822269
18635665
19383085
36877036
36627765
34162722
21869531
26926802
37173310
12964026
20881478
22669881
16227255
26188334
20442866
26891870
29477655
18664596
19322195
28724759
32742193
22380605
39258752
30453285
11054417
15718238
36871745
23682298
35919070
34445289
30071535
11700029
32075940
14593090
33946385
22281823
36230334
24366439
19667009
34297096
15632162
35285159
23671888
10971445
32725133
23223443
20096264
16790765
25193362
31419281
35581162
38353503
36073002
17230515
22245466
11043403
14630635
16407259
34330893
21683246
36434041
15161925
18296710
37939087
25723281
10934468
23393194
23723070
21314676
21103378
22928810
23836782
31632151
30848009
37982961
37805137
20942121
11700309
12711392
19815065
10771484
32165999
19640571
24952172
33967989
29049346
15107016
35875075
33959503
16098710
14592728
21829538
25694549
14685264
18434410
25512381
16434112
31389223
35284605
25710501
23018193
17168540
19337828
23656927
33536603
29596499
27837311
12660172
14529295
15109302
15660415
22700724
27060082
21125495
29777751
15228085
37830616
29935031
16641869
21422248
11292657
18417591
33872442
19059381
35295148
12765476
15701621
37455999
11457713
36243659
24200403
38284090
12588994
19056849
22194688
23469287
35482822
16298343
16049054
19877304
24092920
24033867
28625264
29942033
12244166
20395597
32982419
15798088
20570673
18056116
38667311
26674342
30151700
23837875
35679674
25556531
35837037
17469005
16837466
25710169
18625841
15851854
29976758
16159379
36324643
29032246
18936976
34262899
35698848
11926991
25988806
39078594
38410227
31202106
34988680
19893570
37562093
31330076
29069734
16278221
14679237
25356636
34745042
37820824
22174378
11692748
31987043
15905404
34649584
29172540
36369900
24550300
37690690
14715875
14734651
12351659
16361312
20736366
29123412
15383615
25100719
23481595
30338917
37309277
32487167
34010016
15686969
16181626
33261854
21094130
17000771
33359669
12446969
29384809
24531809
38197217
11798599
17005282
25112483
17396155
20937843
11923279
38670562
31470137
28480315
33216476
30282712
33654881
26647960
22355382
16354706
14607903
21938483
18718080
16651537
33674778
12202480
33791813
14978207
19962947
24480070
31889909
18628488
24254198
16648175
37350799
10926780
15319539
15067058
16338964
21965540
38802444
15520013
12681484
34539244
19885556
26945066
11403642
37676391
34652079
35594155
22355301
21357482
12068006
11777909
17197095
21997736
29176648
30619335
20671748
38778353
36504038
33633269
21573024
16007194
20960117
19638338
12842007
34938281
23362346
22582503
17609394
22031287
16170200
10995786
22802969
38373370
39175123
28377223
22876326
30318753
18622138
39062593
11431139
26287972
18194271
35942340
36796622
28914590
22911543
36330928
12734196
33500628
32267586
33456569
22114333
28293843
11056520
20807772
18460329
12477732
11389695
24095926
10915768
33823233
32233587
19183436
23548331
16254246
31427430
24263099
11451350
28229827
31042763
26081244
15928325
38902824
12766170
37524807
22529691
30045733
38316068
12505151
18821706
20507565
16958112
26537334
23149940
11866458
17200106
32195489
33534087
36670152
27402673
10668799
17970047
27980214
19367327
25342295
22277251
28608965
32931655
16418198
18802114
18687667
22720029
32681842
21795536
17916373
25107272
25612617
37454739
10744756
29620202
26750148
29210663
21653695
24439911
29074977
30871407
17699797
25791246
20700529
38084826
15632168
18690846
32256387
16752927
11602604
16707674
36700958
11888770
12952959
20032196
35920365
22982459
22174152
29177658
35987858
33466582
31506724
15590667
28322786
34802159
26890138
17689978
31297725
22496225
12956705
35238066
14697669
37345058
36529265
17081683
17975205
18285558
15711017
14700230
26902184
31867280
30590066
10996427
17234752
36127710
22434934
34838791
11470796
35306425
34062443
34728569
24174424
17516542
35477447
13678974
15208712
33500715
30556041
28075045
33314735
34516573
25856423
10627526
17854348
15249591
15728176
20169188
31263105
11718554
30888702
28630423
15995249
32476221
19996297
33095257
18020946
38289172
10961137
34900980
31060309
37641374
19419532
29728107
37740243
21097510
15299030
30569153
28078027
22564631
16998833
27489282
22010211
24178562
12032087
36229913
37923726
25896509
16204230
36046956
19642226
31874165
20211231
10838081
23171548
37371780
38102458
19161286
32191537
33601422
12810948
17675467
19369293
29396622
11004363
12644948
28459172
34950770
15072573
16316992
25711817
12684414
30144448
11199734
25719247
32030797
12954600
31484725
32627090
35984539
14769921
15689495
15001572
23149933
28490034
24256769
33364832
19710323
37641363
21081531
12933808
15716121
33003329
33735626
31786712
23333384
33677528
37968576
15601829
18931679
19666599
25921099
30853625
32195179
23732701
11036066
19517469
21659505
26748710
12935358
21637952
16557530
25559502
37303127
26179046
30362162
20427768
30120913
39206420
15489232
15727425
37062520
31201585
19442663
37614198
11313870
31695768
25246530
28336329
12530653
21801501
12668664
25890253
16982329
11698603
23370007
34974521
35157734
11821389
15086518
37711155
34641746
32938217
10895204
18695878
33232552
14656220
25108283
32348834
24369834
11751886
11279289
26245352
29742494
30293201
34597654
11145991
26682951
11834292
15953541
25349192
29747653
12364338
19305155
17592362
15350530
29507682
19046380
23405218
15967597
21378325
19934338
30894073
16809345
37272890
23125221
29448842
29481617
19828084
17893151
38533057
16732327
11698060
30342037
35390695
37315734
26811205
30708236
12743124
38564006
14612417
16282325
34998390
31829413
32278837
12082086
29250804
31115481
38959528
12509433
11875069
19440389
16166628
15665381
17587408
34562123
38552409
12814646
20833364
29107982
19376691
10771090
38449391
12801936
11029487
10952994
35264092
24930963
21134032
15946200
11442349
19064727
19523114
27941877
29224147
17762163
10867018
12675513
15081409
16306601
12578837
15095356
17494101
20060329
20798128
30867226
21763278
33994812
22074847
23994575
11025661
36933825
22950068
16840315
15371418
26560706
38260812
10852976
15229185
38971108
12917451
19116362
10913159
15194440
17384639
22686541
24434802
30853821
12372765
27446442
37598997
12062896
11967274
16489920
26722214
12663808
14687719
15205458
17227671
28690007
18251510
18164504
36606578
11555654
38129937
37143659
37007784
12110691
36067704
33093810
36588386
34930376
36503967
15362118
24424068
19268660
11211930
35084609
17211556
34080969
32112783
35259622
33246929
14728725
39085109
35088888
19553324
15917333
27129385
30699366
15548595
35367313
15292203
11410591
36968438
37183407
30633246
16508950
11689934
37113783
35711363
25758553
14744861
32876514
38861679
12954639
15750622
27607558
24944523
33773137
15537649
23318443
21738740
34425606
36344253
21051667
15805114
30429362
22683190
27694635
31221984
19662213
31523993
31799193
35346675
11753978
12589065
24970747
16172946
14690530
34764961
38577591
10913146
15383614
18558627
22106262
11294831
21471526
22053095
33663509
32869942
24265315
21765038
15475002
15205325
24643113
16107716
15180829
18519689
23221546
16687405
23115189
28959722
15247253
17318185
18434412
20181660
23110211
12171898
16899818
24623438
26152711
31877775
21270334
21205802
23657598
26183527
17251582
38994957
25253692
12372399
15062873
16735092
18953724
20888865
15755734
21378163
21800051
17574235
23447692
37201366
20410377
25064462
22419220
24914135
26990689
10801777
24732096
34841476
29855959
39259491
19617556
26373535
10644979
29474928
11311131
15109709
15003321
20956350
33760190
17521331
15905851
15907796
31253404
34022910
38783814
11943812
15147511
16445688
25514182
29043013
28431522
17855368
12761178
28212376
36778434
12641744
20304922
30257240
31789418
17439637
27645145
12695034
21044963
21436037
12511554
21533119
26789921
18500760
38434564
24830944
35415459
24057876
16464541
16390266
26934681
34723728
35514612
11600431
10671772
23171401
21949390
11941406
30284099
11497440
22190036
24781523
33935043
22011838
26069241
32206065
12087104
33456581
20946857
33649150
33722502
15615422
16824516
37356109
19800018
36631013
38517158
19414764
11854496
28771231
11238952
20000738
11087248
26450989
19513663
19776386
23169799
37483601
32200007
32947011
12370296
14576159
14744871
19458393
38709899
20595385
35470728
19738562
15145941
15642263
23439492
36237339
26628108
17294324
37247713
15126636
31958319
26015772
34831286
10918210
23554631
33588586
12221125
16844684
20940304
22992742
11956164
18222538
29540201
11150671
30587577
20525204
19229112
11160423
21763422
35676659
23026745
34238213
16369483
19898607
35547044
37572160
33483962
35766501
21083500
34976187
19116771
17283055
16728529
12125158
32865675
28213540
32194978
37452367
22493164
24990373
28487110
16452474
20211672
18519567
23457503
25803442
38953310
22204397
26807478
31464387
38147026
15030569
31876683
17576791
28455390
24811888
27873035
17623778
22905165
29986755
15331612
37932766
23023399
37166480
17437146
11564738
11809768
11361142
11960628
19565913
30616814
24246298
37378595
18625910
25820328
39143678
34733662
28542576
11426929
31909857
20037816
39032157
29130176
19911253
23524951
37688555
15772135
24806663
15821166
19076978
20865036
24465701
10725339
18266937
23283986
22586220
15183720
11485555
16373340
17434446
27167831
14711833
11790766
12861026
17470426
16919273
15647254
21625535
24440533
18225557
37200907
12741956
19776392
12105213
21468542
15286401
18602768
12005175
22237657
17675295
26404942
12813057
27337956
30591201
34560101
37528314
12364329
31770673
20694676
28280243
24357410
36934264
21147198
31342671
30559154
21347269
29162604
15556860
36150501
30463299
11731233
24463962
27481515
18445495
20618702
11504726
17296787
31533452
10644892
16476971
23864608
19796825
14715667
32918539
15492012
38915495
37442735
20148891
12604671
11029657
12593864
20711168
24155933
19842147
24581120
25924901
26375446
32024067
39211159
20798956
34302858
39200102
11724306
33144545
31943198
20879785
35417693
32248569
24498420
10873781
10892986
23733227
24907353
19789269
34741311
19034604
20493293
38519939
15140951
12676934
15276430
23974437
27997579
25447205
22367878
15886699
15448165
18845784
35402186
17043102
24210106
17374733
18281296
12149646
36358640
12021123
19911965
11564881
11929874
19555739
22912825
32684427
37225493
15555565
12065664
10666275
18669603
35273242
12943661
17509819
37355516
11795951
10734178
38431880
29901167
17901594
31210752
11707404
19033441
28744352
31953162
22474023
18622013
19940036
33204322
20231878
11251075
15614436
25449783
26398855
26965263
28099154
26834145
23884936
29327510
16306406
31805502
15371438
19609947
19826008
12047349
37237269
38218310
38557922
21628419
23327530
31723440
10692461
10702287
30059277
24374861
15465032
34216621
29593096
15841318
24586818
19590015
25283956
36646968
16572733
16042407
21211521
12619897
25556234
26171059
35705994
38623614
18443201
19966784
20516069
10952243
20564179
36613703
17869271
19119141
21443545
12412688
38955308
10792610
26359353
36756718
19692434
26856612
15024055
37210666
14630909
35296545
16621643
19776014
35413678
31890047
17961154
25202827
26935291
38717638
36621663
21613292
26463383
35338829
16356937
11001869
27476877
16698022
19275934
21935400
25040131
12800191
31315972
28230854
32677671
21604690
35300416
11290703
37321527
15574335
20457610
32286318
33731694
35064898
12110583
17391640
11278372
17086210
38780244
10727662
20687608
27600825
14677641
23097088
10781029
34547461
26592435
36999611
24863656
29703241
12358754
15044956
19895344
34228434
12807724
26135353
35612714
33991786
16678866
22337612
31196628
22487239
21081526
18647841
18603592
35037662
17165523
15312652
12590145
17376630
24781449
27787872
32963940
34632965
12671019
19126780
11278749
25733193
11394910
38883837
15640526
23224638
12063547
37980971
12665530
19299712
25616663
33885964
29500670
36933158
29367846
31050353
33907874
19063746
34382339
20861378
22037499
10688330
17426256
36092318
16352713
36879181
16524370
37904964
30804210
10872873
27932497
23026136
27580023
32273388
34225780
34090412
18978028
20696946
22322217
35045883
10779429
12220502
18380477
23160237
38156523
20379791
31958092
33494069
39008951
27382360
27333035
12675663
16429555
22411868
22665056
18373632
30760380
14527339
26607847
17163575
24631828
26663395
24689171
26342525
30235753
11959144
15867371
15788194
17310994
16831306
38129425
28349827
21951854
33836753
14688349
14670927
30189218
11115513
34675183
19036727
33278383
34704451
37402419
37398059
19633290
11086158
22778257
11714801
21937641
22279592
21933852
35147935
17007883
33555506
37751381
39002673
16414991
36438488
35984546
33597212
23849866
37038032
37349339
22593581
28765217
32980672
35385118
34448661
25743609
29360148
24670134
19329795
18296712
11042690
20596724
16189199
17428862
37011710
16823971
32587773
17636032
23902689
22083826
28031331
10995764
15292401
38779673
37125488
16150804
19913636
11162238
20231268
18931065
23019123
34532532
11737251
16374483
28674022
35657344
38943823
19161853
28811507
35972295
34065218
25265983
39006307
35788409
22234798
18790729
26530679
30279141
19033388
35037349
11089918
15048082
15171819
19886865
15385555
19763503
26047612
29530619
31101057
37440912
27320013
17110508
32035607
23962087
11689660
10798646
32445925
19299340
19969540
12909629
16423824
37034813
17394551
28991227
19175940
32199127
38434984
12771190
32617949
17371054
22914780
31606382
37118922
11152671
36058936
35196083
15820240
38094295
12754201
16652225
12758143
19442161
27904666
15314180
15373827
19940151
27555600
35251305
23630292
11278868
24874199
35920610
29022192
33657363
12217645
15951569
19819956
15831449
11040056
33842583
15730887
16025117
17904100
34076278
19751700
38166853
23599180
10772918
38714270
22565346
18326491
11465943
12637513
31552681
14678298
11602713
30472057
38058843
21559462
16737959
10799305
14684628
21565169
18337748
25246526
11271766
21072052
15661739
17360357
22906635
34942987
10637234
30276825
11382777
35891898
34516344
15102938
26574545
23625919
16041729
26763996
12010489
19443577
19752303
24093939
19910677
25383546
34103472
20971552
12435738
12359235
22238429
27700039
33061998
20484626
15664994
19521339
33959608
11306585
16708022
25277962
28315978
32962858
24155370
35116677
37473957
11572859
30902838
35461094
12075445
27899535
25183024
21949862
11829741
29180608
23438969
19299511
12493580
30613574
16424229
34670691
34380509
23651848
35781830
38091112
25557977
16934761
32173445
34778942
31241993
35121825
19470757
21184734
12810713
26900580
21518786
25446109
32917726
19236309
31968395
11050113
15028221
14726540
16006511
23183381
23132865
10906123
19285469
16000169
16987982
36782312
19768733
22706169
11983173
19414739
15701645
28432871
25944111
17239847
25732006
19808964
11073906
21719291
11084288
21426345
25510868
35193469
38691277
16300740
17310243
31088859
37481078
39261905
33241644
30195797
16787947
19474315
29608549
24461182
32197234
20048076
16168372
11485312
35281067
18368234
22090132
24389027
34257406
33408528
10719735
22993210
21045017
26452950
25510414
12468546
21398516
31137708
31471598
11818334
20371314
26946516
15099517
14973189
31134163
23289620
29855346
17275127
35045727
30548656
36370845
19922791
12573111
32904469
11401470
22563771
26540345
38747117
15632002
19224531
31217524
16181421
25720411
15488467
19503733
11668174
12444037
27048651
15247246
12147673
14506261
18570967
38262555
28928438
38241195
38412240
26748144
32141564
18039939
12840546
12912997
17098225
16322316
29897283
23307947
37217945
12398896
10944113
16709662
28148852
31050077
14760091
15247388
15385269
31757777
12231477
31101654
31672445
38163864
34492260
16942597
18084281
37085908
25838545
28036027
36076490
11707410
10753665
22341447
35326720
22227388
14657961
30452906
12469913
12861010
25368905
11849044
14770040
37542259
12821150
22363726
18952796
26254930
38512764
35961752
27632183
16059638
35084579
34080666
26924446
28108234
28246044
38444065
12136662
17329633
18550536
21116767
23375636
25261981
28456613
19932469
31612854
16079175
33013817
27058240
15001575
19201899
12730195
12663654
15733039
38532359
19545530
21459125
37787459
27697362
20462969
12824348
35836243
38831231
16042866
11077055
23345400
11564643
28805821
25404710
31758371
33889569
32181702
30717190
19469788
35421574
17408621
28341484
36708866
24581442
38460155
21961047
39074279
17965019
31483678
33734482
10800772
38536591
16273344
37563971
33174006
38275079
11240047
20118258
24708042
11931639
21325048
33081836
28122089
33140178
21819346
12960032
19531743
35267019
23686296
12361954
15664504
23918961
12482193
24104352
19359101
37346116
20145416
36711597
18328761
16987992
38306757
14517288
18990696
29473135
10751396
18852508
12077123
12414623
23688429
17074065
15775963
38172700
26378175
17912438
36716904
26032496
23896409
16019433
33367571
32308431
16115923
19726676
10967110
20007699
20558744
35843176
19344374
15851010
30662561
20082305
29660235
38184221
19070643
10878944
11090150
22492278
22831549
20107152
17054981
19332116
19698782
38347489
16434140
35703534
15485655
17150200
34815953
33996428
29688431
34520801
35130798
21847121
28701918
22160627
25052836
20711230
22477469
32169654
21466284
10826492
24956930
15695367
26382919
23969235
23946415
25316028
31181099
34488224
12609982
18216069
27551040
25753661
12095692
36617674
32621798
15236977
17131384
34188069
24248101
25411252
31228597
38888105
23391998
12186876
11126358
36648699
15020239
15326357
17304238
25833951
11231579
12727449
10891597
12374468
28073160
28772241
11483511
30816446
27647875
10938545
11710948
12670882
38180718
17644653
35316767
16239215
15998322
30565469
34237299
30963578
22227617
32709241
10648842
29264807
31174572
18533145
11918676
23885074
31565130
19122296
22629318
30064522
35459186
35404016
16820363
28656000
11402328
36119482
14991772
19269029
19675674
29206881
24585759
15569253
39189526
33000435
10734138
10809739
22190034
36914085
16714539
10629052
28077174
32372865
21209843
25646590
37131290
12949781
12829892
12189153
16943322
21073870
28489917
31748386
34436746
17552361
15632140
17116746
29149457
25422464
26923598
11745410
11125156
29665166
20696002
10698715
26764375
30604645
34008903
11886441
12954634
19880798
11032728
14530362
15858061
18827011
23931997
26045787
25573429
37762628
10741304
16055709
37890598
25704480
27446380
12393805
30565903
15331702
30541834
12124444
16556726
31570691
38444279
16940186
32572622
27003254
17897355
19385034
27318500
31297122
36683111
29348730
10995776
24933155
12975366
23362312
27166089
20818334
19684871
11173061
25099485
11751862
16236254
31818309
35354308
34091090
28174098
27048650
19372189
17533363
12887064
31873147
15337310
26594644
32823589
34765599
25628926
39039194
30670910
20332144
31002163
15254975
15207237
12244150
19397924
15184636
36583532
39235700
15750215
34493358
20080968
12391164
10919277
34636174
11792803
27706597
32450002
33398474
15713670
19077665
15192708
31102936
23818864
23477311
18039607
11713228
38851795
34103997
15504724
30507903
33091855
14566063
11361016
16501113
35181614
18087720
27503123
17891139
31878996
12815053
19596795
22695839
18550484
24550280
10951583
35299056
38240701
38972101
12902349
22001305
10838074
21424730
28699403
31346987
37309595
12223479
12270598
19076359
35127692
12965214
12176053
36434388
25072760
15617354
16820279
18640003
19196961
21572999
24470029
17379533
25366541
16373587
33507631
23948915
32786443
16543718
18254382
18563581
19617714
39098687
34798593
30195603
12441347
11913981
28411124
11437412
12509444
24516071
37506856
11152520
17267689
20879990
19454287
37454810
11751414
28132806
37463352
19251672
17146057
15314984
16198165
29242270
19289601
15605986
24659784
14993289
15318176
23233134
12068011
28760777
19460788
21339295
32512510
17805054
30237580
20519395
33681207
32005974
16037098
18248606
30689267
27496612
16166092
15735691
32658192
24466111
24706917
21379338
29496994
12773572
14511374
16840786
20664800
24042734
25639541
27483190
14752510
12756252
31476572
15595833
21829502
19304656
26808924
37400677
22520513
15555331
19393763
21457752
22993161
31570632
38508474
14633908
15574876
31145836
14978040
29208365
30239124
38073192
23196545
29996891
32973515
39229723
12173294
12486003
17293149
11029658
15809344
18160429
14742720
23349496
12748191
31957847
26449888
21057547
18642445
19876920
22266868
18503049
19996220
12071714
12724418
12020352
16037132
11073191
32020680
33628035
15611091
27460777
37173692
27799315
11390470
15254873
10748076
15699051
34696782
32071789
15066992
14507968
38842666
20700104
34199190
10644764
12032834
23297678
23615440
29467316
25550533
26871441
24465507
24375017
31024447
27576342
28421341
28708135
16690015
14765825
19889948
26292025
39193903
21703420
10866672
28061838
30262880
26512748
37950051
14960280
36004511
17244763
35384292
36593950
34354052
16640662
21255264
32627026
17990319
12716438
28152074
21999459
38658981
15192090
18430865
12941932
28668346
34999395
20943989
11813981
33936068
12390801
23527285
29856605
36040914
19213956
35580369
24316008
32392193
12651858
37428639
11912491
27682173
26380977
19478199
16036915
20231691
29048423
30927524
22121046
36547071
15987550
18725417
35633411
29610327
27446405
24746614
34352938
16237318
11940595
36911382
14519434
21446865
23278981
15745947
14592896
11104669
19687153
21266043
18852297
25181249
37948019
14962831
11332508
10837221
14770035
32482899
27154817
17628672
18996842
16477038
15592516
30629164
15827571
24357007
18456863
10713100
32493819
17698038
23068613
33159991
12075088
11786545
15199066
25533804
30388624
25893165
10831586
17972320
28428266
11560770
11781312
21236467
34278444
34118612
25319628
12438189
29257297
26694854
15175427
27168322
23865587
10964093
16307448
37059374
21365280
12009516
10708762
30342940
23776650
10913276
12731877
24821953
27724964
38037469
38907095
18063480
27342843
16676348
15180305
32519665
22912414
34234930
17712176
28471021
26101706
22926237
27254005
12556479
37203411
37187359
36354004
17426675
33190649
10980201
27347333
36082367
23966169
38242702
23485576
10999524
16953428
14676304
33836754
26377962
24382160
11909529
21699368
27129210
36888912
11418591
22776265
16360686
36739428
19899799
18566412
36812208
32057832
15579904
27156450
29272390
35876901
38287010
22072818
28988993
10931115
18209068
17855384
12176814
22318203
37227723
33836533
15456787
15277471
31410015
39119295
22199381
24073241
36811310
29112961
24706440
15312170
17456777
15894390
32502341
17352758
11439162
35669855
33540056
23216308
15777837
20444961
29215635
21036867
37083624
18383368
20067577
10930532
15028727
31171719
33149672
19660551
29910808
16522684
25820240
33461590
38332346
12065578
14679192
12897139
34585037
28393207
34786057
28924458
38674125
12359080
10998370
37212463
18815062
32862444
19155329
19902127
35659568
37258131
22273145
20926573
34305532
10982406
20042497
34350661
25952906
11044767
30186750
31358058
11292062
15917656
15102857
25749381
20558735
29218527
16792670
18834540
38203808
27729449
20054002
11703282
10693872
18849880
21358640
12447996
36656049
28087810
28713490
12821673
15654758
15269372
15753086
34565284
19302977
28232197
11927553
22040846
22623068
30471618
30115641
37244490
38224863
23383144
23444369
12654519
37280656
29255456
14756819
38295104
15383534
18762889
10852386
21508366
23611983
12654009
32160542
18042665
12660155
16365431
26659803
11166129
14678644
18974155
36205855
16195219
24489676
11709699
36788143
11522790
15632182
31383741
12740386
35462003
18524951
10698186
10684304
19191226
25907765
20084269
27184952
34478682
31496741
18996491
21875325
16009706
38441563
28746877
34566665
22754359
11563969
33418031
10952244
30463105
17185541
14769999
15672421
12935901
37106069
38771413
16831409
14572902
15113886
11669622
20547861
31761339
18323693
10846156
15972811
11074001
17873020
24041693
34608629
18927302
20130090
12930840
16741011
25352624
31430374
36562476
12388688
26884340
18989758
23084995
22324868
21775625
12036943
12482609
21486941
37778247
17082185
16751801
27241054
30131676
12271137
12864857
32494004
36033461
16189017
23342147
27259053
31330130
12867418
22308306
36081658
35275356
39060768
17243098
28708446
19690169
35346238
23144760
24248367
22577143
33658351
12746486
35663229
29229780
20936840
17698009
36878093
19884169
35804263
11731176
19959768
12393902
21963386
27303262
18680145
18765822
29304860
34488821
37496658
31743298
37469397
29306967
15860628
15749705
19733602
31938060
27987026
21995826
11856312
21537465
20618342
27550070
28347242
10749687
17379765
14645231
30738622
11960013
17187418
26899655
23300537
19843617
10809782
12621046
21777522
18247373
19934375
22105072
34056174
27160999
25285639
16239146
16427635
28965700
23864681
31254143
36535993
18239451
34618385
11012082
15059924
12032137
20818437
12244215
15253891
15878855
10618391
22374672
25797137
38434050
18246306
16289409
24009820
21053310
25117287
24682961
15308643
11399523
12890497
26487778
30420769
30578769
16803589
23660517
22152002
31915259
39053343
12629049
15250499
20196774
10681563
33675276
23711888
16159874
23582658
22421435
25050617
36008132
15247285
31815619
21308747
20488245
37349124
18619425
26522719
30013360
16385570
34452628
21734074
11096067
25289679
16984974
28874395
37235481
19132894
16638120
31410168
35451533
12571252
28165114
16720754
22155232
17257557
34705820
30452386
35717759
17531086
27681638
24058468
32892348
15623561
23261416
18940012
29931611
36550514
12674328
33723247
39243601
21984910
12080047
12644466
15477388
34301223
16914172
10715396
11817895
24747296
33664876
17668322
21712551
11438542
17452979
18410485
21531721
18500346
24434436
11744618
23989774
34079080
26083253
37639128
38612240
12011046
17686036
12898181
31588233
20949043
29694248
18780157
25465408
16267818
18213604
22728313
35498742
23045411
11698694
34900675
37200194
15547246
17055456
38842055
19586905
17557278
12909643
22230688
10761922
22999170
27184733
28275138
16611896
21853475
17002277
14730553
33426053
35064112
12702880
26431433
37876812
15166238
15226403
33778776
32471717
12220636
32174982
33982764
35228524
12453418
36270254
20613874
24629717
31325238
15135067
23994138
21447989
36328940
15985463
16239150
24238405
27093644
11745481
19610024
26727366
11493697
31926181
27589520
14674694
21233214
33177064
16799060
12435386
21450947
17276406
26070070
11328857
36089828
25319833
17588601
27197155
31451060
21907716
37174593
12084724
32683852
37030066
12499380
12099684
20403389
15096504
28584012
20181723
26893376
12483225
12124177
16763785
15292255
30312582
15705573
11369772
28012847
26739493
27920157
38810917
22391342
23452232
28081465
33776905
12954623
11779195
18250144
18239275
22613717
22430200
35902969
15017387
11069931
18023480
30874550
18368381
19190759
10868800
24705354
25202049
37533355
25451866
38844017
12446613
11553516
16896943
25122791
26562931
30582211
37766369
27234655
23757448
23829303
14603521
11167683
10748159
11812283
19883643
11770631
17218780
25114176
17124179
29779329
33391509
38564162
23661706
37066372
15135307
30853913
19241501
28002502
12105220
33863392
21554097
15262962
33939251
12456647
15646629
15013631
22907480
28668126
10648806
29560432
35233828
18071067
21490931
32461319
37741127
15247208
12502561
12710492
14550308
18769546
30028970
12351176
16187908
19945479
12704201
29411439
32871241
28727982
21335603
24806680
10998339
18850003
31384177
37743632
31060251
14963033
22569987
30283304
11212238
14702344
15754801
16206163
16239143
19709076
18456257
22004470
27863397
34325283
35911677
15342494
35582758
38887684
22569823
28652267
10779324
19095647
38484817
16007092
27400831
16777091
22574288
30150655
21324060
10810147
14734556
21298081
26176762
20231428
14679215
11907069
20079400
23990781
22809504
16176931
20221403
12083796
29704595
15659365
24399383
35864508
17126529
22761577
34788311
34763405
19690162
24120888
10707955
16971425
32494122
35384345
16436681
29066743
32771045
27780958
19166612
23152633
32567740
20530480
33436041
11333880
18171083
14689278
18361414
25150998
12782290
25039602
19184135
18679115
25776557
11600203
30312683
21473866
37287279
15202934
38994678
15467757
16458113
20599909
37686440
27242426
27480020
33006481
36044673
15367601
20709664
23390556
29715511
28700677
19103256
14654785
20388761
29106533
30443989
31692077
34465369
12091434
29875136
38982595
34588094
24503609
26548973
31243264
38639179
12855698
23804096
19793905
38602284
38583797
12734433
19416964
35785658
20020773
12966093
16544878
30148674
38308597
16461352
38773471
12000114
22855461
29560577
21742036
38568505
11592788
24155054
12611902
16769657
32828396
24586428
17921165
35836265
36271407
11507884
18066831
22850548
30872694
15827339
17722142
22272766
12682058
23533620
23104891
14997213
25210169
27357749
17012600
27994036
28566286
31467540
37658726
11388671
33971209
17269724
19255511
19666516
31448882
31212671
38238853
34097560
19128250
19340946
15507123
11694533
37175791
26823545
29572260
11811686
10798647
11473116
17077307
21555342
29885413
39249547
15145949
29855965
14713306
33949117
10860837
33182370
15247219
29986310
23994236
12646168
38454442
38986570
16672355
10704651
24643061
35926086
11474579
16018211
36058922
26491845
22674379
12706114
23825949
12807891
35229028
14583093
23010875
33324070
11809763
19457097
32243061
11278639
29693745
31805275
39285620
36246151
21148004
33008389
37405924
31250578
15978696
23564079
26424089
14978742
25304348
15498832
23393387
36952123
28288932
14762116
15496504
15781475
32749956
35957556
15743806
18665269
14583455
22088247
33014162
23527218
38393513
11358837
23825124
38937856
15218527
33126261
33162818
31598398
11695401
11861864
15308800
16311903
15344906
34600367
12925139
31018244
19083185
11919185
12176995
20811998
11751905
16522626
15802185
16706839
21523365
21949843
23470959
12734397
10655211
21792931
12915477
36071682
36840628
17332774
26838680
38577683
23895117
11703380
10921893
25995109
34281220
11992543
12397599
14676314
19487339
11024007
28959285
15467747
11729199
27127844
24502978
24043833
32437884
32655323
36115593
37587809
10997338
15364931
29190819
29416011
31208278
32801739
34410163
35453650
36162872
20460096
38025760
18625857
23742775
18385523
22480519
38639187
22609015
19925656
28412368
33955501
12573109
16651627
16352719
30010922
10877843
26987901
38243825
11696247
16640558
14990586
33489896
11507066
12393935
28475172
15371415
12684064
16396496
22084410
20839231
21340813
14500360
31114334
16194240
17957725
29990590
36602428
15677884
10964931
16571681
15582656
25279552
25775978
34993722
26820947
33844344
28713243
19143758
30335599
37894817
11157976
16624805
16172423
22457720
18506760
33109765
29849929
38405979
10838196
10629618
17163130
12147700
12076313
17227757
11953170
12147688
15894168
31722709
20511397
20705914
34419960
15480424
18563553
15377664
27743998
29344347
26746853
36375051
11023985
15292185
24549678
35636669
18056999
25412268
17329373
23765843
20107531
15923056
11137006
17005939
22295074
18426606
20064569
29975775
19861539
12724426
16547974
24201807
15917510
18265167
17855402
26412984
19828235
24807584
28754317
24586049
33116832
34180401
16185767
30734467
10888113
16162835
17668445
12740178
19334058
20529958
25658451
11156386
39127099
15183779
21623922
19703975
15108358
35200106
38977346
19289416
21132003
35937932
11397814
20231408
38658526
24465179
15583752
25583575
16324299
26911426
16912323
25216047
16925996
16702017
28349465
34796471
22988244
23450368
16857189
21518456
22277439
26754771
31622636
35226477
36923505
21670849
10924502
34110923
18254377
29480478
37563132
23291291
31207322
27280497
18697801
26068968
16499752
31162891
37211699
24550385
16372019
37961159
11812779
16331689
25396735
12691824
16138009
34371608
35181843
37917328
20061534
32028607
15115658
20173330
27509186
16215457
15383329
32974352
15576941
30959577
19278335
22457795
35614059
15378007
22417925
33397436
22576689
12604780
21454696
25461807
21933665
27228978
28099118
23441843
21139584
31059060
10749872
10735558
10700251
19133285
23918797
33527707
10976992
16271047
26378037
18502824
29109794
17082626
38359376
38890620
32478728
29334122
36460200
27208266
30724469
20150364
10810296
17595161
34550019
11713277
31400752
35369814
21512132
22815483
31649115
23090477
22460705
16390869
19289463
27506734
12198243
30263097
28607059
31849524
11788586
15597340
37802147
22355071
28182573
15509781
11192619
23288172
32681581
11314044
12716943
18442789
36972292
10940627
21536801
31537687
34414590
11909823
38407972
38272677
11983915
16061479
22993164
17070771
22907495
18331830
11466262
18008145
17178868
17686774
18772136
24657910
28267633
33986749
16157706
15833739
24510904
22318148
36899956
38504374
17044034
25644479
15636144
29897167
12589053
33281964
14556936
31133093
20406475
18684957
16966331
28180135
22195017
26019128
26763439
16368688
24860167
30881126
22890323
12210737
32106370
38764323
15695390
16944954
18256029
17360721
19890050
33981482
15611099
27568015
21193695
23318472
37224531
34872449
33256616
21931713
17586719
20623535
35067943
23173782
16820361
11223717
35333908
15561711
18948573
21059642
23077182
22080369
11796503
17577571
12967913
27923671
11046044
11867544
35060311
33116735
11157751
17647103
14624008
25331951
35879267
12354753
11562348
17960665
39190024
24440819
29367474
27052822
21920850
33676361
16556730
19204928
21763481
35168080
15776143
21764279
22438572
32894261
28673044
25912357
16423696
28116519
18439907
35489428
16177123
15383620
11733989
14615540
21881870
38474030
12782310
15805102
16899578
32442477
35039060
38084958
38029946
16580637
33564071
31871552
17726461
32226304
12496362
17711413
19995914
17472703
16455948
34517945
23640885
33647280
32375785
19140678
21813773
14645250
30760469
16824098
17295779
35089546
31757808
17623667
14679009
28886987
10871855
12645566
38685125
11741894
36834720
11893556
11976319
28027576
15044054
20975683
22340500
26362536
28293543
21653232
35100812
28040451
30953643
32913538
37464160
36909520
37433398
17342255
19458327
12970364
20981296
24880113
32784334
31419504
25463603
23469063
20942009
27773804
11269501
37545326
10990461
36300623
14970219
30988100
30243715
19063842
12807873
27146121
28222740
11846513
33537536
15642747
23453597
26973246
28316027
33364841
38957451
15659448
10745098
15294854
24249678
34386324
33391541
16857196
11710529
15316024
15585681
27975315
15345710
36889307
34126100
15479742
26056233
24648398
10858453
21795596
25941381
23395392
36707952
12882447
16034442
19617352
24663241
26546041
10819975
11050244
37278715
35311457
32771568
22566644
16971528
11408588
16637936
36600625
12943808
17584299
34168984
24726862
10896234
35468812
20941356
11555659
12235123
25253987
17513457
12189246
16574660
19561400
29625166
27048593
30736843
22473749
31892958
33167594
15283702
32678075
18440847
34931183
28470457
11004585
15611481
32005234
26317863
15127211
37854072
12084069
18482256
34407052
12707304
16332290
15659815
18003659
33644029
39259386
15263807
11920674
18829765
19996319
23029180
23887707
25077969
19681046
11427703
39264804
12357354
26631746
16216381
19185721
29180574
34826090
29325876
15123671
12270943
10660579
32536816
29127722
33229071
14722100
16014918
33110047
11311138
26973836
23147510
28334975
31046799
26930581
15979067
16007132
11701612
24648484
21229381
18453587
30193945
26820539
11171103
20044484
15345651
25271629
21195083
18680104
31988283
33088221
35635656
36244799
33300066
31630796
30259484
12794767
21907703
17308062
34628858
28378385
27840658
18479511
26777707
16201764
17408632
21616075
16076848
31243359
34694367
12021322
35606490
19363484
24970745
32945438
21177494
18781152
24877974
20162351
20372058
11844794
14968113
15558297
23037926
12703982
28475287
35836108
11139391
35134097
28667616
27655287
35819746
30038610
24282289
35854778
12743292
12182916
15817300
27397082
32052427
11746393
35005094
33630938
38237222
39233173
35852407
29866647
11254757
20395534
17668444
11811641
11027283
17907925
32566583
21765936
27836661
20345661
12021180
35641966
15920172
24336329
23866919
11278325
23444373
18790823
36581129
15878846
30355118
22895183
37059253
35704204
35115683
12586771
11140375
26536361
12681486
16418330
39146181
15280374
31493790
20811983
15935060
30359987
34581943
28958935
29722086
33567652
17083919
14732683
21419117
12939271
21390183
33047116
21897387
34171264
19520857
38486234
15022608
23356373
24260264
19285478
20447445
29695496
36598315
39113857
23891562
38663474
15175656
10623804
24014239
38389889
39133953
12966099
16849320
20051947
12391142
10830722
37056245
11572858
26311050
30349006
24067652
31116894
19584093
15825084
11972332
12479407
28535648
37359785
18680430
22079433
29133417
38155397
23719949
18836139
22589133
12384533
33654860
18373737
12923185
15827333
22724438
18479946
12646258
11226383
12414688
27302066
38787443
35644285
19519245
15557433
27185935
28904196
18057232
24821093
22125059
35934314
25032706
19379782
36543141
19952225
16809022
23602899
25540200
16467845
10748142
16527250
22617290
23770366
11384993
18342008
32353589
26463385
12787072
29476059
23511638
19561078
20145736
20807506
11925430
21320695
30746571
23812741
33238437
18765728
33524396
21150095
37796108
23578927
18782765
22394629
30513690
12235138
31433990
19662369
31685819
31059122
29073469
39177716
32165618
37627580
15797217
20363853
28348167
34174287
12867413
11956333
14614461
36763670
18784254
37330182
10706778
14645718
26720617
21572046
10854325
26195727
31308067
34374630
12878187
34062076
18493050
33168024
37817032
39092763
23712032
30125566
27591259
27515817
29163619
11212027
12960163
16885474
22309213
20106976
15322253
16547522
19720795
26579576
12054429
11809751
22644102
23984709
30536576
31629934
37987562
15353840
34790665
20194727
39273493
15263820
27878326
39264435
18022758
18796614
11340079
33116628
18560548
12526748
32439513
11438528
30015942
16971440
32386516
11567040
22577168
15753089
22277751
37587118
12832074
39132923
27297360
12903494
24957627
26018553
18343367
25887626
11774541
23035660
34507559
21270293
11162841
38712649
20111710
21115974
35015290
12745075
16908408
29534718
18429275
16982898
37166997
12571228
17202249
23565768
30282705
32306001
23600761
36461127
12458792
24219103
26178996
33385397
16139565
27290989
12972544
11777930
19515914
28661931
38755176
31983094
14742717
32108342
12223469
34000319
28934468
23990874
31289130
12209601
20693981
39111624
35307784
33165597
22812606
36063045
11821424
31907391
12668620
20634563
35427894
29328469
22386526
26402097
21087097
39040054
24833013
24248333
15093749
19782030
32920087
15581863
14760006
15187089
14993212
21854730
21113156
11018051
15075326
31823156
16714065
27372904
22942286
33631184
21904602
21423269
27048591
35927800
16635485
12119298
34150009
10797574
21976490
33257596
19027007
28667617
35216209
11526448
32989627
11390652
22865553
24898475
20439707
26683359
25344626
17845802
12605217
17214080
37717384
11744697
16448845
32846968
33963355
12167618
17227146
19812534
15039989
34076488
21325639
10815800
27354116
34414282
15858059
35670983
11119611
10869347
35447306
35338769
10681513
27286918
35573317
32281471
12867653
28572241
12215413
31189710
10964912
15818553
17579712
23329479
19605463
12588796
26169958
27677309
18492489
14530284
14685691
20663977
12640455
17324123
21120361
27252187
27261460
27605672
15664989
18598685
17546589
22222284
15308715
36539364
26410677
16687599
33971703
15093247
21159858
10934207
16920820
18683652
33569440
33634097
14532112
17662023
30689667
16045448
38289573
11406619
34830821
20540804
12105183
37882330
17993648
36197437
22184459
35361883
31641381
18701624
10910097
24743386
28861931
10619843
33122847
36643256
14595296
26370737
36112239
17318175
11914378
22206011
15990395
15198484
16521182
16854843
18556656
32398963
11329371
34816099
23909424
36517590
12899700
36466235
34528696
29142101
18835818
27678524
12896979
27121283
36813148
36325906
22345437
38295663
18082624
17537529
24583368
16168122
14593108
31376258
16573685
34147336
17192411
21147917
34645092
11090355
23168245
26226348
31770407
38097567
25512378
25063849
36099062
10939329
16805817
33330931
15623156
29268030
34410682
35038776
22957045
12870657
20930030
28082684
10828059
27342234
32878470
22577184
10749796
11124251
16870832
37123620
26244656
11157978
17340632
36298765
37170184
11337049
38163902
11249934
27080548
23496824
27262194
20813501
12963547
11081632
22898186
38605400
31831018
35076814
20018840
12133902
17914590
38888282
14532289
19801635
21108945
35134740
19219384
17562864
26168993
23262120
17712045
25961917
17303572
20564227
36995092
10959837
17584991
19767598
22112849
33540491
16139797
25280631
25790156
15779890
21421854
33806920
20610766
28039451
31018940
16624615
15819614
35188450
17699110
22223197
10801872
30497778
22665789
14615147
21094157
35532218
12107477
19741001
33858476
19833151
23840669
34108231
38504159
11069897
36455835
21521182
21670741
36741311
22272359
21444627
20869965
20861347
16854324
10799514
38254873
19896468
16973622
37189735
17299101
14685274
39285446
19358826
11677364
29709009
34325031
36724953
12097139
16873412
24025512
21703400
12212839
35005082
38245591
19010849
35316462
33000268
15146367
24068740
33854768
16277610
15454437
23302644
31940410
15034198
20625400
27743963
25631044
15601859
15383523
21496232
11953434
18371977
16581780
21741919
31681195
32714931
16787938
19100874
31118109
11590171
15817483
27424155
38739978
22903975
23555857
30551485
21129982
32605758
34218273
23733894
24004951
32619668
35442568
36230998
28881503
12620964
16172123
23296719
22114683
19996098
22323454
15479639
15294978
16236556
38507172
27454487
35483037
32929358
30885251
36867964
22829078
23874713
30354813
12954773
19210987
18358244
18054954
17967490
12210725
32298013
12686555
21072211
33112410
15787671
36729102
10973955
12750285
14500717
20088939
33656671
37531067
10982879
23926323
30602331
33187981
36475776
11470922
19204106
30409856
33371452
36678795
37271476
37121382
11711610
20164376
16573649
21968922
28645372
25992613
31754396
12915563
31988452
32123064
36439706
35239260
15180992
24416274
23486974
23811940
32063747
37166637
18195110
12940738
19915706
36394253
30922314
35840562
17878526
24576557
37415681
18789322
38727246
19955062
36793374
34029592
15518240
21464311
35739591
35662038
37558148
16616143
10657242
25972578
10724174
19846529
26990993
17575265
17473852
24857550
28955887
30186575
15469992
20180002
15099020
20610731
30679086
21220512
30403663
33200378
16940404
25846821
19249676
21799016
34031983
32031750
35950770
18762812
36381090
18573884
19563125
23160836
20810990
11885930
38883375
20424128
29120369
19707857
34727338
18352899
35040123
35968819
29269732
11331884
19058300
26760042
18067506
35759450
36446779
19095745
35574911
11788598
14500727
37759748
26348403
11687594
39026732
15192706
17463224
15139020
27470562
25970623
30782069
31123048
38217030
17988153
19706539
10985861
31632380
33275307
21536135
30385877
35792301
15980150
25117288
32272554
34907080
20568118
10611225
28124252
37758909
15306124
12006576
23728337
33425920
20367554
30081723
34219261
16959286
15473136
16499872
12832510
35858921
19572978
30703549
16051887
27329811
19784870
35260078
34972997
16522685
25758251
25957463
16895729
22989884
32839317
31536479
24801214
11312333
12690108
15158447
27229370
17403675
27460547
20075866
38982751
19812148
20226562
36754869
18095520
31961004
15629897
34066055
31772151
15623570
35273919
35524311
14561895
21177856
18215130
34781982
10898795
14508524
11125102
27933067
20967881
30338650
21148554
23219462
34582006
12676126
29046345
37285312
20884785
22028875
35019698
33783314
17634236
17761392
11032811
12817475
22912335
21915273
31153975
10617794
23040663
16963136
16176929
10733938
25361605
35715965
20484118
16311600
12660327
20405001
22155597
33742087
12163014
37904685
23670162
24503036
37405013
32154567
32970816
12218063
19951950
38247327
28938551
21448135
18553058
20812001
24487064
16783404
20978202
25505178
11508435
21070944
23159520
36983903
11884606
37966628
10864471
19403386
31593593
28669563
23441189
22459351
32146298
33291820
16674821
38434963
29190396
10910889
14578186
10798649
11923474
16481401
19270716
25378496
15633613
19041929
26956486
32706027
38260359
26377848
22585723
10973813
11751636
20861303
25073154
19854836
25998537
11244069
21233413
30838724
25177698
30223933
14987238
15177563
24943844
34239896
28168403
22279542
37984123
15109495
14977424
12787066
35004677
15364927
11156408
26894958
11254958
35122331
11106648
15153528
15016823
16473966
22558282
16023114
18175225
35171271
11914273
33903104
36592530
12622254
15901899
10900030
33675175
21103394
32474927
20147652
34578385
31717886
19906925
10728589
19716387
17200558
15983046
11709085
32799744
18421086
21886772
32487989
15979910
35426480
23290031
21772273
21800163
16606624
18305261
21812548
24767863
30765861
26577460
19121282
16571800
15855164
36423380
19335620
38932494
24218572
16421291
20144990
20043910
14963038
19278624
12021064
11695754
14871539
16472679
23833064
25046164
14508491
29492374
11356842
34608806
38802299
30612578
31975687
16986260
29099266
34811815
11544184
23805218
39105051
38425263
10820259
11555647
28098897
28256037
15795260
14520463
21680738
22194609
31217854
35510412
37968076
24466333
18237338
19895661
12632190
12920117
16956752
16103119
19186032
12584197
30159917
32116646
32072328
23368412
11327613
30839350
16265675
10913160
37237369
38030945
30392016
12750158
19780895
21547742
23936469
30626422
32655562
22210628
29296226
39091264
18602448
38841287
12096916
38172525
15355962
12906710
35878746
16516160
22609523
11994966
23391748
27870901
36068594
38806577
32235396
25070837
12351654
38237514
28494021
19439412
10970739
34730815
31150988
32340032
15456693
17054986
22178325
23769239
39227917
17157815
20442874
33529803
10669759
11751455
12676785
10831589
11943153
12610734
26461224
17961552
21655223
12084706
20619254
11286634
18005063
18182619
32085768
16876117
19142852
28807830
12878154
33019757
36653890
11371212
16171877
33009713
33969670
35743138
12532453
29649180
20128675
19404317
19378031
27808477
37020386
34747573
12020640
24168467
12660812
21999493
26099046
24303962
34707107
29227545
18687693
21103663
35279965
24376653
26085037
27654173
36811004
31576091
19590932
20639511
32565162
38495179
35821094
11035724
22902876
24155934
14697762
25736762
31646607
27629921
31881015
11877406
12057008
15166140
30664241
33532186
32738613
10856305
11560928
19564574
18384166
14733908
29907159
24924950
17951407
22005517
36936386
39128984
36889590
17928352
29730765
18196974
23527187
21148011
31217276
19270430
10745086
16166650
29944870
26619963
31239345
35485284
23629654
15177890
33391517
25324355
11593389
32824881
19487463
27764233
17955497
24031525
19414780
30621629
17539718
19116150
18708078
21957033
17582736
38634741
23667108
30279379
34117589
37917325
16170022
28108261
20162731
31612776
24697899
33824297
11118224
19020052
14729981
24914955
12200142
25118327
29925660
23541532
11544310
14749834
28349454
34280245
36464713
14688203
18261988
15013782
23718219
26109654
21805242
22422449
29158845
37292517
12118080
17027227
18474614
34377233
15868709
23236500
29212706
20476644
31938715
17894482
25873668
27993706
15713798
38525916
35382622
19819966
11451388
26268696
35968328
29769557
24697554
12126644
18752053
31841141
22551156
33992102
30256448
21085616
10973998
15240346
16115820
30336783
35510566
23764288
18762586
11551643
18062773
10954714
15322091
29193906
11562079
12567721
17255263
24465803
26075709
37108141
29237725
19123928
26826017
18802961
27369073
34335983
12630702
36209841
11859925
39166890
24475092
23376714
38990449
17920759
21976669
12538861
23539525
12464403
36684652
11997258
16699025
17189825
11134033
30854784
21880414
35608258
11180007
11853559
12441086
33230781
39033931
37101626
15254167
11896619
11554413
14701826
20467220
35070814
23061666
29296180
16129694
35287556
21474991
15772089
25607232
18803693
38528605
28673317
10684789
15324660
33309741
14565847
38521143
11368327
15626467
22713523
34510484
35345321
14617633
16857963
19854899
16918991
16195233
18617632
23159777
23438760
32289368
35577773
36970214
18508236
32522211
26702098
26054396
15965486
38195464
37713069
30472720
12831534
16530190
37076815
38863748
12883706
28192515
15778498
10984438
20876099
26378163
25994642
24821720
14499478
15485841
19513667
20068067
24040030
18174463
35925640
10826490
18701586
15835920
34544313
32931962
19478397
21151178
14644432
16300735
15328156
20018857
11886254
22021614
30455854
38574629
19223486
27627619
15485649
22619067
23929032
36291162
32581255
11560921
37456162
16061848
17276651
34609952
36422840
16990268
16010208
20409797
23382920
35340290
31978557
19860880
18353217
36716968
12606386
23994200
15905070
19232326
17965252
29514460
11144526
25127531
39231894
10742310
15661735
20205472
22213140
35723009
17990981
16924657
26768426
35584604
25511304
27254819
30094882
28790108
19457116
22973032
30429216
19221506
34403090
19082993
34599150
19330838
26828390
26960254
18251895
31319814
34321481
22238282
21442620
34967276
19409876
24443940
10845713
35271885
27661734
38986830
23326485
12620898
11278759
32544241
24608665
12538589
12105275
15967106
27256380
36225189
35342338
25808853
11441007
20371700
10840980
28326013
34875117
11381092
24824849
26039629
35814660
25356553
27266718
23175445
15073049
16650966
26548613
10908564
31811458
22066472
15741233
16690783
20421386
37537731
19194706
35073964
22493443
11714859
37142680
37936359
24166976
12577064
32460034
16881872
28073901
20176724
24056087
32089644
33828542
32351002
22365833
36964437
15217494
35151480
27863409
32797158
32068081
38219817
38184182
15937340
36822494
12186975
11134351
15932871
12059041
12661718
10903841
21723257
34012659
37902450
15096512
20228055
32276600
33860009
18539749
12455053
20941529
24295239
29995562
11306675
34709416
20977479
16698963
21778430
12074640
22701666
12456798
19137075
15883163
27661253
36425144
31189938
23898514
11423499
22939174
29720978
20224787
15084582
36037368
34702185
15971600
29218749
18799458
14730974
16207712
27924058
10791981
29867845
15084521
23576762
36038948
39282156
16414973
10671439
15797863
21330459
15663482
10716990
30697423
31162944
22800932
17279574
15820316
12372837
24935269
17243173
11414792
15821984
22648930
12799462
16219689
27715394
11161016
31366950
10899167
10952729
32532962
12000714
37549022
18373255
33279727
32741808
34494385
38113135
15310756
16494914
19696168
12792304
33949707
16687575
12808128
23922714
21693519
30256902
19351177
21957124
24167781
11916967
23184952
36443833
12183368
30706244
22429315
11854408
30541148
30919357
15626689
18286645
24740008
26311497
11278858
29798144
23348960
17646163
28957394
11788710
25636783
29725354
20519744
33170148
14734555
12554877
31422817
16473935
23628989
15292251
27760165
19671880
22553375
21707973
37185582
14634024
16364694
14550282
22384181
34983303
34952201
14707147
32945401
35159089
22024320
12089372
37169109
12506112
29251506
36695574
29730747
36442525
39185313
15585308
28117799
25445627
12565154
34032284
25732732
33313110
11867572
38451046
11772030
20338997
29530056
30355052
31665827
29523827
31748572
38355719
23589030
15642743
25220262
10839983
16879716
19584095
23362380
22515269
18467503
34236680
28805661
34233019
17926100
39190957
17435176
14645565
22295078
26510519
10792988
16455680
16365308
22922989
12080089
36435914
32439251
35216196
36068615
30559593
35838183
16439308
32104903
14729671
17113976
34234858
15327778
19372584
21880917
34816128
35154481
35525402
28882891
38585637
26577786
34043341
11711533
16368690
29441057
25525273
35482130
26755740
23744069
29458410
15796907
19435214
21079688
34650771
35477568
14742711
35332606
21669904
21046178
37748388
37736299
35759451
37164013
15187087
38293106
10952718
19135050
32782452
28615107
28459807
16751810
14742446
36412513
19968958
16819285
15485850
34526098
12799048
20413595
19775426
12362238
32265718
29175413
38164984
27078000
27240342
25742010
23042605
29111376
12584560
21376600
25258171
33576766
15144235
22294689
22888539
18940248
30885931
21880841
14720327
26468207
35371992
15507398
12402042
37676568
31519887
35399076
38461872
22302985
24843844
17293345
30888698
37465351
15837731
30127667
24606760
22022439
38460355
11491495
12601080
36498879
11351297
14506707
34922324
37417356
17020951
20544909
18307834
17590503
33090408
36313631
38836825
27359102
15299084
23354285
18812503
37359274
37456174
12421467
11867163
15589034
30759213
33794253
16325153
21177829
31766267
11707413
21302295
21848649
36415206
36436184
11581189
34210327
12165799
20940303
27430308
15084145
26964561
19925829
12080070
27588936
29552759
33703980
34606417
29358401
16485911
18314679
29021711
28367102
15542827
12744525
11407692
16497729
19706751
18206667
30906213
32890792
15601821
16443388
15272022
17563726
30382182
33364827
15664397
27150837
30465205
33484816
38566250
19556292
20025508
10913114
16488392
16203736
16378991
28363605
15264187
18772143
18957583
23359164
12668176
19341714
25740199
10781952
26085104
34831298
22442075
12867596
20125184
35723090
24947374
10903736
27498873
37047232
21923231
15365992
38888311
15090791
38231910
28419579
17382318
19261907
19519242
20829602
16672379
35430252
27393910
18564369
36160046
29138251
11574152
18676681
14610200
18327965
19221430
31063592
31906973
16428443
18404564
25524222
30202861
20525224
34454908
24448687
26176602
27165196
34565720
14523002
11188933
17467196
22284051
28854373
16818807
29731998
30247605
10747022
12601005
25121483
15289936
17064289
11373276
34681804
36252649
33740160
29288531
15115911
25736509
31453204
21296879
18664614
36918845
22173225
22349218
25416548
35550876
20205958
12840518
35557032
14647049
11483758
35928168
30045961
15866867
12525609
15987676
17826730
35475643
15294972
12909588
19004025
23707720
14676186
29544221
16532972
12021320
37197505
11323029
23115197
22951312
15312048
28754379
23991205
37277838
12604790
33748101
17459525
11861639
14561749
19098920
12071848
10946908
35436516
15694314
12215412
15377655
25673710
34079264
26803058
12913107
24020947
12777393
19386987
24595049
12047754
21291856
27446127
37937915
19179336
28487135
22117072
12716907
12445174
34093828
21151024
36816970
29196093
31690832
19536508
24351040
32194692
35029992
14662835
15383280
12740387
18975006
16501879
21169991
31765623
33783904
16492672
14996841
12742637
22935999
23342115
20453832
35662006
23524853
12509462
15504742
29497848
29588275
32634523
20228179
32502543
16151013
14519669
18938227
34804889
22387313
38428993
38726177
17669366
12588990
17389905
16636136
37957805
10891509
26125623
16439309
31541467
39075476
11240690
10984483
17928881
19505147
38886341
17957528
34646892
21466282
20826824
39054531
26861687
38311336
17873004
22771388
34109707
22880098
29678181
26940039
11390371
16160006
21212736
36030691
37284311
38539242
16301334
17699685
30597143
20629179
33823155
11839795
12963337
11587542
29510447
38175781
12794086
24907116
16699489
11258483
22072767
14752272
18378046
20169111
20826815
24685480
16227268
11733063
12734108
31364047
20696212
31743519
14687883
25331114
26809475
11090971
26296369
29061315
23732115
19370317
14592926
29362422
36692132
33867356
26456056
15845549
23483889
21705614
22950797
34988297
12808104
20083677
16670301
12857748
16979135
33777211
18172073
25937534
34050266
36597773
26013405
20571523
19935870
21163960
34983831
37450039
23112091
27852984
16166647
37774805
18474241
37258120
27775700
15797862
25622105
32345960
12444081
17686159
20345755
20850793
17213806
28005151
15979765
17537991
31044775
36768448
23378270
34926439
38518381
38335672
12528120
11073942
12660326
17041147
26317500
19801652
25450376
29029473
30207167
18167142
12055073
19403814
27737687
33391003
34758741
11854499
12552083
27761831
30906444
28322577
25663768
26357899
24637265
11290520
33134385
20861012
17118363
20738723
21209459
24578159
12882964
17575145
33797390
11875647
18035061
15757646
19143282
32245233
12719431
16365288
14607782
15591057
31189709
34427851
32284991
15567975
18822204
29198943
17627612
27578171
23874500
28992255
11598901
19461988
17848953
25759478
38498343
11062069
21268071
22580282
35231444
29695738
26224857
18388859
16554440
17983357
12840011
24667444
19234166
22683596
28283554
23750642
31889958
22216317
15182174
34877814
10837028
37231521
36257954
17327266
15173573
15788483
11440643
16905188
12615709
23685613
39116531
12750368
14709554
10969074
15798205
11502743
28592532
17923242
16275645
16832663
37657313
19525978
30354215
12593798
27669760
31586627
19285161
32669294
15882072
20152798
11063744
18782833
19363271
16410867
15809022
16251425
16390826
22474336
11445221
23504177
26077348
24623585
33009102
17397964
18420802
16081692
23525410
24888368
10980339
37762418
37339258
16792504
23050935
31019460
11238898
25138219
10745073
12963020
30042133
38566431
21802105
10805724
11165201
18599070
29570224
34966948
36444538
29294329
19961654
35148282
15200429
12885252
18573284
20878056
32278562
32184703
15972461
34615962
35934107
29482802
33658830
11679576
37386215
11956154
33721634
14739280
14701865
15617514
19015043
23582637
32556427
25048571
33490079
30954220
11827165
22810651
23351742
26811994
26287603
33092281
36798316
17605298
15681850
23624912
17891137
21336381
19824788
20173035
20504340
19888988
19631333
11313942
25318053
19597347
15268851
21487931
17959820
26557053
27440922
10933714
11830591
32065213
38062961
15670823
17368655
10634406
11522445
15357952
15620701
17686645
34722547
15793584
36424866
38383447
15546874
16385505
11285257
16480596
20966198
37559577
18621860
22554505
25989468
35995370
38638193
25125049
34209894
23622764
26644407
21554958
24035833
37516290
16125169
15951441
27094369
31558875
18204444
31481527
33714957
27774439
37118828
17224447
37873215
31597087
16997880
24325877
37493105
19525980
34747317
26456627
35878018
34465724
17552496
19119011
34336846
25380728
33909026
26673132
16337626
21194439
21533769
12175857
17636234
31152486
20088824
33603471
11741927
31804607
36206143
23419152
24558487
26121690
30136234
10657977
20888799
21464899
25074588
21750908
12788226
33975521
37349844
24508626
18344975
36401072
18064632
36975782
22396390
10903426
15601761
16129735
27382054
28850756
27551759
16959776
33777678
11373297
37753466
33863364
37829674
20096607
18836288
33075373
24658119
37665158
16006560
12036870
15647374
32158230
16771775
36768745
16100110
20061380
22730312
23921085
19444719
11226470
26874203
38709912
29804286
31073978
14500680
23275444
12588988
18239063
26475051
15672442
20208008
23959857
26742291
27488499
31692053
12556397
34310849
34457052
20181831
27659983
38508727
11463333
31895568
36757564
21115439
12646176
18250088
10734103
37545017
21036145
25830092
28469982
17250806
39127875
11752594
11054668
18948618
19721858
20631177
23909438
24911587
31371569
21839169
29889893
14656069
11517214
37867458
21056967
35032679
35946509
23056470
31009148
12417100
34319836
26572741
27458097
16012203
26882978
31948747
32313226
21181420
27506849
11897709
26577051
21186515
14724446
12147603
12714588
35399640
16175607
17321498
32746934
20656905
28346424
34719765
20207742
11352812
14678011
19160516
39158991
15795257
16891465
32528005
15284227
35904670
22043941
21919886
10716336
21621419
30463973
21862596
17061041
22529776
24367042
17205138
25964652
26093303
34087440
33025678
16608851
20687930
28992109
34843489
21451545
10931839
23424281
13679070
19538124
34825849
25913759
16079148
20126477
30497081
33335992
21637205
34816763
27884160
29540800
10861205
29785588
31612319
32034091
36033575
22535966
36066383
39263746
17512511
26516844
15901740
26303210
27085069
29903917
16024662
19054596
35189704
22842189
33692367
19906939
26066074
25316819
38301949
32482898
16823614
12673393
18321853
12826661
26490994
18550790
23246447
17021256
24855057
33711491
17493694
32220262
12682088
24413521
32692871
32860951
31002821
35795154
11113123
15087460
23804514
19447019
24846288
35459264
34434929
16247482
17130241
31485650
31201813
19357365
12798349
22956439
32147696
25664880
38561055
27422819
21532009
33961882
12923773
30471730
31551978
33288782
15756648
18509529
33604677
25605782
12805290
29046292
19279114
38529546
16202709
17381077
37741128
22086979
26373683
34500054
26924529
15746184
32858372
10817758
35484984
11790798
27425868
21278253
26193076
20411337
35103378
22502979
37891461
15980068
12050113
18455703
31317403
12771146
16935469
15334659
16176950
31264309
21312235
11181437
17274980
24327345
38876321
15885982
28407838
29680964
16126175
33529170
26222483
18312296
34804162
24788169
20159450
30426418
11556768
33568915
20116376
21184827
19422532
31932482
22445342
14966113
16455777
32160453
21490570
17573772
15252044
21573057
10712269
15768038
27015742
35130933
28438659
37083591
37587724
15193146
36348020
22880048
21798244
38814273
29695412
21589906
19050930
32716640
12034707
17100642
37964516
35577924
31642035
24560665
28065789
33116599
17724133
12702723
23908467
37884951
19590175
36276499
16414009
28973437
12407017
20920792
24133122
17976373
16152627
16716377
19469713
16844903
25712891
12693381
11788578
16545786
19724676
39215587
35822830
34374892
20647592
36576714
27601648
26960425
30003689
25446448
25742791
12700266
37827091
23715743
21378377
19948503
15356200
11313951
21861373
25751603
22305478
10656593
15190009
15775969
26572930
29329668
35473752
36329446
32681515
11606752
23871663
27746184
26925775
32944396
19309582
31379885
15456771
12105179
15528406
19648116
33489919
34719075
12609537
11865057
12749846
37343537
36114004
11044443
38479813
11102473
11259854
15486086
26202252
21971971
27634758
26871941
30072211
10627592
19480662
17602171
12917015
21850559
31016653
19766592
11004532
30348988
22553211
26115412
31615303
20976535
28450287
16434391
20036864
19416477
20560050
21421245
16037096
12138208
31071929
15908061
19569230
31131438
32766276
16283383
34881777
34787459
20952511
22864547
24491357
36403431
20640574
31802910
19277044
29465084
27872097
11856323
33088220
12748066
29267164
16395393
26045204
19486448
29093714
11765921
11448933
26786190
27100736
21365760
35347072
36255645
34233596
38497939
31188867
17446860
29977231
20813968
32703285
15817461
24080088
12667444
19304341
20682663
33973730
22149279
34445621
37018757
37662862
36718954
14701795
30563429
32866269
34982356
35674129
20335179
11598137
19590578
25920776
25617365
14580940
15145946
11746517
33336062
20501829
17760463
16099425
17466076
25445585
11049108
12968035
22095730
10956618
16580644
19678766
20685873
24009510
20424160
29415900
12876199
21877284
32757377
15122321
30440128
11416155
36032089
19158361
11815766
14993647
32076914
12559917
16623718
12032081
12169273
19285977
39267672
11044731
28827320
21487015
19421152
10637310
23828905
31389613
16951198
30304835
34348091
37149224
34858502
17302910
26041281
18641291
16001362
34107398
20111072
17210752
18687802
25028204
38012214
25591775
39159001
18774770
34107979
38601672
14506257
16289995
10801842
12372413
31659121
32636647
37488742
12172691
35971159
11056382
22674858
18547337
15247258
22985791
19331820
21379566
27152417
28189325
27837098
16740701
20139358
19724273
20461023
17920756
17628503
12213830
15166251
12691918
32695776
12148568
18973777
12228233
27693019
26740304
32792502
34751190
19586942
16428328
18307412
21565828
18948438
15863519
30877678
24468133
15572413
24116158
23918472
38484431
25149679
11876995
38242044
38224414
28189970
30210511
36063753
27807072
35837135
15866865
35217438
21787778
23720046
11391540
15526167
17289665
24072780
25346443
11590147
17250801
36841722
27486972
10760148
24516390
32963012
17352745
15456899
23602052
30276754
32461121
11157982
15249506
24895696
38462752
22583614
34918122
21183955
34905503
15314656
15322228
15201867
10825587
10648539
16098204
11517336
23770368
25703349
32609809
38293943
23639789
27793176
35022274
16118793
28320863
15128276
31988240
34582004
10798400
20959494
30864274
19824697
36097495
15680915
23092124
13679428
17088211
35844789
15960622
31800296
11507081
17214967
14672991
23303785
28662214
38641745
27541140
17589804
38815927
34320280
11278302
35338959
11152647
30502939
21455726
30771180
34790286
14980226
36804539
18031610
31175887
24487320
11158312
24788178
23911909
19426672
15194791
20865124
16880933
23850281
16166632
10818102
15620700
17392272
34285192
14766232
36828627
36082129
23290149
37548108
11278606
16118414
27129233
19713945
22094411
34783223
11528400
38193302
35331738
15687185
34094947
31694931
11306699
35321783
39133108
17156410
16373665
19534813
15935781
27770661
15688401
24939622
12475961
22328502
32117819
36926194
21851231
36793872
21106062
37498409
31305533
24567216
12881521
11451417
18310289
33164261
34752335
21490275
18781181
27664947
19885567
27247424
36074324
12760104
11437660
11673483
32003341
28670683
38058810
22179826
23212912
33420816
34694278
30715203
15284343
36139009
18175204
12867035
38651147
26391922
16546115
16720645
34430596
30778047
21872333
23220195
21389118
35887194
31936514
38228802
15485634
38662610
33121495
21947282
11470401
21728994
17210130
35932362
17059865
11953829
28914785
10995387
25038236
38468232
32632701
16895583
30394295
11145653
14600148
18698375
33546726
21037229
16153144
26822515
12629171
18665173
21370927
10851246
11120743
23557549
15990408
17719540
19906640
25896006
36115111
15110461
34495685
39193132
11438540
37481222
21535472
28040796
23949442
29669320
17175194
36519174
11401391
21166806
16465738
19347031
35073932
16997123
15247254
38933020
19762470
22875967
23678171
21350015
17207235
25169219
27980386
17873367
21427226
10821419
19359021
31608175
21768538
31250305
11237594
12663266
20639871
15182197
32462563
12911633
34962618
26402096
28708759
26785729
38266782
19347335
37470948
11504918
22683786
27919567
28130417
31372925
22237992
12009895
31755219
16480959
26206088
34185955
24912982
11522631
12859345
17940884
36718430
28798301
33491257
20181722
20688916
36874595
11046060
21279453
22674284
30529400
16643512
10942781
15196923
20410316
11382755
22997079
26444754
34218054
20385599
26993772
33623435
32099526
34171102
12646272
23064382
20436275
27404460
19838187
29704100
22540012
20190138
26439985
23707440
36635458
33757532
10628972
16651619
16144989
20711169
25982206
10811875
14555478
11274368
30991158
11292842
20600146
23850970
15831484
38867168
14747478
21748645
10898722
35549778
30685606
16038898
28316082
37935247
34591015
12084916
10704345
29739365
34713933
35269499
11311197
16757337
22562176
29574093
15640160
34952246
36919339
22078298
15489859
14732713
17962458
20199568
26295810
23940755
11571277
27793802
11961485
30949393
12877983
31747314
30870072
18601530
11590136
16892053
22123502
31861116
36197773
15342638
17185750
32754264
35209947
35116405
12106604
12707040
31785163
37690046
18096696
21125496
24043688
17463226
29330052
35213056
22292499
38555043
11522780
12807875
21835786
23308242
22514323
36668954
37700160
12639966
31652487
19232124
20720009
14684163
29203246
16367866
37484915
38589927
11716471
30782188
35872625
23747857
36890708
15240883
16051222
17481635
32872485
27168348
35269913
37771777
35416325
32516780
15736430
34174242
35917658
35070947
11545732
12956948
17314102
29916539
38206477
38145999
31890150
15857832
16899571
19176753
29246543
37365531
16513219
15262971
36367790
10728834
15213253
15084519
15150261
17309126
21660952
24859801
28487226
29175142
15094396
22496731
32152050
35930101
11956211
12379151
17828296
12710887
10744766
17227843
26801076
29051140
26478675
30681073
18059033
12470648
37805949
23416298
27351185
31862538
33569406
38149560
15800069
27203102
20808283
30352575
12374762
14645591
21392132
31715145
11124263
27412786
28166238
37085864
21784123
11896603
30050105
19734344
28793216
34480159
11604405
14613930
12359722
23236529
30634993
23858060
17535296
37313823
14638691
21142445
19020088
12808148
17395368
31624231
29414031
16856944
33553005
32644821
11282032
19211772
17312308
16186111
39009307
35597868
29427996
14680004
11468283
15087447
18687685
22658487
32291784
34824551
16832340
23277014
23523636
28257572
29301870
32826848
35656993
16945926
32772918
35807113
28581490
31623653
35934241
11238964
11726501
34530825
17715127
30279146
12540962
12838503
34508810
20713492
31178390
16757535
21091896
22814102
10851229
17603632
27573339
16120769
14742666
11863457
18280260
20466066
12965917
19932134
24178760
24095714
30116754
19264913
17301176
23896121
18723071
32573649
15691838
17676277
11821059
28898462
38495507
29603667
15255944
20100282
16855382
12370315
15823427
16147992
29072683
34350172
24879834
24311645
31381863
25577386
28232487
30556861
10935542
39156891
15665723
37786235
11259373
11145932
12297109
15383279
26980762
29903915
16354835
34205384
15824103
35460867
35618731
34006301
22334654
21955513
25178873
34093751
18996616
20980993
18547338
28259758
28678443
30514345
22063270
35654582
19052223
10636882
12052833
11228388
12943681
12944325
38345749
22842654
38027335
21935442
17942708
23986500
25733880
19364495
36402251
21723927
39213495
38774354
32366045
28700931
16557233
31156624
27914788
32687247
17659592
38621622
24276218
14583609
20432622
11340080
33003440
18373986
29178430
28446680
21935367
15714581
35820305
11739724
16697044
18027846
20515444
22265661
16407229
11359863
29546879
25128526
29689560
11884399
28423633
33965771
36448796
28152598
11919562
31800303
31419991
14690413
24667766
15172968
29179465
19509061
27470268
27477313
31038480
12847690
15527410
11238951
26427688
15197457
11550481
29982961
22977256
26935028
10801887
20711218
23370976
28865289
19769945
24755185
32343840
11751906
16989954
23223037
25312469
12470643
30558248
38504274
33568810
17130126
16858008
37976229
26404951
21558432
12423244
25958313
11058126
11160832
38174993
12016221
29077044
39025723
29688868
12691864
16420457
29514831
23913269
12438550
23589649
32947987
19203193
33687720
37589992
11029407
12351623
25454506
27556597
27170353
36481473
12647783
29440593
24217770
23244239
11870211
16150729
32462956
21858378
36369321
21768358
29512890
15206960
21157432
16181553
11973290
15004034
35305647
22747709
19619511
38374229
36756679
23743189
29693725
10891500
34002672
37749651
27815903
38826385
35613627
16762319
36235222
19724888
35922747
26707622
31688999
26802236
26697838
35023678
27226568
29453998
33542215
11160754
11781097
11799111
20944010
12111250
18832710
30993511
28807828
11035037
34434118
15799972
37212470
16234849
11855855
25503931
11394906
39173639
22785030
21971072
22419217
25799540
15632191
25133527
36705303
10706867
32834743
12078496
22960220
27983539
15189450
15823560
20874775
21219870
20335458
23615874
17529994
11478581
25922072
27493124
30538167
23131554
16987104
32703419
15863512
23583719
31031083
34384367
34039426
12893946
17048262
21440554
15788569
10982824
17906693
21209184
35290144
19760374
19122653
34413927
12529406
27930920
35218773
20348427
11390485
11978177
20423648
21876179
35626667
20573827
11756674
15611093
25092459
35347818
12138196
19828607
15010468
23665048
26386426
20555424
16706364
31362164
17359293
34479497
11546791
11238239
11889126
12971583
15031292
20980406
36054080
11821382
16260783
18063474
19238632
30945263
32156008
15724238
18279945
32585297
28414040
15299023
15033987
21601231
12881485
24189426
38822363
21664272
11692164
23328768
21383194
11433393
27641304
10672002
23285235
35610559
17914591
11473578
26846697
35305058
26677889
12488460
33428936
11971816
12566585
33604805
14613580
18023391
12874295
24429998
19480916
17868381
26853155
38762209
28175946
12493822
18927467
28765911
32863950
27592226
12640038
33073687
27601894
15975902
37332476
25981880
36165706
32514270
21642423
32950500
20870776
12896975
26810274
35975741
27115353
15529338
29191835
29061842
34462446
10938101
38697448
18177616
33386469
33237582
21223964
22023056
12354784
26633879
12135765
21727153
28039067
20160071
20022592
20522330
10964907
20110614
12646583
37605580
30674024
11018030
38368370
27222294
26214307
17027646
10781819
11641419
17158916
20032460
17224450
10777577
12719587
36309084
19592509
17665396
33494763
35346247
15905173
33962015
18253818
27607350
36401880
37755527
15730717
39284877
19019920
23613814
31395807
18551686
35742917
19841653
12359771
36631978
23747290
21383994
36077718
39039052
17196963
20501938
28501005
29358041
23811403
26053419
34592879
16418277
25072537
20676144
18382472
25224401
23387849
25884418
15210716
28069123
27126374
32943107
27638887
18045921
38844957
15253451
24036361
34039417
30657231
18804472
23892357
35340210
11375348
30185434
35903958
12475953
18206350
17631534
20061302
38489888
25702110
24821854
17898071
22328519
10748240
32297639
16418171
16054658
33712280
23306908
21332579
36495717
35882892
19759214
29212066
27174164
34732410
15001552
33833509
16530799
12401342
12021278
16000172
19525928
38882361
29631373
17632541
10938135
30820314
36727613
17314132
18424554
18954030
12082096
33750217
15272235
14688434
22513846
31244930
32612952
33465466
34764728
14597399
24583771
18462190
17442957
20810993
30735346
35012594
10974218
12032359
15013430
15946947
18687683
17545611
23894455
30332471
29352319
38126112
29807023
38400818
15511219
24586417
23859937
25897080
21340359
16276002
17169545
19246543
38897121
34367295
21117027
24112707
32269710
34191748
39256796
37333330
31575922
11262604
19010331
30906512
32052901
27102985
23962074
26655092
16061471
37088847
29224910
21228066
33028811
31182934
37700822
21113176
37713847
12942327
27913740
38459420
16720361
16113307
35167422
37153546
29130191
33675150
34847369
25230699
30135121
17420258
18691225
11311050
18042455
10639482
12503082
17182674
18299393
32292657
27863961
17322297
39105183
36403281
24141018
19891061
32606770
19000314
12482824
19937597
15816545
26290605
33129711
36264121
19765212
11297552
23166630
11431470
17239418
27655714
38871139
26453924
18180291
21157431
12568398
10949911
12604605
29095955
11278317
21440595
24448349
10727525
10756201
22073357
27080942
33794926
11201797
15837734
26819409
12370294
15716592
14507924
16605244
11972026
32195236
26821693
10913188
21331078
22121778
23714211
38462608
11382757
15456912
20857408
33010548
32317078
21725313
34563636
17684015
28018022
37151889
22125061
11860490
19631583
39174880
16455651
15049957
12759374
33848337
33646750
10867190
35624316
39104492
17074976
11795668
24643563
22720953
32312751
24594673
21552516
28217095
16771824
12615913
35523884
19375531
16135073
23333744
30401782
32532042
16289764
21149637
39172101
36510377
11278692
16434477
17597574
24600331
25813540
35535385
37485845
39189039
12061779
21750942
24219151
10771109
20375344
19213072
29391048
24371076
31680332
19307449
25402728
30929966
28492554
15778452
38809976
33064594
20483753
14744866
20647320
17535983
22623793
27999769
27406828
22930729
12967660
22649246
22795310
24173774
25151576
31276292
25359607
14715246
30774623
11514549
15080494
38747181
26721595
17020950
28811357
31317400
16830232
32869935
36438920
38191906
11774285
22216323
28485852
19307231
31876003
14500725
36439128
27537253
25550162
19497338
25806948
11780188
32075676
18620548
17456763
12697898
38169281
30872455
35581738
21764252
23516971
32863766
19321762
38439083
25264606
20202934
26759258
11559593
35089075
28823462
37647255
11279118
15820260
19338310
36280901
23029222
27720922
16415345
16516040
36443618
32105733
12731067
14668490
19706789
18586674
20004564
21200133
15250498
15255931
16263324
22900040
24086451
29201983
33777952
12960056
37401082
17671096
34709112
11461920
10918061
24525002
12411494
14623338
19126544
31353306
25253202
36970231
11118435
12804777
33397354
11751635
10676964
12743283
17289272
12606561
37833401
11688565
24324258
11447112
26022442
21450830
34705258
38247467
30256721
18647753
16361557
21734292
24713062
12732634
11046131
35046400
19885947
20457640
36016340
11279284
21110129
18974313
16930555
18948083
16243036
12819297
20724654
16247477
22933281
15250496
12067063
37291517
33885186
36617975
12110904
10915801
27350570
36972446
15215521
19035179
30282718
31794745
21239635
12438214
25398765
11888688
35676608
17122050
21698152
30712321
14744870
15757671
14613485
23043079
37522566
25320288
20943852
10723557
18583416
36725075
11279200
20179272
15743808
19407341
37940999
15144186
23284992
15192115
16647708
28708432
30667096
22662263
12589061
32126149
36382664
16243034
33265962
23216863
11752697
30744636
19726565
20026373
28848044
33786605
34961524
32319569
11507089
26694839
38396247
35589918
29491746
25666347
12410829
11278278
24312567
15834408
21295140
11494128
25694595
27484899
11098170
18436335
35964314
15831793
16102918
20715990
22219180
24719423
28544544
15769853
18720982
17604136
27818379
29636686
34650684
35342346
38743230
31949275
33675999
16537561
11602781
24696483
35045656
15897808
21896016
11325968
23041308
28627585
31436131
10602277
12403918
11844800
11054413
12192049
35155564
11439350
12943669
23843457
18936248
14523011
12034722
28766291
33774908
35371308
15834426
18754015
22607396
23701246
33044585
33495333
24890824
38148155
14660597
24840177
15360129
36624932
15543936
38489378
11980910
11567041
21814571
16086373
30470261
20844577
18429121
28253969
35024322
24569844
24556425
11770202
11416127
25526567
21397169
24640783
30680309
11418127
37059220
12515828
16055701
16029871
34796216
10871384
21821792
25215501
30569515
35397714
28456796
12726995
15635104
17087659
22447044
10620507
10713067
27384152
18522320
32582087
35222641
11361031
12088286
22115414
33655259
33811955
11112452
36613831
23365657
15539082
20519243
27826076
15504736
15100245
28442448
11884609
31028673
30927740
11152682
10900165
24637460
26525414
28160167
32714093
12027958
11890701
12215429
11262172
32805281
22470521
22279223
25567797
20382833
11360185
19996106
21858031
35093469
37054473
37565751
32047362
20231274
20338996
31653828
20103532
22212761
16774789
29899468
16626623
16864653
16525641
26789121
12645928
11877420
11566021
12898523
18187604
26864484
33675805
39147804
35856787
34652890
15782135
18388862
25673699
24161123
11309383
26456220
14982627
25010922
20459120
33193387
19579266
17936033
38687433
15328344
19724688
26633357
31008487
22327338
30684529
22744004
11001914
19799861
11689553
30404013
19805304
17904175
19530240
27208261
15300592
34482051
12175335
12787135
15835269
19337031
36231027
12421363
34446199
11577081
11806244
18976939
27852846
15319069
18480459
12641460
14722104
22096579
29094270
10869433
10713453
10954522
18466769
26041276
26318175
28553408
23207450
26964622
14551193
28561898
12165561
37304127
16684366
26993533
16326706
15715932
31002927
12032078
36651496
17258715
12805016
26308709
32236625
23380502
26333394
27465472
36419485
35772734
37219715
34987637
12445118
38643863
31047858
16848791
12970474
15616191
16760218
38728439
34013367
19466993
15235594
19692545
28512117
31679954
15163629
15122253
30221662
11443134
23296718
33041849
32489318
16270640
22890322
38180567
35909906
18245485
11642279
12867028
22935447
11526476
16225703
35008849
29643944
38203316
39272711
39244806
16195741
11714695
19432882
11278685
10649452
38532028
15576943
14675413
37120058
12592666
15297417
17062563
15064403
21791611
24012855
33000225
25792973
12915404
24198336
24654783
15897874
12960335
16260598
17880001
25825816
27431683
37021569
15668958
38252499
12748171
35867794
23827811
28567642
28387323
20580816
28131631
32631113
38245815
11313980
19112091
12724420
18586956
19672324
32561640
29934310
29483216
19072658
24191005
38254118
12740598
30578931
24349490
11752390
11830580
15911580
24264530
28063307
35867748
12622693
24390710
27768676
11842083
11994271
14660611
22169720
15330756
19299543
23242774
31525533
12793085
22121115
16424162
31518563
21110867
38615365
11774038
16338373
17698012
24170107
16862145
35977935
24927996
28942949
24144859
16082409
23586486
20439469
36499491
37158107
28775288
12954098
38186303
11123804
27464743
17192302
18787074
14570728
33990203
23942186
27053106
12668731
34091027
25534329
22325330
20972411
29404643
11734304
35256595
25538186
26485768
35121200
17716973
27864764
20962259
29228318
19420685
27207029
23696135
16682949
29804005
10887144
12034821
15613345
12121845
18165224
10832102
31471872
17669278
27814680
37799877
23604122
20236384
33615510
19603745
16902178
15134637
12629126
29072615
20353594
26401691
33932464
10648604
17963267
18289312
28888841
10781589
11408593
36129965
36968096
12604611
23843620
38965575
36186660
21806449
19584092
25234600
24448823
11314011
11094085
11161315
11479302
12551915
16888816
17978045
23298641
23816567
27610038
28465245
22672821
26352605
36110972
18252845
23604127
35212609
33537243
17128272
11929532
18382688
18579724
18217691
14756805
38635971
27419601
15112576
21875077
23307819
30251696
35634357
31997404
36178080
12582157
12493765
37701440
27917893
29196599
24769446
31930635
33095129
36418423
17075819
25217589
20851148
29480205
34101306
35064360
27539371
23794785
10962206
26971072
38012669
11238891
18174154
31655428
11231286
12935893
16356861
21194374
22446121
29761119
34906975
21059364
10640275
17279541
11709726
26689589
21295544
19800237
10912797
19193966
18627790
24298236
23022437
11161716
33378023
36516886
19527792
37647434
17785309
29360461
36620343
17826732
19939918
26269634
38891697
33842008
15163739
27239254
38439082
21385329
15140763
35493998
24760886
15951562
39069039
38254216
20585028
33644060
12106946
28481329
34367233
17725581
38441485
24959375
27645110
37818680
22121117
15908432
10999956
14610315
15087280
22366198
16473640
19265538
28957379
29777862
30093550
37212018
29099417
20940339
11970967
12217853
19144836
15640073
32381016
22107093
36724799
36927450
11956151
11139571
32719950
19116364
28828647
34392637
11851433
11032724
18251257
23071812
15210719
23318437
17456775
30916039
21876038
31322210
32019829
35188565
14729647
12032822
23663564
31003775
25426267
32356940
16500766
16301646
17079733
18021224
24256100
27735944
33046662
14511676
26483546
12775712
26147758
31551535
17318178
24104567
11943807
20485548
24284328
15834156
34427097
31164400
39173278
28955911
12900386
15041191
34173324
37744330
31923814
34341345
15060076
29224323
18930956
16421102
28572000
38763244
20889542
11747985
19640839
32059999
18290762
17307799
22389483
28467171
20138989
12604776
12888566
26077708
11279276
21411628
23135726
14755078
19401233
16845390
16570510
31511210
18246350
20854947
35501464
34780171
28246363
15304218
15110773
11006293
26991801
21743439
33067979
36752613
15989961
15720812
11161316
22311064
17583757
16380536
12110181
18722347
22294626
16542149
15371280
29530564
32021307
10891497
15695610
26745454
32797794
23068607
38127171
38485033
22209935
11565755
21656573
22863408
23258611
11568076
27241849
36036513
28202068
31609038
19767440
27904680
15566360
19639184
19457105
16501559
17920074
18267972
18554396
18688031
12717447
21149631
15880835
22343628
15782137
23294024
30239819
32961509
39125654
22988345
19153083
30594957
29605924
33397392
33588886
37065787
21282602
29550391
21828053
27619937
34076991
14630910
12008020
32982415
20972456
18817453
17486066
12429840
38294943
11350981
22361880
21791414
23931712
26706127
27030546
30873822
29916807
17374711
18789932
31422117
12441081
17284442
30212448
11278328
22639984
39237996
14633124
22049153
15951434
31950564
15617512
31990997
16878154
12324453
16916800
12456817
22013041
27834155
39198723
32710417
36894973
29212242
33094798
18511572
12665568
25420671
36866798
33962657
25758862
12588548
38659023
20960120
31950542
25761252
34771533
14522999
37047353
26238290
25391020
22521365
29079448
15030980
16648636
26740112
19369417
22566640
24417433
30581456
26420260
11131153
28098200
28392297
15314038
32412777
11134005
22159220
35624462
11104699
36053480
28728878
11382775
33771868
19597039
33048397
23680104
12200137
12611903
31755168
38802551
18497550
14751272
20164575
20587334
31680439
16246064
20010843
34164340
17593333
15764699
22728715
19636345
28785380
36544920
34394081
33539422
12815057
38283119
37550765
21924616
31908475
21965576
10648404
12384522
20564233
21286670
17047254
30285739
11272280
37089942
27718247
15542601
27230263
24671685
21155880
35352610
25725478
23874875
37169236
15930169
15623537
36633486
20185553
34295885
19726651
18556508
29016961
35777512
37397256
16272159
21263386
24586162
19141242
18845362
26791227
25388253
12190033
21034468
15548572
19652718
37977025
23975205
24825906
18480549
18316654
19381069
19604265
11805122
26656705
35276693
16083853
11799118
10675485
14717609
21458073
15659644
16488717
18237272
11874456
33932238
12383882
18560125
15254020
21638618
37046316
21124943
31492759
17885021
20722965
17051642
12052837
11102449
18985015
16355270
25562820
29035157
23503462
21573233
19363259
11125023
20639215
36875526
10833524
16257641
17175165
12632066
15280353
10729124
17051646
26898292
32021289
32696739
10833396
20067994
37359784
20859254
24293517
17085436
30152095
32966945
31314588
30268767
32524575
18372251
37287449
37038247
31831728
24612058
32006563
36416388
14766546
19888600
35326704
19331827
18347024
37199836
10842059
12809513
25057901
16166642
38977598
32218510
19795504
25118297
19276057
31930082
34509159
12486050
31373631
21767234
18204074
39258423
23178880
29325091
17485489
11485547
19656852
21352810
24035784
20108251
24588717
19220884
32964428
38840775
17351151
22234371
22753196
27623777
15553237
12581749
18656460
22497511
38641210
38373570
21653872
29649427
35598218
23236459
22439015
12651868
12234191
22552323
33986121
36849972
38636372
11886269
21849473
17339407
20220774
30001693
37427890
17145809
33093236
15789614
23889132
16585770
21508241
19498059
26272601
12181426
35974014
36635430
21666802
18775915
22778220
14642275
28835462
34905193
15308690
25285446
35362297
34342183
36634147
18423020
10777686
23595767
34478557
36988849
24335312
11996105
24810853
33794184
33913671
31695488
11741935
34742736
36326272
23441852
34827627
15086194
15907209
26381739
11713268
24671224
15976526
32051829
32179194
33440236
11821401
39085511
11048649
11790449
32307772
38284203
14642562
34465340
28882193
19694904
18055461
11527397
15266631
16630545
14766010
23034388
21862872
38071681
18992360
21507199
14561889
15070923
24032595
31849122
12574160
35927993
26910701
35489424
11062002
10965497
33738908
36215168
12525577
38110664
31528213
37667097
11039880
19759023
28092099
15809067
12870650
17922164
39030862
37962368
17156765
16996674
24162994
33675841
36298756
14765993
18266476
18839019
24749734
11809674
10878384
38020594
10821688
19996099
17914104
24906322
36682337
27631813
31938018
37437414
38677269
19380616
15070904
32243922
35688694
12695527
15135175
29172741
23870088
23015435
11907255
24872416
15150281
21540303
15307820
35648318
38844963
14699498
16546139
20628651
11289226
26422590
32396661
27000654
10769382
12670630
15691829
38741129
20363884
11917528
23560750
11283043
10757793
16482104
21346255
15831458
29914890
32184790
10887143
11511308
10930631
39049651
16697373
16552073
17056519
31023336
30557571
23184944
28222748
19778628
11050146
12657675
23479128
22935142
24923444
17243176
24119191
26015597
31696057
34907164
10666318
12702722
12626508
30181345
30797814
18297599
21971866
11845307
11300755
11593409
25193962
34660182
38421101
11752407
36895010
32822045
19592251
33961623
20634894
19595408
38942989
12799449
12931225
19480921
19858170
19663695
22730081
11725954
23901115
29852799
15277531
31869440
33886462
38548092
15554959
15749021
10674998
21930117
16931553
26910843
20061054
14755096
23553788
12097321
15533304
11304546
29043627
33742058
12897153
38890746
19915044
12441334
23152929
21641068
37042471
16403833
28849118
26301926
22025613
25014244
23239027
17600839
26761000
31980461
25374021
12969303
25377086
11741917
28849207
31000628
11137219
29592780
12626449
14982058
12737318
17558399
11558672
25735624
38939838
18542995
24335448
27872092
35062329
20139366
34237462
11423977
17334360
25715399
33670450
21264241
19170683
35421264
32592588
17013927
19228691
38199044
19016262
39102117
32042339
19144957
11741887
25405725
11238441
24260102
32774472
33069758
20217897
22540864
31501232
36436682
11313501
10951400
11572860
12218046
27173493
30589940
34367901
32738922
35246137
36916910
19805524
15276829
20882347
36855778
15919882
15748148
16500719
19732286
25861040
11434923
11287582
16835269
33409855
11257197
37417397
25800838
10688843
14536059
11733557
34790749
21887223
29466670
38918306
20702524
12804576
21816347
11563968
12937724
18585065
25670202
11162447
34761008
34641879
11139143
15004026
16458196
31374129
33986252
35687698
38156286
10775268
17443803
16843865
37872157
16095914
37547633
14680977
37064880
30840237
20625511
19718535
26454161
33576457
15226318
15556605
12390692
38150004
38890002
16115889
32943090
12637511
34480914
14592944
12750383
30064820
14614827
17055473
11117847
35710311
12507773
15935067
30050654
18037155
16897814
33509083
17567983
24178558
35891711
38816363
11916846
17955485
27676214
37553782
27503909
35998226
39173890
34782759
31779616
26244546
15843396
17655902
34676402
36819526
23853598
30228782
23320500
24858959
28082683
20962267
12011376
31245745
14567987
34631840
12183366
24349196
30030370
35707849
36177903
19267404
20452611
21747116
21270273
23075784
28466268
15901737
35567706
23580554
11842186
23986204
31434741
12509844
19074615
12236578
22013185
15159385
23444364
26494299
32021282
34789312
11032826
23852340
12887192
34988202
32094208
22505645
36764493
20135308
23418607
27682649
11773378
24486325
12554793
30455710
20876284
15620649
29540831
29279380
11397791
12734581
24599992
15363938
26937030
21293955
30058705
28077622
30924320
24928277
16522726
30542733
32542658
33901578
17068198
15199115
20056998
19556239
16021677
26493951
22285699
22384152
12427467
23354597
17581253
15905178
16301331
36706531
15063695
10656686
17579610
22030555
18725486
12049185
16118191
24466343
23006999
28975619
26358320
23089203
15509626
15501236
20665668
34822720
15269657
29620277
23029347
29393141
12522132
19796012
26267274
19244336
21937609
23178720
24390425
15509556
34531856
18233956
18620005
15341652
19646527
18354027
12420740
19145781
21699541
32605013
16765027
19627438
28369676
16690986
15141303
16877347
22024753
15798217
24468254
16564636
38314442
20501893
34878803
24725084
38055397
38858497
12844496
29744740
15158722
24990909
11252382
11278653
21059907
18381654
23396050
24365867
19224861
16014379
11599002
34589148
38534320
22110127
12603200
21851090
23669644
26172508
15542543
30158528
30879770
37149664
37793204
16197452
11112701
35478454
12241546
11959860
11504422
23070217
17261242
21126315
18305246
24335340
11971870
24285894
38560766
10825287
23703212
36824022
26718225
22210188
12809554
17266917
36755320
20140193
32484696
10964775
24943310
34642500
20846323
30841471
22674987
23942267
19411856
32064885
33619082
26823283
36197771
24754450
34997887
38452156
12555062
38569934
30503815
15716420
38070467
24165324
22977255
26520789
15572128
11486811
20007272
11318979
12684705
23321469
30461626
35352818
33391515
18803307
28965880
25749521
33445055
21343351
38263180
37919693
32038703
15327813
17429032
29038616
21307267
12368142
26589942
24852754
32332718
25322986
34800694
27663661
26265044
10682681
14736892
15964779
25240283
22590585
16805837
36067658
10723127
39032384
15728182
29877165
20555418
35413135
15486058
27449083
21502136
27210763
18187205
11207191
17665085
23414097
17015688
25183874
17916111
16049015
21217772
28977579
12574165
17717823
18434427
30986375
38841902
20558733
38730434
17077358
28911100
33407592
36000734
18429180
34279819
29343430
23901841
28224479
14722617
35034539
39080028
24512546
28591723
29290793
23490586
19635808
15541897
31102415
34621897
38090672
38297362
17314023
25925205
10648640
16142303
32992647
33806648
11262408
21097556
12888920
23127881
19996282
32181485
38305333
18589834
14576821
22403398
26399567
15792963
37170124
33289209
16522463
28225008
19324013
18443356
37614424
25238780
30046369
19670830
26498353
15192701
37675298
21034780
36423383
18769714
17108359
12954870
27120352
19561298
17283238
33271327
11707406
16376853
37398189
20952415
31703099
21990430
20857421
19120319
25426613
11912490
22095288
20826619
21998197
38754745
27619678
26553694
10611227
17141508
25047660
37670228
18619950
24305822
32943921
33173347
25818514
31322171
26898347
10684982
12871330
20703093
26235782
31771171
23607654
21777085
35261216
37201055
19351526
30745839
37961757
33833759
11225845
21983117
15542835
14511319
17875708
10885675
22312431
19338577
12589811
12944424
19331698
38944356
17679554
20418376
15501243
15964813
19659691
22096639
24953020
23568022
26820432
23435424
31336405
26167517
17562857
18279388
26103640
38429292
34378951
17711850
11591370
21618643
19357180
20537984
22045000
12956952
29232718
15614136
24903009
22093333
23010892
12781366
29294313
11940575
27312807
35080427
33553335
12527756
27733149
22258749
11707464
22431089
33609254
31016850
10926560
30770099
11433030
12558556
22952679
18241035
31480268
37821972
31351433
35339758
22448906
32801642
17392370
36751943
26527002
26499154
30823924
15572678
12136894
12764155
36536516
30772377
14679201
17559674
31176667
22732570
34809621
12358429
22893703
17085974
15911625
27633014
33106166
35176309
27157137
36177743
19845507
27316685
24843043
31051013
20040530
23904609
33444453
37749558
27006177
25565773
37218877
37354826
28453850
18772192
22427666
15466158
21556774
38734627
33475233
34773593
11278721
20627872
17586600
24086714
20732416
20133753
11237862
20223627
25548285
29932218
11001931
35595959
32988877
10704770
15709112
38895627
10601705
24726894
28923245
33527844
38584845
36162502
22990782
10929055
28709800
17300927
26637356
16079174
29379801
20618459
31528665
20178883
11832422
27472061
24651521
27252525
30935951
14960234
36936774
36638908
34119765
38002494
15184367
30453475
16602692
30726115
11843177
18417561
21139582
15872004
26549211
18535179
37006878
22366209
19466745
14608117
27273608
32518264
33879157
25979995
24234043
35896371
25697797
36264775
18952819
30120709
37409971
22465714
31761786
26944058
23611601
30044778
29407955
11857084
11682462
15972390
12472899
12600272
18285341
28776259
37337843
19887607
38745648
33769559
20085797
22369183
36045259
11598136
23918396
10687013
12704194
23675143
11468271
20071509
26884713
34502037
10861853
16601288
16361709
17766245
36567333
21994443
33563300
12907238
25339765
11914076
19580456
24170858
31205862
20528919
38825681
18094436
34831186
20148114
20413594
31064870
28100608
16216233
35926659
22916011
38391290
19675672
23127255
11042679
12970316
38403678
38643333
22352642
10970187
27871973
19422460
17635667
33717835
23657295
23410976
33431801
33889521
12782282
36007682
23362664
21624135
24948835
11459793
35973810
21326874
17481916
25328665
11126370
25168821
19587372
22997248
36102801
19910580
21175202
32442436
19201832
36481513
21635730
11507676
21536667
15482955
21067790
22683355
25871979
19657778
18557705
33085143
25901972
25855725
35944414
30267576
15741232
25663864
18001285
18974372
23322042
35368660
10821293
28283795
17513490
33221316
15289888
21334748
15133492
30244249
38290339
18006473
22573811
12067859
11238912
18937847
30539547
33633466
12912979
16672672
17579252
19525939
25220477
14672703
14504273
34326365
26166570
37501099
38321831
39273511
31434245
34372870
21775514
20493257
11812791
17457363
20661472
28383553
15856005
31692073
35706691
27414789
26231763
15075323
32523376
14980222
23083740
26648534
15642221
23696820
35193596
30152090
39233335
30277836
31260151
21380407
16352387
23202457
15361066
26777117
26670046
10808549
11809749
38417630
15163730
12773543
21237196
26896688
19483730
24205284
20530633
19816762
12176742
15591592
26600192
22488775
30840596
30170673
16211600
31216392
31805994
36810972
17339478
31467488
25531880
23696542
38285395
21615992
26057645
12680191
29534017
37087475
21234519
11573965
12393267
36519511
17276415
25541364
11120586
22904063
38447790
20158498
26220997
32802201
29885490
21822216
11950700
34969757
11477570
31496735
38961519
27010758
30523025
11134308
22020770
37399180
23148265
36450556
29961886
17027752
11964397
19855093
37064868
31266306
22525330
37286166
12531430
28077620
23175844
15656791
16105831
14638934
24426151
15520167
23152608
11886842
21935485
11410489
26663033
29293918
17363268
34838866
35759196
28437526
32512858
34197115
10630774
12949169
24272593
11741893
20154719
11565745
22771809
36193069
36549500
34487788
34796755
17628282
11735776
12951018
14584897
10944529
14665446
21557913
35687943
36860651
22454514
17329360
25871823
11585911
15073173
36453010
22973044
30995923
38211480
19724894
32139662
10745081
30282071
26214185
31819495
12839623
22117043
33192538
10781811
16784710
19663890
25103560
22613993
17632081
30969995
35067307
35639219
28012818
23066013
12068081
11839754
37805164
37384305
15523097
25404240
37854295
36786696
35932402
11572863
36261201
16515543
23630590
10833516
22067608
18559512
33739543
35349142
15254252
34198986
24752321
10783166
15687499
11741312
20802235
15866871
25928566
36780058
29704427
18508942
25170821
35733309
23973066
28910620
24950247
12393174
11477107
19401828
29520916
12740391
26819968
14962978
36092922
26046694
32140074
20211985
36608027
25161316
18486177
32764981
34445205
34042215
34930344
23331929
34158864
39224538
15576456
36576422
11486007
11438666
27130439
18505798
27291930
28751780
30633341
36425756
26733069
32489187
12692907
18349187
12743801
19385064
16728661
21426305
37533255
12646556
27924024
15488169
10970810
10908612
11724905
11964157
20005263
24827614
12355483
31614128
32548823
25078694
14688249
23100425
23640046
17997327
35324524
30836096
18418076
35636624
15062098
15222982
16319225
19393267
10619853
11943869
16207885
19919571
10775589
19351885
28977606
35663593
14645221
26056385
28729867
12737519
24185201
30777867
18485076
34974310
36142807
11128509
11139772
28585241
28159786
33596087
11835310
22807432
11148048
19118042
20699359
33106485
30007266
37706235
24244700
20463027
15004155
14760092
11779141
22205680
11751884
28253589
11986622
12126878
22438552
26941089
27154519
15304510
26753620
27959448
26474281
31455378
33254057
16135793
19266573
31184597
17579181
16624523
36225928
39246845
14966121
23485711
16581772
16407820
19804557
11992005
11509230
26208648
20868650
12755696
20169533
28817833
31912882
23622456
25257685
26209889
33937036
14659922
11733059
12022443
32944937
20472831
20663714
23587579
34627697
34645789
14645241
36646377
12578313
23926111
24838241
33311468
15466472
16418873
20206882
37215454
23918399
11781100
11023827
34594126
17133606
25915028
24954857
16797788
20421735
38285005
21951725
39139811
19460436
22745369
17403691
11904141
15563607
16927170
19124461
11734602
19949701
16547975
20942008
28104696
21892736
31678682
32030815
21183659
33140462
14685266
30669342
18615735
35252007
19718269
36717926
21345796
31376657
33942139
18694652
36208024
11001948
22194915
36440258
23798385
16641302
18723478
19183249
25622559
34423861
20601959
31685442
11122260
11411649
15923083
19181933
21839924
19939764
28490361
32538781
19545277
25701745
20338184
10727262
11968000
17406968
19220840
18790091
26794417
15454694
30092563
36186576
17544616
15522237
15161547
20829348
32626912
34474073
20846371
20385240
19823077
18629419
20726705
16282323
15235227
12672265
26578530
16359515
33509017
20665076
36460215
21840417
23555994
24714733
24012109
36453149
37514073
15994942
16840438
27683037
25882708
19028568
12511555
24752651
27237092
34953789
20139360
24472037
19797053
23597149
23066018
20143880
31885878
24950290
26628301
22481296
16567971
36086865
11506181
11242047
12080055
31597121
23918979
15271995
23592790
28393401
12724348
20675580
17612578
38660591
38026444
19074002
16945434
33613568
19004858
26789922
22681933
16481748
15576676
16691197
24067961
28543875
16842754
26224068
33080340
16352575
22880103
28858851
11564693
29950418
26271046
30593845
38353288
14594401
17189269
16825495
17353187
15862318
15652358
16690877
35122633
17308081
21816939
23877245
25631092
21140220
16129688
15509716
16098044
31584290
19525935
20382690
21812426
32791352
11382766
23527311
35350199
15322538
35333985
20709758
15949707
15270879
11313405
17324120
21550974
12112843
18662245
18752644
26254814
21429937
16595702
35435132
31080408
36561617
19166809
30320749
20861259
11086007
33460967
11257458
14532129
27267073
16277605
33204001
19402751
10683146
24280043
29980579
24668364
30429846
12574158
15621037
12881036
29132690
16040804
16476736
32370700
11004235
17876039
36618096
11579141
23841091
37055817
22001744
39210440
27246173
11596096
10936673
23365428
29126923
24314030
14739300
36857196
33486056
29232376
12374400
35367362
26100017
32028981
11870091
15355308
18501120
16908011
17680322
14764603
10954518
25103363
39243199
12065667
26965651
18446820
36921733
12034457
37698367
29274099
19522012
22427339
12850263
18235501
29219178
27074807
35528200
37061723
11350068
19450626
24750444
32698890
34585157
35571014
24067655
39177014
37635409
15190377
20955562
22365931
12091106
23956435
22623798
29610848
37703099
25101677
16648475
21680523
26886283
15986239
14507647
24424245
12475949
18192590
11755253
25149377
26721479
34735553
35704206
36579844
37712124
22345554
24303154
15004027
15531584
22864569
23851510
34712655
34347073
37102216
14991492
34913472
26604261
29959681
20624960
15064358
36543302
25238970
11594781
12606722
15744670
35579337
15572129
26792746
31549732
27323652
37394161
15592142
15845376
27609571
33109762
23567825
19717558
11683386
16224555
25737013
25654436
27908613
33982786
36856209
11590169
12555205
27896837
12826674
17021015
24608105
16291235
20048167
15930030
24773012
21698294
31719877
36555481
10729169
18631138
18472156
32651234
18771726
31949845
28539358
23922223
18841484
19357284
11934883
21742014
24582139
30488537
37549282
31355046
18691155
34584188
35565390
17389230
14715653
31814907
11401716
15542849
15280210
14603523
17186374
24636259
30342268
34400348
11696008
25631027
22177524
34696162
15731010
20526895
29129702
18042150
12223484
28176116
21093404
15860735
27528888
11801372
17889823
30662595
33675123
35632635
17967441
12390249
23117207
33685973
20028768
21459757
23369618
18835352
35742860
25976454
37724521
20826314
19337668
21482671
31267132
25935001
33748123
23825692
28591144
36768238
33556144
18065520
19368702
20113505
21559403
15030603
27377128
30231243
15528465
28499918
18414034
37415159
23283951
14638725
33847953
38950712
24089471
18617892
16118210
26046769
11448141
21890458
32370067
31488193
31171625
14701837
12482591
32387808
30661579
25429837
18775424
12832208
20199145
25246426
37129383
38838034
17433449
39075067
14681039
24014412
33505109
34011552
20375143
10777564
12773579
23318789
32606737
27773430
16606343
33933636
22209075
25854427
22308156
26616658
35153780
38409914
16037945
28855126
28768665
19098003
26025129
38484719
15453830
17275676
34354043
12697833
29610101
11238946
15269981
20405035
23463513
12105190
18414007
34306196
26451915
18461721
38793066
25313644
30969118
11351071
19656853
36822481
10952415
12566093
18429114
37816718
16556595
16253391
14668790
19923320
11279083
31969668
34458754
24899407
14983521
36760238
12084065
10764610
18624290
23318290
15718261
29857961
16720576
31495285
24418539
22208981
29605601
34694609
19422693
29479364
24252946
16640565
18832323
21983901
28656280
16899577
17609210
18418083
22970294
11807788
15917251
20010819
28777872
11429045
33545626
17551956
28536627
38419028
29236259
11241289
32543276
37237266
32779962
20419305
33292255
31199156
36058416
11883864
27535760
21451109
10679015
16120605
22428589
16275660
19609750
16914341
34974798
38173425
22193973
24453179
31534530
20130087
25741594
12144826
17543862
21252284
37400760
19845967
20417640
20083221
23564352
12186785
22033402
37068610
15731107
11082283
26026083
17943721
20506117
15297431
16517750
32593303
10864922
18981124
22609377
10996845
15190072
15743788
35835333
22993434
23699532
32875345
35941581
12695511
17827741
26796036
15769745
20118182
28653829
27156127
21379337
12855680
22301138
27253664
11600494
16603706
28056034
32290730
31926240
35693212
35721120
36309085
20215577
33398366
15099524
24488410
12415691
25242698
14617347
29991802
18844449
23719945
27142912
17650117
17895985
25865556
12021262
20727972
11846014
15179033
29095649
15870111
25712050
11668477
12810723
21402455
15280448
19657047
15315974
33010352
12355572
12556370
11205695
14691178
35547745
28906027
37378749
15718420
15280226
18339124
12667453
15188027
31748508
12488073
16046550
20876849
24412196
26323264
15826949
28972042
36853678
12202768
15855171
18451535
20571037
11903048
24349042
35833460
20133448
10945993
11101529
11717438
19198660
34038745
10926775
20228067
11751931
25993332
33749307
22227116
16077899
17011643
33781916
17096142
25543119
27396952
27306439
10951214
23836930
19225049
29569264
19778506
30004181
37566765
38047736
38570189
22841752
12417944
14724236
10816381
18676863
38327458
37632669
10840045
18518660
38141706
31409574
34179958
21829454
21374069
15496493
15377657
33753463
22734719
39142074
21991304
11971817
16107558
27746211
37341621
14625312
15251459
36481916
16513844
24936616
11711531
11161724
27421483
17657489
26375486
15150446
18457667
31307201
38229475
18855427
22240482
33436008
15132756
29190904
12101418
22028881
36442094
15561701
12370286
23269841
23390163
24975515
35412941
16507339
35551383
23988446
10967554
32770199
33917019
37270925
29288235
31885495
27507660
21653848
15194494
30254210
39039419
16103117
30291936
29344642
15383283
21414924
15713436
29298889
35563325
22447946
18218624
20010822
21734410
16815999
34165167
22495985
16531007
24845459
11960023
17699518
21881001
18211959
15541003
17428850
21710140
12446742
11495913
27133294
28235840
39267084
24618812
10869359
38037039
30206207
38014337
16529723
23077538
39062525
18474214
22134242
32331871
18022328
17046995
22209004
32448269
11259507
20382965
38186306
17548835
33818859
33147570
23376163
22883332
28372585
34294681
37063854
39162855
11439343
12774026
15800067
11105764
22149278
35446123
38599520
23553835
32117090
17060318
19829708
25108378
29620141
37494665
28478284
10770959
37450139
16597729
37108293
35878026
19766621
11495458
35289711
15131588
17626325
20008271
19377510
16289162
24058615
35184365
10993898
21987216
15735697
25415317
28565870
33933448
35467416
21064090
12018453
25723394
23938591
23599269
37726857
31429119
32856219
16428807
21994384
29738863
34446102
12663324
37616578
16319129
22178878
22000902
35293286
18717736
23688307
29454968
11132926
14509351
36056285
19874541
10652431
25873562
23049853
10892858
14598313
23246481
35924072
29956684
20812760
21981285
11318118
15731100
17660387
25481566
17356069
18850005
34026959
19887895
39082138
20180778
11676915
31205500
18006317
21843867
35299743
25940145
11455588
10625609
25675408
20804727
28904200
35406624
36647005
25154663
12912994
25223586
32252431
29698567
22459602
30991297
14699072
27117252
17942630
19509286
16290571
15887181
15922305
16379552
12706836
14534716
28050854
12468553
32895213
35186916
37202366
12632079
11172806
20338635
19633068
31978894
32463548
37970991
16569669
24311788
23075566
35210431
35364458
11694518
29055790
38468490
23818142
30428028
19823028
18455509
22468267
16185068
29556045
11357136
23487454
15048899
18617290
19170765
23298187
17087515
27287808
30980109
19931297
29121646
34841721
31281518
38558098
12874288
12431783
34620624
23034178
36634584
15297747
28400336
36777361
11292845
28799653
11997063
15537704
25946333
38685056
31540971
23392707
20204409
33089970
10723140
24626641
36411078
31250978
20706999
16432225
33095414
30119255
22451060
15574593
29286182
30129974
35398096
31298323
31536785
32926445
20170199
24167262
18272775
24681825
35208813
16950245
29632286
11292166
30957628
17287269
38553831
15289446
33147050
34080749
20163064
30696802
22974187
25092142
24984190
10799545
11389848
12611898
31521214
18000399
24606213
11093251
11536432
34847273
37721001
22761830
23447597
30845169
12861005
16103078
30520262
39172343
29930091
30659266
18294070
37951846
11238404
11509571
19995461
24853807
16737695
12496289
22218948
29980718
15907823
24586375
11094073
29465345
32827242
11375270
35470008
22223637
36569450
36314132
10967095
26722426
15728586
35249870
12672043
15159444
30421409
11278300
17448148
21162207
24321768
26825459
15223568
15817463
30474270
27891122
11964161
31994339
27028734
32496549
38271137
29458168
38872221
12874291
19046355
19087961
17268548
17680984
10854211
32391716
32404918
15899896
25100733
21840310
22623586
31136755
37392398
16617164
37885015
34100453
34158860
25856312
34277602
35260044
17439941
17617616
17711303
19453450
26102525
15898733
19696744
23737983
37153110
12414990
15304481
37490511
12496252
17507801
18395370
16319104
30637162
12228247
34097562
21976655
26183159
17569669
18596103
14707142
19188602
17971212
22825921
39285560
11022008
11299049
11842251
18758500
11812786
10840038
12693957
18214987
19502236
37123219
24269818
35717715
15385642
31913696
36560715
37098796
36698979
16278416
29878379
38077434
20104519
18093976
33739808
10985345
11740497
33515753
10946900
22904065
11199724
17093407
37534934
20097853
30124911
11707428
12358780
12927212
23825025
25883322
32600329
35866172
10890360
11741542
16720835
15936177
33037394
11133989
11134510
15358548
38384266
11410609
10953914
19012742
17900150
24970744
17828378
22020938
28971894
14623149
28262924
19140341
32626939
11811522
33869740
33680120
38942265
25385587
31991293
16310186
12021398
10674401
18032787
34431162
16627584
21734289
20043987
16527490
23170857
26721480
21498672
14722096
14660675
11404219
34523356
19358331
31742746
21689726
15572661
23975788
22345290
26944939
33522089
20011973
17671211
26278015
11395479
18618084
21994456
30934875
24464016
11777535
29654619
27038877
28051349
18464070
31692033
22593583
36643221
19019949
19322648
21424739
11339548
15572670
16581782
17325661
30348669
24218261
37944639
27334581
34273985
10848588
23095236
11577082
12808102
30076345
29867151
15277231
15089759
11270606
11095679
15471887
15579483
10976919
15829668
35369660
19194158
30638744
37268172
29942138
16782053
17148443
18222991
20841484
21728997
15280393
23026221
32887938
15914641
38293990
38084627
37823316
15047811
31960593
16598743
15632136
19903771
28741432
22084099
28288130
37705046
24627494
20451654
15871905
33556114
18470881
27793840
11840291
31575663
22159583
36894806
10604950
18982058
22990857
17635954
35436983
38977331
32791147
19809149
18086282
22039910
23554170
33509926
25581503
16226102
25815455
37813646
22380942
26115868
26632510
18947868
19469181
24308965
29100426
38722330
15377997
25835259
10882744
33486931
25516596
16289097
11861760
23235478
15705737
24357890
21826647
20943988
11745260
33085133
12191519
34421306
18467629
21849434
34172998
15878868
24128342
25748048
18233995
20629186
31919621
27258422
18404558
21698289
33640021
12114193
26638129
21042744
15576940
16116448
20668692
26036951
34805117
10722740
17124532
22327006
24626299
20519631
22640015
21453680
36963174
25823874
32201403
33151463
32388635
21885850
34578435
22995575
16113652
29533670
35442233
23171055
26475531
34514861
34405537
17567751
32064160
28445691
18701462
18694814
21187075
23482567
38663879
37980562
16472776
35524319
32643295
31866294
28019668
34881219
11564743
20184800
23095750
18384820
20964796
31872963
29128334
15145453
15664992
18199646
11795950
22090436
11821392
26813975
21667044
11733938
11207365
12601177
12874386
27211346
28497370
36648447
27422628
32146264
14506233
10984196
20159448
15037622
37525479
25955346
27763659
22307680
32470978
25461618
36776972
37545538
19464721
24065533
36092909
11274057
16212425
20803547
35947965
28039489
32227589
10772813
15387139
16361113
20943965
12775719
38617926
30728082
29689199
15574332
16864001
31316183
16279939
33149677
26745805
32293515
35382168
39232362
20439915
15530853
10712589
15247216
12008115
39070294
10793144
38010958
31334597
32650003
23416296
25500701
35565466
38740110
10828987
18299274
18164686
12019261
20199942
27726026
31390869
15517779
35413941
38542224
38709242
21472564
28628235
37759328
32024555
33624591
17852808
31906441
17389500
14596914
11567030
12083779
16159387
12039038
24743511
21389054
31159502
32477319
37437887
15220331
22544055
23345513
16408303
23583403
21777508
23963841
27903911
34404439
32371523
11803461
27451255
25698500
23666597
33745924
21036241
22577345
21354306
15107420
11553298
19840220
19324885
11044752
31794640
25650626
18762159
29030113
19158250
32560811
12210730
34842180
33121524
22048771
34165716
11279112
33222991
12917425
22099306
17576823
20581439
22139131
25829446
18757404
17962194
38004809
12404122
15044590
35026348
31729428
35994229
36659917
10737898
21255016
22771849
38517478
12392564
21616089
34689175
19636588
21084623
38147206
20213245
23648706
11799197
12960347
30636447
18852162
15240893
23924631
33939247
11826398
36124691
22449007
38757985
16158060
16806532
35681168
34748613
16162648
22826231
28059467
18523553
29799751
16431922
39202352
17647204
17070839
33583186
17234746
16434402
21746865
29968377
37381102
34258522
11121462
27452731
28492973
22159077
31364054
17483319
26515070
33166928
34921120
33735118
24401680
16622186
12882828
38760723
18070606
10835427
10906177
17012378
28730495
28495886
15031534
12695850
20092705
34657752
16055201
18452403
19666499
35193567
12672691
14596611
17072909
25884615
25120748
11818231
16487933
19450252
14630916
15471899
15629144
23671186
28472155
31013713
35960313
29436687
15105428
38455756
21658585
25315188
11877390
26162078
15308744
21632469
25684354
12808044
28230851
14671108
11154276
11971955
11358333
18815136
35445786
32140073
36735291
15249135
15843522
31319849
19528490
36056033
33230319
15174097
25186968
37951199
17392525
33801554
17224799
20053634
16682002
17103222
20231285
38713739
26082914
18467502
32804146
15479734
23943801
15968425
22166006
17464863
24498912
31280647
35277503
35551177
28127352
27430900
12691263
22827336
15672454
36691031
18682536
12606711
10864819
32194606
23801788
23301619
24581439
23203804
12569082
15653685
17967870
20430099
11752009
18946766
27220846
12949248
31228625
15590898
18716219
25737955
30814489
12297494
15956556
12606074
30789994
29098549
11748628
39219187
37656756
18635920
34095117
30143658
20647321
21741389
29110486
32304763
19918124
17977970
23613863
22952906
15838333
21862608
19209902
33760168
38197667
26927806
17581865
21909261
18563714
29966662
30902979
10921915
18789391
17022104
16206243
16193513
17316081
12145319
35657460
15147268
24244891
17656373
25514931
15011833
35070079
15175341
17451356
38561330
16735024
11206583
12437126
21683475
32619611
30246279
11276964
12106908
18633336
20169165
28803967
30792381
11713224
20448481
23267795
26923628
25253444
29269308
33420900
21244760
22303479
39010825
28586054
37398326
12828340
21957872
12391234
36752655
23344955
34056606
33936135
11798182
27107937
14616748
15965467
10861283
18157660
35502657
22222598
24006058
12383251
11602573
12959981
26116888
17692806
20460519
29348628
20841379
39030964
22886408
19898563
35903698
16025302
15785208
14871535
27780225
15930129
15531716
17885204
11078729
12898327
17287351
17846866
15489508
35551614
22411990
36139053
12771992
11149895
15325264
26492085
34968160
28970065
25113441
19858186
21143209
17159137
18059182
23541579
25492863
28027486
15837820
31694585
12393559
32976115
11535600
11134024
12637324
15084593
24113282
29112934
38852653
11238452
30571927
36426627
29140163
31975032
28255880
17289006
11319607
32914356
25934938
11021396
29358188
16109713
20522648
38700016
36715861
34409556
32545174
12855592
34976440
34502121
11717345
24594013
19553675
32708676
38714753
30453916
23640898
10939406
38622668
39147828
35435130
33238281
11448948
36793126
30007960
27734397
23498733
32015004
11161705
25992961
26272921
12496264
10861472
23644164
19553659
19882132
12588875
16275349
38851105
19470767
38676806
24305829
37595491
12589063
25353064
35571493
12228731
27524241
15632201
11598089
15182196
19043528
26977009
15980415
14988024
15344909
15814787
18311185
25514416
21387140
36103059
35880619
30728036
25308487
36965110
35671810
24696416
31966365
20133598
36087344
34198070
15531760
30483734
30389700
32425595
33962804
32703306
30803931
15466468
21177766
12890735
15785774
35563834
32690610
36434360
14722127
19222995
37539185
37243602
17728244
11194941
18219275
32833503
23825107
16262633
21750188
11901158
26464623
33240434
35422814
37935323
23796242
35820905
33052227
38850810
12751328
14557257
22869152
17406983
38297223
33779029
26796253
12654005
29576710
17683050
29758025
12137564
17133547
12512042
38039102
10948117
17670980
20188077
37363319
16582010
36672820
12429541
15695815
35920787
24825892
21708946
12807916
31088855
37816258
17129978
27820671
19440386
33622361
10938122
11726507
16332679
35183508
15539487
11070492
16618412
20934406
15257302
23440193
30770557
25093616
25204544
25418885
21620140
14681679
31168823
31918914
13680161
22762361
27060432
29243438
12202398
26335106
12054691
35700092
25591542
34960686
21468549
18692240
16308571
12815060
37622283
21895628
36213440
38315745
38319136
22021931
35102488
23894539
19910675
21734034
25975782
27787902
22956767
37595393
36313857
12911311
32945076
31115486
38280430
19808694
33179439
30703420
15226396
17710403
37187948
27765770
19291793
28973887
17662260
38038745
15735720
38822203
11737864
20185584
12486118
23894648
18304522
33283885
17083569
22210847
20942002
34189564
11337493
23055259
11278595
12221110
19332876
15365619
23355722
30142544
33259864
34265512
34787052
25918225
37492967
39198847
11590237
17315157
17989514
16395585
19659462
34859815
15492314
10967138
28854257
21748597
18945763
22993420
11298327
28882890
26119931
11313875
18434399
26701181
14507886
22566700
34291416
17009022
14695343
25880082
27930699
22916032
34865263
35149839
10838162
11027571
23152593
11527971
19028678
32278838
19401332
18648652
33504879
11691925
14970230
35933226
16705748
35526051
17210948
19121997
18768662
23443897
16814758
12679867
39002880
12089345
36503048
19085115
16082226
32678822
11162630
38761356
34963405
20715155
26372689
16984913
17555042
30120325
36446940
36458690
19498420
16473883
19255512
12692226
34580724
16039562
15161931
19223470
26826312
26425665
35579257
15922723
24453362
16597624
32720371
32160108
17683071
34872282
33929989
12079283
30092116
18514536
33189700
21051541
15769467
36553667
11289114
21483829
26630542
21543739
25422262
33442269
27927008
33318468
11875080
19135528
30594782
30578283
26432781
25151986
32392404
28667603
30242723
10644974
38153196
19686046
18989785
27129256
20602465
27698859
22033329
26231703
28193828
30232860
30201328
33292236
35536557
16027249
17003110
18460336
22889276
19641186
22410551
12650714
26866564
33664770
19185576
10634621
21115500
22652908
17331201
32104001
24466349
14624373
16182377
17050776
15785207
34282338
19951295
22037496
12403669
27732637
19914603
18664580
11101153
19835916
16203130
21625546
25902914
30922965
15701573
16613858
17254016
11550482
11825870
23035126
37814340
29941173
10682831
23151904
20863409
32945481
27428284
20488185
34337910
37957490
34569407
33536026
39267782
11483513
37302028
10938105
12782152
33088201
23341456
35712699
11380623
12972561
26291711
38707707
30320499
14623887
35061935
17403676
11487273
16434848
25639047
33053230
26317190
38444939
26690411
11214172
12576487
14581563
19943616
16356860
23016931
22118282
22941630
23292912
18724031
26765243
37827203
34284545
17552912
12172026
23923576
34039990
21908789
29226127
31101875
36932468
34174877
15849364
38575112
37576499
26899250
17628207
30694702
33424243
36510386
11590243
17426712
22065776
31271355
27434509
15448154
32873725
28653316
17717137
21084857
22426537
16086037
25281768
27729423
29753984
36482505
15650393
18422742
21931730
32186749
38546037
34715144
11394908
12944478
17332755
26813358
28603065
29739907
18179820
21359809
27872311
21769918
28078579
30952009
11843178
36139647
20155810
27471821
10753915
22427951
25271147
25978317
28032533
22308310
10606667
15972814
19663814
11439088
16857343
23022657
30355697
34460347
37859823
10799570
25711150
12667451
18428504
22146883
19959473
37817319
35781593
18268350
22535539
28232389
15369763
19144827
37353175
17443675
11173999
39145876
24810714
38497494
24564979
27495374
22562126
31040242
37035757
16511572
20675468
37354568
17182770
24753406
38860522
34767243
16751186
17585564
29102121
24705881
28004105
19656263
27180173
15617734
15467733
22925536
26399924
25533207
15879432
33542078
18455940
26196244
22611128
20375183
31545267
38376663
18985862
15671248
35593274
12031485
29617677
35496076
25104045
29334120
15013773
33431817
21156963
32164050
27238228
37306572
25870246
37866478
15983368
15798097
10934475
18503031
34599505
23871111
11038177
28539383
38073074
24860558
33293461
19457994
31213460
16933028
20810659
27698494
11217390
10729341
17437040
39038386
26837315
18305033
35964060
15687492
17786354
22063271
15546860
37482689
31787761
25084349
24205035
24379360
23069675
33387462
12006668
12604635
17620333
19369418
20007706
26039237
12060652
19764773
24277838
16368546
37271807
22363785
33894415
17356065
29218499
20962080
11245593
15745965
30719640
12646231
16094827
18676636
33837090
12972506
18092360
19273060
10873601
30012097
29432774
30924604
19167480
32193251
19162047
34449897
29130214
32497496
14642571
21547725
25451935
10925297
16514499
16957585
37823217
36845952
35694398
15268862
16581801
36173190
12859233
24077390
37436700
24396996
19171923
21829624
20852261
18193157
11237605
27761169
22006325
12736332
11094070
26915330
16189006
11675380
27332895
19422801
11194475
33215214
23415954
17628813
20651236
37747202
16964381
21730291
15356057
15044604
17141202
34090459
26905414
11205743
25204654
12064589
38018683
32926734
38940303
14688258
10915759
34107348
10898789
12186863
16684964
15781113
25681686
17438553
12724329
10716992
37529164
36643863
38640973
35399327
31604529
14762142
16186112
31493872
30965208
27228351
20129840
36298834
29579298
17314165
33590815
35622213
20029031
33038921
12063172
10947949
16169854
17418025
26703212
38871140
15358832
33144214
11950936
26265046
12869571
15489929
17302912
34124371
38424547
25675300
10716351
32393760
25126989
36583018
17620967
31235686
11165476
11141335
26420421
20064929
28238724
32203216
35917404
19812063
11448946
25828882
20947505
32193348
33193707
10642496
16091426
19403854
22069310
24316714
24922661
32732889
35598826
38226837
15761036
21034746
31873880
38740775
18715017
23818580
15111623
24548880
12964821
26916822
17254796
33035582
32735630
21531723
22674419
33257655
15994332
26344721
11118023
16762451
20402667
26479872
27103402
17071406
10842167
16219545
19934218
15545264
15646632
20439735
15749337
22323537
28366632
28918945
21438886
26263374
11450496
19390771
21245317
24218166
28228555
31576759
26673324
10929060
10908663
23200468
24608604
31475148
26510816
26176741
38301907
20601114
33345719
35552087
28191886
15773901
21340954
20702650
20802461
15135068
22216197
12037682
14581478
16496041
28743627
15136221
23638794
29929043
33428668
17981992
33470616
23117887
37797401
27080913
38395904
15308566
31121933
34728806
15242618
29532881
38678020
12270925
15196915
16084495
26165841
20550194
35307777
15525676
17114444
26713364
15483135
15223796
32726517
37437931
32476381
18490444
11929865
25402278
37195900
12850474
17696174
31720320
10769183
20627102
32477353
34981577
16103111
23520163
17172358
20504930
16126177
26343497
20101206
26214583
33864025
15572679
11916965
16510718
29557737
11473124
22051847
30581279
37295480
25204891
38553795
17907186
21597245
17971907
17553794
14973170
37272703
21873423
25355874
15126504
17974582
35603214
18245468
15361298
21964756
25377770
12430183
20694673
10886572
37155866
11319752
35110540
16463386
37035231
16248985
29031721
26898479
29417297
36863646
21524684
16210135
19966799
21466165
18594118
26297240
23636822
26557056
26143491
35239092
37703176
10648616
29317496
38106013
17179467
11238401
15937220
37715489
32705827
33184450
17577209
32271422
34171369
18823943
16179343
15109270
22589722
26337292
10775509
22406447
33121268
16567366
17491594
33024135
20179140
35521373
25748165
35868557
38187191
19451227
28732828
24190887
15187273
23530232
11779801
18591259
19100190
39190359
28061540
11828503
22447934
35923244
33082354
31439591
28271214
12606335
22710192
19762288
27595783
25847972
26426123
22447592
12824281
15056665
12151339
31012976
37046655
24887264
11246544
36649893
34344450
35220895
16014039
31156159
29420220
10636906
15078888
31725986
17150372
17446234
23637705
17050787
20643654
24684931
12639963
18984676
11162571
18492705
24913805
16878022
18923057
26139098
27207668
11972058
14978235
15481965
30307032
35699595
26050965
37223470
30268986
33726754
22683568
12798796
26525549
35704505
16754514
15781218
19914915
11389978
19844162
21914638
35598740
10838169
30585270
31763849
36185217
19673475
16126725
18413234
11773005
23606331
19933330
28382504
29545340
20606299
31562297
33628204
31978385
32463725
35394554
15225788
21917720
29507620
38328147
33648539
16769655
33947326
10931842
17897939
19084407
32107289
34986198
15044465
24907396
29928062
37860696
33671073
22829933
30675347
31637712
39206905
37834326
31544976
32213542
36164819
19451655
16473612
10887121
12676094
25753416
14623409
28768864
27673746
11348596
37670963
24036114
21674238
12064290
10838070
24321043
24324176
33839112
25007342
32098816
10735367
19196994
15247342
19141438
32186153
16484227
36789685
14583623
26233549
20175751
22345406
37767708
11940579
28655585
21534960
21454689
20646067
15374953
37202473
19413737
21666212
30892937
18160719
33193312
33864110
21967847
20332299
20700448
36817491
17640276
35796957
18492746
25811392
15383613
26980779
38872483
34407050
33351694
12070151
16767790
17229837
35386675
10747997
32484698
23840886
33504946
15822902
16117831
28223335
17327227
17468234
21668537
26312837
24118377
10817676
37220152
21695170
37628921
12059963
25997448
14618241
16682016
11827966
27888535
18533687
24935484
12134079
28733330
15657940
29779213
37300450
15944226
21629776
22458687
12775584
23274393
37873881
11313948
23904616
15940262
11477105
32721391
15809149
16098201
23627732
12093179
34225054
38331312
39121974
18397962
15767585
34580386
20141511
23796563
33995105
16144872
15051805
22539482
24572280
23479453
21572409
10850489
36281857
25789613
30092282
18710416
11024045
38968870
38609156
24285542
33586710
31758732
10821685
12505880
10945626
12919736
21698267
11207570
17596272
22023334
16222711
16094620
31068419
15510216
19798772
37759533
23231684
25152236
28717224
18936160
29746765
16713971
11095697
12244113
11716503
32866784
16527552
19487072
32306316
24073240
10856522
30915602
15364949
31574507
33025330
32338281
11163436
38324733
19396898
31907031
29241198
11233393
22399302
11168380
21457058
37779176
31235685
35904175
27463643
25330313
16260615
37605615
20428767
33023892
16920299
18790871
20368691
34061953
20882997
28624225
11934672
31849486
26205961
15228540
20945414
21544813
35148667
10880835
14579416
21778267
21453705
19140803
28925077
18172316
20801642
14507422
12471618
23282062
36041631
16547231
18316082
39174882
23184057
38783988
27622505
11517225
20942060
16077174
32373215
34349350
20861318
15261826
28974658
10767327
14718531
10921872
16331266
34226522
22812543
20092282
18462820
36461944
38176298
15198671
15276495
12361959
27808000
14605438
11592988
26734725
16307115
12388642
24842180
27992601
22772166
31027344
33763107
24885082
15138274
26198145
34085242
37860271
15486565
10640280
15265687
18182252
11578770
21055733
17088979
18161990
31993060
32229687
38940233
12960420
38666079
35918573
25190803
28612264
29332578
21421380
34335751
35610614
12923199
21548585
24775712
22285069
11535119
18853184
25839115
35238167
12421915
26447507
15569944
31704351
19648609
21900687
38424293
16307479
22561691
37550764
12668730
21460247
34912856
11859087
21329653
17074835
10788320
10723068
10804197
11380683
28985225
17150237
14960582
28277897
36943051
11139403
37329754
15187266
12496355
12744721
15930267
15187115
37244037
36635672
12538602
21692774
19357962
15495791
23015698
19307055
18428641
25640014
29465313
23106098
16648468
27256024
33156518
18715677
12672817
11122379
19623258
17349975
19762800
30658864
24223770
32060375
32682010
33933533
11577102
18178731
23224238
35269880
20629747
31128106
36747642
25201248
37966490
10747909
16127743
10859298
21858180
35811570
24046294
36468256
18216124
19285950
20340160
16574991
17121043
11259578
33877621
16220196
12874275
27771715
17123299
14625290
22215661
30320758
38906341
16397188
22672539
25550937
27508018
19913425
31955522
10704441
38735270
19289469
23580777
19131967
25941315
25049230
35797800
17785460
11581273
23785420
30917935
18316368
22630171
27058417
16359327
23313319
23408028
34713388
35361697
37056925
20074687
38591519
20138036
10809776
12840506
18224450
21723926
11509693
25658109
15644321
11384738
18094183
16099448
17512459
31223051
18265083
11694516
37398028
24825429
35404085
24364877
19670443
27029735
35478269
12842894
23877618
37480689
27221498
24272884
30089857
12832480
11724779
24980722
30580328
25423885
11747608
11409918
29660901
11432731
30982496
34278448
16602018
21730059
34425375
35170009
21799745
22422064
17449140
19224398
12897141
33640610
33844468
10849422
14999017
25896910
24002299
28645898
36632222
17022973
24081491
33962630
22294747
30654511
19557502
22316483
23129811
26538117
16569639
16879932
25560391
20818423
11941315
19554257
36185575
11018689
20522586
16033079
20736927
20576602
35704690
26424612
37866243
16116205
23484855
11329369
16287128
29018350
15707573
32686212
28423672
22885304
35171481
21421812
12471060
10996383
21431713
28688762
28891100
17093059
12692302
24002901
38796965
25197831
31414210
22403409
25841995
18452184
32821119
18221766
34903127
17996891
22752506
23637395
25610812
25572398
27824130
10986289
19539383
21320289
22266186
32168891
15572127
15138559
16631103
21632490
28684273
15056461
37349576
35150808
24548444
19006796
21703543
34681187
38468925
15734730
31918003
18552200
18195004
20347808
17991494
18579798
20139087
26411902
27548200
11238893
12750365
25546576
30077802
10907698
31073561
11148217
12482878
12575378
15860008
11278794
23407966
26064897
16356927
15837786
10663218
19555349
24528925
26331679
12853458
35038545
38314665
10807115
36644234
24960694
11401481
11918273
30829321
33744849
20622020
12126636
15987811
15616186
12493737
20393505
11115553
17314169
25127559
23285236
36002430
20111867
29277556
22711498
20661217
23595760
16301320
24763381
17911601
20164181
10926927
36382223
22767500
26512936
36611868
16439355
11724572
35923105
21880930
12060600
19732766
18632730
16135750
28734243
36537182
26163108
21870260
23625538
24393131
15737484
21703184
36873735
24279756
20179208
34858983
28535625
19758986
36047068
16973618
22013488
25426956
30526504
27514536
29703234
11504724
19244213
21714070
22843992
22442090
36789166
15150271
15799971
25120613
25031336
30045972
30563862
32336754
34659518
21149639
22976300
25555585
31640815
18476348
15572697
24466319
37395213
21632541
12006647
12377759
25007873
20067569
31816150
21186266
26417042
37738929
12927788
34635636
12802285
23818590
23958864
15958724
24050918
37703787
19440036
11024017
31806375
22875246
20142818
17387721
31861546
22212488
33091625
20564225
24324549
19465068
25450400
26554447
14695312
35612748
38454413
31171813
33053528
21191027
33249762
36976920
16940053
15037620
17122143
12646189
23024366
38735135
19287488
29472245
36244911
20847183
21813709
25697841
33340249
26761793
24304693
12820434
29032234
12189152
17587138
29957206
31933798
18243769
23894390
14555293
19326440
34980181
16291231
18410482
32376130
16954375
28677124
33306680
37183512
11021931
32802177
36409110
31443665
33664242
24454883
19889638
32765503
12592100
26506418
18512796
29952285
11134004
36583231
29699512
22871131
15258753
19129469
18211905
23677929
29290796
20413885
17525175
33504601
33242503
17376963
11704660
15689499
12065613
38420829
38037531
28285347
19379743
19362549
21802389
22039052
25023280
25576824
20861270
25609841
19299621
11826305
30266754
37781923
21806988
32633323
16025146
12068310
12654237
12850460
35129074
25944616
15048081
17132173
18662698
38163978
33262293
26134560
12021270
17823119
26900328
10762642
15994300
17459524
19277847
19156517
12475945
19457061
10792570
37244630
18044718
15994944
27387591
15962307
27611435
20206335
11356202
36675839
19651773
26974140
10630727
11796524
28656802
29604191
27165521
26520119
28924044
21199876
17081193
16983076
33594305
11979043
19448668
17493758
22106343
19602484
33763418
35661479
16606358
12049630
11801603
18473389
19105951
17336297
29735542
15028735
20174559
22344261
12738781
18194670
22328140
25568186
25834064
26453325
20015976
19073600
20949042
17056546
21299413
29773901
15466867
17499203
12928483
18718449
39122166
29317219
37322413
18722528
32470500
17376778
20464139
18005238
32457903
28500133
25446122
11456497
15814612
23436561
37477898
23459660
27177228
15479796
17130123
11425851
16105984
12372828
23223306
22036300
31125081
15787096
20699221
20644732
23056551
15695373
12055184
15556934
31078377
37318582
37985379
31851938
11986310
11581254
33274645
12237860
33993194
21691059
27916754
15950189
16740986
23274111
25392190
23280477
25322953
15024025
24694076
25636738
38532349
32991689
11602639
19246637
17481575
22099304
11069764
15854913
15916759
12032833
12624094
16373600
19103149
22401593
21646511
23401660
10993727
11208059
17348042
20831598
16955467
27492456
29716651
20962217
31408432
35137065
24078923
15837792
11262395
28392507
39182194
30822352
38861275
16778376
11554782
32982457
34047468
27716849
25483308
22043172
35603953
38500512
17085647
25482131
26377794
31397499
20102335
37415737
11723127
32729955
22493508
37864411
26396531
20417716
25027767
26889602
27468942
29088796
31895934
38382806
32955094
12147616
17652388
15385961
12407450
11802776
17046694
16410555
35867069
16210473
30744416
22183894
36935520
37962862
28916724
17548579
33897879
19786618
23874961
22914328
37578715
12393188
26880274
16461562
14638681
20876211
11934890
29145196
25403325
18184462
10854322
11758975
20693398
21235286
23509302
15899124
27257873
31981388
34327325
26054767
36064550
17948262
14665715
22544935
39165480
25155585
35105170
17303383
37686400
20881009
22659290
28860555
19391151
33136445
31433693
16024155
25820252
18950712
19558453
34461896
26031447
18653714
23431368
36862282
18573821
16914489
24838188
21907281
16545942
23102813
32950589
34036396
25101113
32497020
26415754
31922888
15929661
32033557
37869777
10772978
18464797
30413564
38421809
17922644
15647380
18550535
15329337
22485913
12033942
10699584
27207290
29961254
11668067
18065690
31532912
32961346
36247254
39162432
11590142
19439179
23479127
35324519
31128486
11420253
18375934
11264374
16287839
26224459
12414733
31796567
19955312
18524853
31035650
17785960
20410441
22205278
14594798
15378022
28500640
35353673
19217835
21779400
28212891
23499907
11343802
35114616
21876633
23974097
21212317
23059823
15171688
22278434
11849864
22911572
38627816
10952413
36574218
37358838
20460517
11912208
37354975
37006876
11331871
11950934
12152651
21346153
18514553
16701207
33531387
37929030
20360535
32059483
23868406
32258030
16763025
35341378
15094054
19571580
37081317
24631505
24161943
35705923
18462066
11487581
22267726
22178872
34462830
33129882
23907491
33604343
29037123
16338357
29686135
12372618
31863664
31177095
15972957
34135616
15086793
29032202
28536622
35165175
12356282
18256156
12614164
23637414
17638734
20145246
15843559
31338083
19318234
25148511
36328251
37365917
33413360
26148240
10636847
31974161
22833128
19437879
12770839
37235908
35059772
17447729
23241409
18228382
38696123
18201830
18819112
28673966
36146851
23832742
38977232
37796115
17369818
16109716
29468562
15277523
17095503
19654002
16247852
16288712
11779499
28009989
20715989
23318956
35850264
38520208
11707417
19838189
38229092
18387968
23708057
15901736
28464239
20656938
31744522
10801818
38077388
36935047
15303969
12065626
26497569
31406252
37670323
23263869
30449594
11801566
30180843
12011072
21572106
15350211
11867645
19649286
21130714
32796083
12495932
36267874
38965582
38364467
17101137
38749754
10857482
11298323
26823013
23841933
38551160
21403953
16251197
23437850
33991457
24398258
34096368
27015936
15054092
14706848
20658517
10951567
17030433
33677602
28591735
28625921
20607863
20419404
15039356
28787457
31202817
12857746
17039281
18079116
38979761
22952710
28209599
21907836
15308631
26858137
17760996
22363674
35038178
33652176
17406284
25789468
18066053
38761355
12594214
22354969
21467180
34254281
16768463
10612755
23769829
12414535
18266764
11161700
15150250
36096767
39059605
11024172
18426797
24637783
36434577
26695369
31783991
18819936
29868092
11027164
24792867
27412325
28539655
30121389
38000607
12084015
24072693
14622912
36445333
26283571
35891438
12773567
11181053
12167624
14510802
30992170
36056393
18228325
35510332
38358895
17868638
37990321
24158820
34942147
22536198
15963784
20493242
20335315
37532687
21207081
37348798
19386796
39143552
34085235
21881607
17448016
23962128
34539883
19474093
25910794
14517304
26662183
10823831
23018488
18261724
21653829
22768239
30191630
19176801
32098834
24807818
22125060
22592531
34080639
26175513
32074004
35679330
19523927
18187190
14611806
33639150
35892859
21809413
23246564
25649192
17965022
35987808
30902983
19499338
19289500
15647386
15734736
26092999
37992301
18430226
12740370
11782573
18971445
22777358
38028435
11929971
38763996
35163387
26222427
25886572
29030839
31565481
38564920
19884578
36995683
12647787
12400013
19205432
35242855
39122078
24587252
32413244
17601822
18202186
20585455
34024027
21514160
31513587
14624009
24184352
28490497
17709506
25590348
31180533
20299424
19304660
18413143
37203562
16000877
18676158
20018251
19773546
25319895
29654371
32659307
12271134
36472361
37722715
10681512
26241086
32345744
20877896
14766207
16786193
22277672
31824170
32603491
28952053
30065627
21761349
38398086
33398378
16919678
12167630
10652434
16962287
25673703
30807699
16984900
21918864
11179810
12192891
23977167
28137883
28073380
11606076
30686901
14569598
32141264
35721485
19383900
24292673
20859253
33902609
36130284
20075068
15456832
24475181
17351640
31666519
32526245
38298430
15004330
34059646
37026504
11756483
23828406
23449501
19887447
10659050
25193658
32867711
33493586
25072297
33279973
34245780
28353241
38246107
38092323
16709602
19711352
34364288
22529101
24901704
21321982
30980801
11507219
17590016
26030178
21093932
12810568
29278704
12138090
31699119
15911347
39090353
10762086
21668738
24328140
20372054
30790506
37400439
25600833
11207268
18672031
22025622
23359676
39116132
27655020
12809591
11444800
21343285
22085770
31380844
18997794
27397670
24462772
11179484
24717576
24387255
17049739
17287294
25274773
28167453
34803506
38124441
15988069
26965827
14623899
34595066
38304778
15333638
26024477
28188530
30761473
37633595
12384575
16438844
18022799
16480812
12646553
26075587
16980963
21455311
23108103
17065208
25627895
11076813
29435116
14511691
15251441
18541383
19634764
32442363
19844237
33528807
15800180
16129683
29474354
10925145
20880836
37741434
22174419
34153159
34913494
11724783
33603479
16095908
21600873
25038242
27470364
15944153
22992378
15215244
23743303
27064408
21697950
24269813
12724400
26221070
21378977
35093590
34617574
20548297
26525739
23373526
16007209
38027859
38887185
35008187
36913084
16177091
18395096
30151355
15386373
23778934
33235466
33649850
33811031
20427760
28159892
14982957
22355408
19761753
37270643
17286910
34802252
29659066
16899113
14688326
29151270
30426384
35591837
29264795
11277690
21305609
28700668
21486949
21824142
37823597
16172760
24530475
15369741
17971291
12840550
34390268
20876239
36416097
10913111
34943264
37293270
18476959
25778742
22073128
24067658
17466273
18261457
27574129
29031718
35477097
18651223
18515798
39100843
37910396
37865722
35415239
16738141
19122103
32911706
19458937
26514586
32665011
25527505
22038627
16314508
17460694
20960132
37414911
37577705
36161661
28278502
24554435
23300340
38265972
28667615
38513124
38311675
36642058
12524424
38878656
29296828
36573325
36227684
11062058
34657150
15144954
26958999
21645528
32537916
11509178
24011916
23869088
24062572
23475997
24960693
31762411
12921996
22552441
35282088
21278893
14657016
28704165
31304776
17693613
20980075
12037680
11604499
30795865
19881549
16981995
22829926
18544348
30201391
29523594
23318930
22907753
20497923
10652444
16023600
16339507
20147045
38018594
11014890
22451910
38853755
25906147
11151091
19134112
11127200
15950244
18031603
31493517
36988488
25305082
38702967
19945749
21567717
24265316
24769899
11133946
12397033
27560372
37364634
18381894
22960659
11069761
27930836
28575699
12900424
18250314
33436563
22130548
37171262
20865800
37005781
25446526
18342633
34001137
29938552
32699532
38753249
36306116
11344299
15480783
18215144
11602246
26893103
14980502
12426371
31409387
23817550
10903798
27883084
33128918
28994032
39039796
22883338
10970883
15246280
17218309
24563533
12719415
17081611
29888876
16087681
16498633
34869336
20068165
19649312
16684561
21123552
16434395
32106380
26857689
19211836
11774257
20427537
30367664
11266467
12498690
24079818
26980730
18646256
32500475
35599886
37531989
29439116
21914552
10639596
24011356
30611716
31870368
34326684
12667464
30134227
29460831
23509141
17669426
12861006
31318685
34202438
17366626
35226996
16507574
21659516
24495352
27222809
33737083
18089836
35791460
19270291
34911561
10954711
35338543
30053369
32614949
14517069
37637123
22982065
12210724
18847488
22120110
36961378
14985303
19795443
21730140
30627376
20956562
25464849
34262463
35474482
30692520
20969840
18429074
33995662
12729730
15917470
20663915
24096003
33569043
24428916
28253970
26271983
15184380
20816793
16951053
34009613
35771419
35220409
15375530
25341622
31281508
21460040
17673464
21704603
12684395
31760589
12138085
21228327
39054546
16478466
23606741
11544260
19996286
27515071
34858377
36457296
17626739
16227241
24198377
22337110
35421363
25063862
11739721
27986909
32089062
17237228
12003637
15631895
10738224
23475749
33099479
20649583
15967111
33417976
33386492
37187949
33023331
39232183
11950950
15611236
34256488
11121415
24861485
21167129
27666823
19404962
10982791
16041319
28259870
21317046
10950948
21147923
26452219
19101612
11222913
16172130
15090616
35708784
29043108
12829703
18755746
18842830
38407689
27531658
34123781
30082909
20133435
35217690
20714879
11356191
29463199
18818083
11572868
27635664
17287261
15857835
16338398
25637460
34110646
15743767
12376752
17510053
11929972
32141435
17604020
19861416
18355897
15564586
30107089
24878716
35121302
37688345
14637022
23275536
29656185
16582105
24742676
11312671
35545249
15863362
34803496
28594751
15601845
23762333
19340014
35079927
36705046
12525172
18459963
22375794
11810036
34974060
12681510
17011518
11934598
15317815
19247927
34223709
26707780
12235151
17212775
18973475
15572695
11328805
23079343
30427554
36301341
36211384
32694946
20113313
38725372
11238909
14672716
16131493
12716905
18803608
20573985
30983867
25444552
15942873
10674571
38561786
33506579
18162579
27246912
10753914
34183120
26913023
32582973
25123628
31017655
11194726
35069872
33783986
15522878
28539447
37107587
30543984
34671275
21787756
23383264
37434681
22735594
34175479
32937668
34858787
15637080
35699794
39041323
12820923
19955704
33061434
34138410
15485874
23455476
20123702
23929111
22997067
16113074
32060899
33506516
12356873
37596893
31308068
39248263
32575925
15763134
20161788
33425778
29125601
12591939
22301784
18515755
18312651
12021103
20212113
18031698
11994281
19440376
26472088
29907098
35661704
38967832
22442149
15187083
32964398
35704194
17355969
24265228
33329722
17084643
24204963
19225880
35833665
19592499
23345393
38358372
15094067
37493583
17124506
24275199
34265832
37340443
20727123
11713253
15242802
27170573
34419568
11533253
24755989
20167810
34423131
14580675
16815846
14570880
16046479
26772903
38045047
22885736
26505215
14716295
12878722
11843137
12950931
18952597
32453814
12920121
23236533
24470977
28634192
11400346
31849836
12824529
20970104
35356205
23946796
17298946
33023227
12899323
35273517
27760404
28446668
35614853
36973740
32021240
15608662
21566117
22004453
33436541
17671677
35743220
32761139
34745438
19815002
12874224
11707452
26516927
18922800
19285490
23208094
11864971
16198329
33726807
18599621
15485682
23894056
11463746
21220918
34657447
20725905
33450101
11110790
17063483
17182072
17074758
27054165
26750751
26796243
35841528
11229471
20222723
20660561
34403662
24422448
36016369
25204354
19171904
11849295
22216214
25972542
35843442
10856791
15380484
28467046
23677470
17891140
23756157
12130830
32025217
30025088
10953047
11598172
24424325
12473666
32189389
33168911
12554664
15795233
33968176
11713222
15824104
27047390
16762324
17069946
23738689
31375595
27966446
30289547
36074246
28877884
36124413
38985764
12239156
24144192
38731819
29101126
32931453
10684267
20942006
26201126
21874017
15013634
16539694
18325335
22457071
21252392
26412238
20333651
32024300
15383331
21983014
38742050
18255193
23071553
11522829
39122223
12813048
38744191
16504556
31909537
23049684
12456365
23840815
15507112
28334913
11590242
21408150
24698155
10777539
12459277
36424467
16126407
16326701
11329465
29361849
10669747
11556408
30679159
12676566
19918948
37334762
12508683
15967783
35331286
12237112
18948291
26104761
12364325
11133992
16934223
34532094
11208920
18184780
30967276
33898105
22989919
25670924
23823647
33858325
21051505
16137858
17313482
20660228
21746791
26292322
11382764
27069569
31170091
39276627
36101325
17446862
14527953
12482583
11112778
11976432
29885866
26794251
23051702
25281640
36698975
27458251
36579465
34626117
23174265
15814896
10944114
34458149
22496373
32045367
17983582
12522133
26353761
12058047
24865609
15867094
16917945
36934971
31597093
36263072
23104348
33649796
12788633
12100475
16941073
19717842
18801743
22683310
27923879
30948266
18819930
19563513
34120710
16357103
31930728
38857696
11283290
11953430
20345489
22442688
15713751
31997080
25645447
32792503
15044589
12481433
23563180
20854925
25182769
35778755
15618021
38753710
12147258
33266502
38069335
23153584
12123716
35129423
19838190
36042481
12324450
22355340
15653693
12351637
32081664
10657432
12183666
34532282
34007185
23128250
31819513
15182669
25038252
28414172
36348379
38009649
23554574
22987307
15701637
29786565
16018215
23335796
24387844
32801337
35186915
11028763
37610587
11756196
15161928
15277479
22539345
30045014
37477820
12633863
25183869
32536824
31678757
11171320
20623647
15882147
11078159
36715959
15057754
20346379
34516314
10640764
31988082
12850831
33764710
12738234
11264002
18286648
25423094
17360709
24529575
38467321
10918185
15106938
19773761
20564821
12842996
26339052
36596482
11784723
11756441
35563766
23878365
15315827
31276767
11697804
27816455
30182366
33312000
11027297
18466707
32887931
10637229
10620629
23269273
35697069
38082285
12804766
15001580
15107417
12054500
21037969
18572245
11953439
21546903
30131335
17237354
22956099
23900701
15247281
15735747
16203734
36669703
14607835
34741010
25644762
19805291
22535512
31332481
31173281
19017653
38263327
11006284
36101791
32975234
33495403
12019185
35311151
32787872
37880078
20098747
28121348
30815249
32514515
36517900
22532808
15581363
18784888
30265210
18614531
11669480
12429929
22347407
27879648
34262342
37981069
15563110
12376003
21529443
11912194
26911897
24507479
36594050
11390377
16772337
22529102
22918234
32905263
12527917
30213506
38909637
19414792
22234185
18348177
22923735
33116573
24594942
22707059
20086048
22924747
30119217
32799332
25171176
18500555
35383144
35513074
12471444
24416454
33231338
33278413
19487459
12110689
12435606
11443126
17660360
11208117
19850872
16092945
14769798
22159099
15801150
15693023
29535128
28533511
30810435
21187615
10821432
19054741
33142239
26342229
19887591
19740984
16024626
20119866
30354204
29348627
29492259
34089345
29076546
11294858
15116257
15829626
16141451
35881407
37013819
11782303
11152513
12121226
10692467
23863254
26912148
28656879
29430188
28170369
23359496
10640560
23484054
30506991
19109914
36109793
12526309
11553921
31887421
33942314
12172791
15377999
38561102
35762511
14597699
22882854
29420472
36265674
10770494
33603840
33622324
18354084
27162341
32112987
22761715
38467221
12877655
29448101
32409958
16055739
19556236
22117643
38601440
29377207
11779153
12051737
38865749
17512498
20538799
35687301
37703846
38346961
12703323
11595232
26029823
10893266
15023545
28130119
17628496
20732415
21782435
29982776
17659384
31723022
24066113
34029588
22801082
35257481
11404218
33147048
20336671
16226129
24530737
33156577
25122554
26700768
15644318
17726058
20128732
39075517
12919739
20537040
16369048
17870671
33502806
12885153
22290149
24071736
23383327
21523764
27197266
12670892
37894284
20711465
35405475
16478726
29284706
23414759
20826313
27631377
15716280
32096609
37156995
16895911
17145509
29663480
19665027
12511567
11486018
11466560
19426866
19633423
37789274
21035938
26598506
15713699
24022118
28115395
30554121
36366509
30304510
32641494
33565091
38966092
37119456
28862946
12697769
26105271
34074335
20421304
17522060
22457331
39046354
22696220
28409449
16076388
15722349
19917606
28453612
32319594
23238637
10972673
12397027
24810856
33024050
20625918
36210730
32248186
15313215
19782034
25894605
25946997
20224683
32698678
33869063
12815047
22609428
26242276
25873389
32499447
10822372
17110788
31928705
31683476
34428447
24204210
28809765
21368133
16081789
22303369
12169735
11858939
17542777
11230124
19136580
21857997
24292944
11226254
24260353
17991743
22836356
22642989
10687958
29756735
37508563
18417736
12480944
16682643
17626071
19026782
19767830
30029086
39285161
17169662
12913069
11879573
19625398
11761017
20189250
30026872
10677279
29324665
30389133
17119099
35370461
32595704
10777699
19650880
31410208
33061806
15033475
28349431
29727661
38720423
30696855
12486122
23345395
28119367
22074485
23399686
34760620
27185920
22332183
35946473
34131104
37020694
22426312
12177045
18482800
26062429
16272152
31817644
17682065
17535811
30274774
17636264
17314315
21525279
11959980
18566464
35492204
15273746
27840290
15585577
18032528
11672446
11888936
29268138
36321407
16109166
15219201
25096718
22982417
20206311
34569248
14653998
25347529
31469428
18063812
11069705
32537758
24561544
21598299
23824327
15486348
26296772
16982925
11893033
22247452
24030978
10699177
11359779
12865456
31347257
24356748
21228271
23159676
12679193
30280407
10734072
11742811
12358742
15501241
12724312
25049082
27106761
16537542
17308870
29030843
15950934
22509550
18985739
22395237
26228206
11250759
38320624
11522751
34858182
11090433
17671207
14676277
20876210
21966524
12244043
16309711
22213094
24393533
31164173
30306128
27534557
23983262
31619520
19578543
34327632
11577079
18632843
10704377
23675303
29355491
38439028
28071978
28437591
30203316
20208009
10783165
16329989
22350409
24040105
37961034
16141201
33909822
22964635
11704667
14583600
10860744
14992595
38997783
11027676
12529377
29795279
32332775
11418615
21703197
11136979
32655789
30275517
36672319
12821516
35287545
15208670
37243123
34592064
11352837
22100762
34459455
21048075
20118235
32802192
38001879
28750801
20881015
15665879
36380369
38505871
11709585
12844345
24058911
11524429
12646569
22736010
32102564
10871546
19015242
35609419
19201892
22363783
27012395
38405949
15878790
17009010
24699426
14642088
38762740
38627316
31878840
18537821
21072203
22406864
11893732
15753085
16297906
17672934
18577421
19508413
24969422
15721141
15350595
22072743
31944392
10777547
35433434
33149681
21837561
14670079
25562328
31639388
18577705
24131465
14600023
35522942
32294532
16002151
10919667
24040006
11050159
23678106
22110129
26052747
30910813
34925053
11098108
11779227
21952135
12427258
33807275
28973447
10809237
25349786
38437679
17988655
23016601
35121106
27993670
27807325
20452352
25463279
14507443
31096822
33381076
20124448
33450091
12963375
21865185
15929725
17878380
23361462
21569292
16807291
37606168
37072102
32447210
17179087
20926777
25720482
32252802
23562850
19060929
33722958
11823472
39262472
16433955
38547622
19074549
35077861
38871699
26940873
36836303
23877842
30971389
34974242
20693330
33499874
12069690
37576538
21252113
36377797
16159425
38129517
33441774
27124500
15030764
17720716
26099937
15084608
12603855
16362417
17349924
25768119
11073977
10664504
21789191
34584571
36866539
38689261
11509184
16431925
20196121
33406278
21531335
29851149
15331607
16257978
16401328
21490210
18388313
14499632
14704149
22427648
32537474
25900025
11903046
30869808
38802791
11886082
24804809
14592945
10988244
32190006
25738827
28678535
14769550
12421375
34525356
22483794
32982310
12600985
31346037
38888828
34539877
17868329
12700284
25631078
18432857
14966134
22243752
11119600
19710686
25036967
34445640
10671570
11976270
14735355
19936027
20356841
25394321
30377371
28721853
24050404
11409876
17718420
12899940
10803466
21715626
21956872
12244047
23782494
26621720
15956209
25299343
17852416
29480477
36367693
29464020
15055521
38416857
12937177
21465533
29212662
25635878
15684378
18251853
24257599
35667541
21751362
14739303
35204181
20094756
12663763
28476626
17959668
31113619
12192044
38191051
16203784
32502579
15797865
39218627
18981397
35722376
22177333
10737807
33924755
34451426
18755234
12589072
38566133
15691827
17092608
29237573
19150985
22328055
30135223
23287467
34837127
23451223
21266196
35196538
14668343
36016420
17718103
10692359
23426364
38176954
34630126
14741138
32105826
27563882
24178570
37642715
33941243
14713860
38759317
24992525
18636086
27010866
16285943
18514191
36240973
32033487
34918877
31748579
32032721
35070838
28852164
26258481
28893180
27711134
12890646
16271292
16707488
23405166
25158771
36706893
36810979
18755791
15494412
25331851
26951044
17360971
37037818
15831491
22193544
30179222
37848941
22008264
29876817
30016727
34393753
12134008
20150898
11988075
19349967
11801648
23074197
37296637
35701534
26716506
29720121
23431407
21520169
19426693
23602949
33572801
15944126
32221926
11102576
27276652
37715252
12620973
32319545
26095379
17699686
32819370
37378422
21354471
11328814
20487197
24478626
35065650
34686310
37658930
29067356
22789851
21257709
16291752
31434716
31236120
18343205
15840954
23825970
16254348
16779787
35890132
33817216
39284549
36166694
16897816
19318353
17376199
19332827
23884413
15504755
34774846
38168868
15961612
22731248
35296150
34391182
16717288
18697205
32726126
33736642
11322783
17878344
36170290
15809353
36255664
23644657
11397816
16048741
19724902
19911372
30165668
21229323
37950995
22690686
30528857
27533932
35372504
18690018
23620408
34315490
38634598
15299019
15102846
38707608
32484206
24586322
22114715
16843677
31317401
33987373
33502302
15702557
38445984
16183992
34901263
18805444
12150962
12897151
25058022
21512757
16537600
37698901
38736729
11211947
28901909
35655095
16431923
21908614
12490714
23127547
16157600
22467717
26050086
22232524
22505578
32859869
11558067
23468880
17823411
32308421
29940800
31950540
27342948
21791598
19445999
23922739
11719188
18976819
15117679
19363261
15635103
38110879
12889071
18193085
16368981
12777400
12736254
24073193
32425504
33328346
25060178
29255161
27067309
17452441
29949917
23717665
35172835
18687124
18725932
35013754
15341529
20501642
34699692
19659648
20501937
24693939
21281639
10848997
24297508
36435781
15536070
26208400
31863917
21607862
37743642
11429785
19066630
18201202
20443868
15012616
21522132
11741937
23428346
32835449
27463507
36506932
39266996
28322254
11069986
31953159
38003223
11163215
22105856
28503168
36401517
37151195
18755793
35961400
17033698
16222337
26291987
29534068
30954078
17892531
20173419
21821937
16166634
17159919
38561589
19261878
22751010
12023299
10767646
12486117
15084291
35978501
15234983
12970734
18665919
18460621
19604603
11752667
22313262
27428899
32489685
19035347
21203488
22806893
15687500
19602204
26467792
28499273
15358775
20154103
14506735
17494585
18752272
20574513
12586822
22678294
36205752
21084279
11594795
12384504
25613946
33994056
15721307
11278855
17030511
23421905
35186935
35869765
26235615
17636018
12933819
29513014
21654845
25139117
15177040
21846905
17968007
15377643
35569195
21464208
17376160
11456186
25966954
31032220
25561741
23566416
10719897
23352416
18694934
24433289
23686912
28871632
12795614
20870722
27103333
15728256
12082104
32656611
36730618
16014548
24930764
14988413
14656937
22194818
26250115
34440834
19176879
27740621
23532895
23383295
28765325
30439431
11809769
12652076
15469938
11544294
12531814
19190245
20299780
28245135
30379099
23862649
33129762
26883855
25059611
35008716
36226585
21168935
38232183
31933409
33148199
16188035
12169098
23889568
23052832
21870257
16042622
16190873
35088922
21527645
16257645
25023398
22509934
27136945
35145407
24475179
33795805
34784346
35621746
20417562
11866440
25847233
35836282
18296717
19951908
26470728
23973862
32601971
18565539
23082859
23572232
30643008
17875339
17720156
21411632
18078455
10968651
19160673
20028975
36713190
22075167
36927703
32943924
30678233
12077309
17293379
36072004
19411255
15590661
12193400
17101133
37865189
11152959
26375055
36758912
11210555
19300506
11137583
23564452
32606803
31359346
22088822
28942178
25101696
38637761
23997170
24947323
24429108
17719804
10773016
34821196
35808830
38401263
16495444
34630695
24214979
12764151
31362952
23420033
35399564
28168752
12972615
14572442
35464720
20435733
11704528
24336150
24809698
12297508
30711443
23664346
16027121
22592529
25514904
21709223
35125963
12871941
35336863
19969308
12111828
11642728
16059651
25388785
11312667
30605524
32194820
17718421
31257528
21318880
11027808
14710355
19829698
34899833
10607721
23129748
28703801
16608105
16339148
15525788
34796037
17675666
19959466
16407286
28647850
35047492
11413139
24923680
11090842
12616539
11929608
15229217
17170760
36200301
12354760
19060109
12621042
31212584
16000164
38849009
33174820
23142758
37897251
23954828
31488507
15284089
35297212
34092624
38404215
12005419
15123840
19909337
11743569
31076819
20417104
31181224
32978966
33745778
15000849
24474660
36606584
27226232
11461930
35043173
17417026
20694670
11893735
26467811
37743467
11101809
15788482
29897333
11389691
15196694
17371879
22245496
11909699
14990725
15922337
17072306
37931722
11897126
27357827
15334060
35954229
20966422
30154439
16369490
12664017
17156131
11893754
23089312
16203968
11171057
20360936
32748371
11416138
15672606
24069149
21836059
38612449
24880341
24569876
12925534
17174956
18385093
31605013
30394654
15888547
22766303
11212282
17671970
19460865
26953162
31326582
33424927
16288083
17362880
24497509
29696511
15183511
11278515
12519773
22031869
12489459
15107834
37499886
12589049
29501172
25262680
15723800
25582586
39266959
11145889
11907028
32860158
11494370
10738277
21368190
24291232
29668986
26910618
38317508
15240549
21968188
23773523
32310999
12359066
11208927
39143229
17129578
33661949
23380067
15671030
10945301
25589726
16641443
15485816
17054925
11024139
11346654
14685694
18238777
33456567
14738892
16772867
15713747
21113146
33817278
33981772
17588550
32313079
20637800
29802332
10945860
19861426
16332687
36799444
34324029
38172650
32751253
33294266
38022687
11157805
21986496
22535637
18037904
11144355
29133527
28520516
27255754
21931849
25187968
25017913
33463060
35723410
15857684
38437058
36484954
10906126
10727412
11417900
22222883
37594849
28177917
12871587
17550046
11926742
15576333
31315644
10964646
34020639
16203867
38673845
24772827
27514381
36310209
36073913
35391605
12441351
22310305
36104590
30107878
15623521
34424219
21347699
29384218
37662894
21680532
27795413
33452670
38279852
11602572
11866538
32173470
18570629
37679618
11741931
17095504
19725050
20435918
18287096
38874810
17275856
22286099
19738614
28224978
28750811
20164240
15878791
15749000
35392228
20219974
35162982
11854525
12237775
12270932
17951577
33209886
10906493
28906178
35179655
35456874
20942971
21508217
27076051
20678574
24187094
28813705
38148128
18515281
20670374
15840294
11860186
16636067
19249679
28065262
30829553
11390653
37279851
17953578
12775586
21804539
25807998
30827501
20570965
14754897
27373199
27286866
30876693
16186110
27431653
21946076
26405035
19727228
15950607
10787008
26592927
19968961
11798178
18515204
29383689
28674493
36618071
30378028
21330319
37130481
39154973
11322890
26004741
37302538
15749988
37830762
36168628
23011887
16216085
12403814
11353148
17549302
24525694
18832759
10781841
25659908
16357137
32821157
11401849
15209507
10771509
20130088
19406842
26025865
11101519
24962218
35202247
11138336
33290258
38176089
27172328
32954854
38356719
12805291
23515050
35184643
15145959
17551147
19074135
35438785
18806830
38964686
32075881
18588518
19759416
25987849
21125662
24260556
19739097
22269801
29194461
17267664
15447977
10739173
20544796
35882839
16882187
23440419
34620690
12023281
26497687
21775630
26958940
36686457
26918306
11158056
12417022
25343567
12496250
18387837
11204490
34484148
30033661
37228754
12399483
12569553
11856727
25573755
29393412
33510836
38668261
25967238
31051181
17612406
19001833
18223027
18389380
28060381
24419423
30988074
26202697
16135072
34177455
11909965
17176442
34012592
35632694
24100343
10826518
20473685
27191168
34268306
36311668
36632964
38892308
24619612
37712850
34363072
15589997
30543635
32116696
39147714
28394330
18682744
32473132
20981788
12023272
36214175
30689296
23964676
28828672
34518442
11912492
33757879
32674054
34162039
12452846
12763101
31346317
17956867
24969177
12388818
18000879
24032687
34960712
12210268
36396627
20579886
12127987
17994686
37640805
33531049
15890674
10930570
37751673
11126406
15709751
34446844
36754085
26092250
24789201
30169894
11563846
39240655
29651107
17141759
21079788
14996668
28260918
12930846
15572410
31172483
17200572
25491321
14527684
10757801
25708205
17392363
12354758
26772433
32633150
26587554
36538851
12707347
17249247
36952522
15182670
23390006
18786885
21518455
38686562
15556944
24255164
26743510
33177876
15800181
31933377
35342351
10636863
16473627
20220118
20832392
14612918
11826105
17106915
30428163
22897173
20701466
18470917
11198926
15673434
35076390
31281495
28986094
17625072
25312088
11069902
17075903
25168043
32774741
10952973
19255497
30053894
30763986
32392088
38152126
38791874
35351053
30170366
32878131
22898980
38656573
15201433
19260825
21414190
11181012
15207275
19473345
16520551
33791976
37913894
30315937
12743286
27998118
16565578
17534899
30247505
24072600
24385903
35596159
19783621
18411291
35513372
24466195
14685031
25093993
17283056
18722507
32272161
38931477
32150331
25702122
24633224
31551961
32736676
12757856
19038973
20843805
31469661
22539968
12036302
23387082
12906794
16866877
22773745
31355789
37147804
27855372
12468389
18578707
34732216
35616130
10744067
15292126
17178408
14510648
22322096
11695994
12805376
21966491
32251633
21959983
15642356
11279232
22554254
25113440
26463384
32176739
33499712
21829709
16980297
28969385
19201866
24464131
26800775
12470636
23427261
20174822
35481644
26241037
31915279
10751322
17513295
35369285
38216808
10666570
15215503
34804929
31668807
11112773
31884247
26625957
12588970
18603011
30076714
22933270
17297309
33425934
17668005
11551907
22239948
21612406
27654294
11598905
31167788
37099926
29925658
31005948
15838639
28601093
36362294
17283173
31118792
15469726
15543950
34971702
12037679
23403362
17254023
15236509
18032585
18827182
22407595
15261432
11861870
28615442
32869521
39103059
27658392
34296808
17486363
36842269
25447537
38843643
21470770
20589935
19345329
18981049
15479737
20010845
26192895
38955188
29043678
12571250
15665049
38547618
15254086
11447119
19334045
22804348
25031892
34621737
16476018
16540475
25661496
35851270
30414146
33475247
11813980
11006286
38001573
23221158
11691835
31609387
21810446
21426565
17698368
17558189
37682722
19535343
16097049
16600665
19682558
24854121
11750096
12170330
15542638
38421204
34321041
15539429
15894717
19109425
20144992
22859983
39216711
16912074
11331880
22961472
31076285
31356881
15829568
23743200
15269212
36778123
37440278
15292196
22923614
15715666
38037106
37926835
34175335
15589838
33258403
37495427
23691193
28680969
12427021
24861878
21786338
16289417
38902704
24631494
11370743
26046129
31077320
12555073
28495885
20682339
29355485
38165268
23333752
21282647
11784715
34428048
15556865
25666313
35032276
22580278
19398949
15967421
14734547
20861309
29955058
29080975
36800320
29116592
11315529
12354382
38840551
14525981
15858068
36091048
16805830
33558653
30877668
18497940
31296571
27210426
16019427
29073938
38782081
19098115
21941128
38783100
34164962
32817357
18550547
26717306
38426206
27445813
32841331
19710364
17949968
20512919
29084811
24039236
37161917
33232676
20127388
17803688
16096638
26420704
33754030
20833140
31798414
32060690
30006348
22829656
26951434
37094938
20419405
24858484
29543378
22174833
33732298
23056346
29448242
23358114
31193773
15513926
17443819
36754452
17551925
25096590
33580416
36951316
11591130
10766811
24942585
30333236
35094651
15056666
22675536
14755728
15504313
15644327
19172994
34343153
17215251
14698681
11884403
22532452
28395930
37454940
17654484
39014929
27340941
15086514
12388720
10748175
16109830
25388970
17540520
23625200
14985359
11423982
18052931
29118923
32861793
11024458
37919785
34012408
34539976
11278462
16230076
31319067
29679569
29746581
32061152
31983435
23444367
23389291
26974561
31357031
15361884
15355642
36227102
12503079
30156372
31550533
29705808
36134483
37801910
14555651
33172327
12885770
12186867
38478109
19141078
12239212
36790212
16061813
33470057
17264312
17913921
29871923
11390606
29333942
12809519
15174091
15970589
20608937
31768017
18281416
12538575
23173741
10753918
25542089
14594946
38466278
21514425
17632516
10637334
18458108
22792281
22984590
26396139
15232201
26634571
26831516
19323627
11585837
11563309
14757130
36280838
38684373
17307852
15115707
20732952
31199850
39280179
12214271
12486110
11585916
26545108
37191839
25391320
14679200
27218650
24833526
15564134
12137565
32178870
23376974
36439208
23042250
26182239
11768581
15218018
37349114
23403316
24444419
11477068
14593116
26892021
21695048
33614474
19373232
38860604
17904739
10984620
22457434
31311812
11752154
16527812
19880496
19523373
27109616
27005820
32075310
33371405
10961856
18313395
23994313
37774921
18417577
25605462
35450969
11511752
16352659
23314176
12598901
35326457
30555573
16122393
18160705
19427863
16105547
19533734
23039365
12138086
25310711
12796498
28379479
24577104
24998521
19357194
18495890
32805187
20833718
12486115
26177453
11163768
16163388
12789270
38878215
19426207
27192928
11876645
24733071
36813234
16496225
26700764
17079301
26598132
17317785
33471508
15722231
19605547
35354755
11735228
33042411
12695556
19296467
14981924
23591738
15592796
23351732
12167349
26651479
35324533
25189787
18172092
28329689
11158335
23375565
31960744
31918742
38508092
23305266
16648477
22897658
38803350
31258504
25573162
11842112
10766757
17200689
18505797
16251968
20554783
18445004
19137261
14681887
32104967
25660941
11168086
24400695
38978876
11880649
29843768
20017148
37730435
25915798
19574994
30923463
12386169
26424278
32423248
29167269
28523575
15452148
35998683
29782896
27693916
15300240
20371221
16968740
15723051
11273731
11470780
22108519
38528004
28062183
10712516
12477788
18627351
23145212
35635053
12615970
16805816
17570831
18076650
35973363
22188260
25686753
15166227
29273565
26965256
37983669
15254248
29886262
30972081
15656790
11773074
26809128
38764325
28516119
19383546
32940043
25938226
10860888
22733359
18276056
21966475
19687229
38926407
11276076
10753938
28534968
38726866
37547464
27877086
12047046
26922519
22387394
29756473
37091805
21276092
21732673
34425650
10989151
15166241
21843514
19103148
26965260
28704580
17200562
33261009
11950845
20300773
23947369
26133373
30423324
15970382
17195160
16715369
19577536
18809237
24244707
22437844
36549449
20606253
28377051
31423110
22491452
34685547
23710297
19218201
15661808
12829596
22740411
11707594
21677273
22160715
28347844
31311844
37689244
10803652
10851248
14769792
24929651
17502453
11418481
11278993
24284396
24412715
18673381
21507952
12522211
35080740
37902728
19047045
31563563
15148359
17553783
21756782
32630435
28656291
37402945
21304510
24333728
16321656
20525683
16006602
38325399
11849451
23469688
21182427
28547925
21431712
31029165
35030971
14684750
15232061
19818731
12719471
32071290
34921490
14699156
17264152
31728719
20937835
26884716
23572575
19374896
23776681
33713752
10727106
20015453
21880142
15730871
35485164
20375281
30992362
12853486
24112551
24218549
19740980
11341469
35440696
37839162
17525470
29568511
14592823
32772647
15111328
16040616
29486220
17541973
34017421
30242722
15849192
24413772
11971179
18265173
12730331
12960162
39108730
15181014
23885069
32189459
11279271
35142956
11713307
19561084
29978561
27022017
21131365
37848943
23133651
17869221
12697420
22585489
32654195
25292214
38156103
22038917
23396537
18078823
38365674
21080693
18498737
33138667
19089302
21607861
23591335
16522797
26209534
33166004
23070879
15972258
22535526
11673448
32738556
15692094
17451431
12885786
22217517
23884410
15132304
15941829
11063588
15347813
19167375
21886786
19106376
26795483
35814832
26528757
21514811
27834780
15940627
36660930
23583331
37180577
15715665
23115126
22737109
31699956
35535400
22003111
33312941
15601865
21908624
39210013
29215055
11193579
22837396
14729063
14680700
15616195
26357964
30881012
38822192
26231712
33749901
38497174
12927808
19570034
25453101
11877412
19342483
24015777
24144389
29789295
11156373
16455445
35926947
16648270
19369422
38402949
34185419
25448745
19750210
18448655
11546794
20212039
15618286
14718544
15961405
20203293
17452447
12408978
15663900
19895873
20829524
31344555
35986274
10684251
29769351
23725016
30054444
33395541
34199280
36268276
17050646
21124917
36636064
37254218
36142619
11023781
10866685
27879270
38136210
17114435
22426484
12845674
20729213
20599947
22474382
18809380
25672217
29149649
31914597
10781837
30391463
28182310
15576376
15328612
16459330
23326123
15071348
19798429
33857357
38772301
11956199
29550816
11161720
21819345
32152405
37873234
35776379
17224452
38750807
15240695
10764221
15389591
34399822
27268383
11094087
32162334
26993046
34324010
36224753
19403691
21951169
11479289
19390510
21625516
15592361
29722824
15840655
24526353
20826535
31539116
12189507
31570000
36515852
11000261
33424253
37017526
36965610
21402785
23913940
18824551
39039546
12139760
19520059
34340028
38951469
19918066
35997119
31908485
31883616
36259412
36239338
21857381
29115544
31309315
38898473
12737979
10987273
23533581
33093283
22506026
28299793
16414131
10644991
11673417
20730051
26202083
29483285
22911714
24705369
12429517
10648611
19089909
38853192
18439013
12093135
28656236
35665610
37603930
23603511
21297638
29217655
21518874
15169837
20816823
29236255
15659558
12644450
19114711
16822940
17374642
18328157
16407976
34982022
11864566
25766244
31695561
22245551
28154010
34125978
28495754
22872782
27058640
10995777
16188941
16210354
15304355
37854453
19528482
17211826
21229311
16642035
26211551
14684743
38750908
17951696
35044214
32433972
19419533
38163890
22808220
22963587
19159390
10970773
36073810
34790377
23281476
37908731
15886795
24220190
18773956
10982387
15355997
21445360
27149936
38964186
29134746
37054941
15033903
37328017
24043701
15739119
20161783
22940826
32295602
18982297
10757802
18028335
24356887
38501926
21943131
12890670
14996720
20601642
35988714
11714035
34135933
19596797
14642695
36977205
12215427
28539744
30261469
28605375
34990050
35712514
37085073
37357387
24996221
12617961
14499879
17714745
17553983
15231832
22328928
20485553
11385265
32986763
15546880
26779163
31831836
19765191
37633233
12507501
15474709
34869326
23454065
21325834
38338692
12445808
14732731
14975242
36232407
35950370
26375462
38521953
11481471
15735685
31497746
37913946
15556994
32446846
22912768
38801243
16267105
22096549
25552301
19968762
33341060
34980129
22180534
11343124
27473907
36700761
25896327
18554328
11709713
11985827
17786200
31481087
20421637
34240826
38619648
35792284
11275258
22436134
15180991
20002523
22835832
38556862
16533309
27532027
15033483
27342778
15197583
15550399
25484098
16767162
21423089
28298474
36350542
36753789
11590244
10564719
12749936
34094836
19931511
32772636
29533936
33730063
16760287
17627624
34691119
23835648
21228161
34188056
21439344
26250894
12135941
23028987
22095500
15920534
33708859
20112340
20617129
15086469
19010410
11296268
12477250
30349298
26212029
21175584
15998293
19850743
23986260
37791472
22399287
38964734
38291092
10648706
32717409
30409165
24155921
23981651
35377441
20089850
24690230
28903624
15537648
26825774
30842568
19795378
15314064
20733005
38223825
30367681
16757810
30237545
16145543
16963023
16166090
16166522
32114390
23434291
32456490
33907498
19446732
32194869
19853567
25989500
29742051
17825253
25452302
33186609
35567291
32801860
33413501
22514658
21084641
26444769
12088648
14604978
28589727
35962353
29595878
12565162
10666335
12571360
38987793
22101338
27899566
25640309
11555639
31863776
28077936
15860547
33484198
11767946
34793336
16380432
19566547
31561125
28258217
35908953
36632455
16420741
26150355
32341502
11536078
11323417
12410810
16629769
19855849
33542656
15760909
21914140
37438900
22328386
30013660
30339841
25671812
11409317
16328963
17530771
11700307
20043239
22588125
15183100
19751964
34620741
25890199
11256970
27028246
22306085
30792309
15236645
28196303
17332141
16132574
25336645
35117631
25901786
37097149
18092518
12054762
10894730
23542070
16539820
21540647
35493610
12594175
26707824
18635971
16554309
35720482
35569521
25101640
35670456
32410646
16731912
29618782
30017190
16339147
37039990
19010305
36740081
28455330
18627766
21266526
34039240
23893288
17147113
22643159
23916875
12237864
16289967
32602044
38361405
15509539
22442257
22367970
12673196
34696771
18719028
22428467
12099688
11029299
10794722
34676980
10768987
10982400
17904127
14985081
20211253
11147964
17704192
29153978
10946316
25465892
28861517
22094225
31806999
14603533
15721486
12352953
23589423
19884326
18799569
12695121
28697272
18370111
12720547
14555980
16193053
21788518
32173522
12011038
20639193
37386831
32963941
16474148
18202019
23928916
29669595
30256394
30696421
12040031
29206202
24781998
38607240
24555506
15169784
11469856
16723647
19308289
25104444
24385082
29247325
29981303
16517605
35084653
12882822
19602711
15576944
19675209
35194191
34734476
11108847
18552124
23792176
11254502
27793987
11147695
11278473
12637494
21108988
38881848
12897129
24747692
36250223
18252844
35408913
22561015
23175530
19254957
17194751
30666836
10964500
12453439
36048401
24568448
33851769
15347733
14536082
11741885
15308719
14645237
15316018
14559897
23236473
23381805
15748209
31077462
17616530
11701739
15215253
22028648
11706031
16405917
16302976
22752237
31136947
10872838
26657157
33603482
21684252
21723381
23943880
33995991
33817286
36094409
21123826
37646890
17188031
38145744
25659576
38528591
34125229
25765953
15548702
22898603
32308422
32113707
36307991
27105917
10827205
11781324
26322837
34627193
23769673
18815262
27821484
26843329
34191346
30944160
16554032
19499152
33497798
21797823
10998363
32566914
29302216
26879293
12588982
37718450
18085523
37012885
15569258
25586178
30814259
16236259
24686082
19497601
34247782
16609150
24265776
30832682
21228382
33037313
19819974
28423670
30072379
34634461
20883729
19643989
29688809
15280207
11333915
20974897
33753987
30979083
12507503
19923420
30323630
37544035
29382783
23473034
11389866
38010112
20688057
17728397
23159491
38877698
16286473
23637887
29375826
26866271
12358928
38866801
25587003
15368306
27630233
16098914
21806277
32587479
37930535
17442586
22399809
24424050
22768083
32425685
37427332
21487008
37210962
31433582
21474453
23815291
19366690
36209201
24323136
21685478
18188151
38373741
16204232
32493499
10800775
29435049
17289029
33283483
15724381
33546420
11791184
15967101
33467116
28972185
11711538
36238365
23972596
18177545
34145212
20410435
29484762
15870436
39131332
11551930
16431156
25341494
34296983
17286578
15564063
39071907
24670043
16432212
16269403
15557325
25569619
37164277
23000574
22995475
14747462
15385958
19726098
15809302
17034757
33604307
16497223
19606067
14980218
15793253
33052070
18487074
22318127
19780818
19215766
21483833
37856423
27514813
38824222
20457806
31791342
38408556
26872363
20605778
27929538
34593235
28747434
15867377
15797682
25971746
11526512
23395371
21672589
32436607
36245272
11733524
18718058
26039376
30257894
33629745
37597377
23699388
14697362
24554659
26706235
20164332
10768842
30623413
25418362
18388982
34257656
24766723
34032966
15252117
17056548
10792032
32976214
20410487
24305723
14701810
15882576
23575883
30401529
15936019
15579310
20089899
25100851
11498534
26507101
36725079
11062076
34544759
35229618
32778144
18218632
27082844
37408901
11953424
32061262
34667156
31462068
34055886
11600746
21855635
15254225
20385232
38474562
11096062
27396899
17522207
23472054
25850674
31417634
15907878
16043129
25058399
11390428
26853303
35005595
35704202
21478478
30892130
36094613
29797132
16365278
15489862
15722337
35930171
11351298
20381583
29963105
15210111
32963349
37560002
36696967
14724288
19304662
22525521
30150632
23437010
16969126
19665434
19212659
38744388
22825651
24284314
11095621
14551535
16963142
28126921
29562314
22231398
33276097
22664104
32248017
38064851
22389718
26849466
17686849
28684427
28035420
22222371
16754682
15799969
28067790
15096495
12714323
17092301
34931765
32825967
12839333
16230625
18803405
28105318
31938049
11058866
19142869
18390426
21982971
23864495
27312528
17427975
17929250
25702117
11583617
23146993
33412331
39218215
15556635
15120623
12944407
30289973
14507920
11466288
12135872
20484411
19272360
35004680
18188154
19513805
18602475
16733800
15448700
23936024
24493623
17878303
29499325
23649762
36242728
34758851
29773831
15897453
32793634
37949382
22978549
22961155
25088259
18624398
27743858
11114529
18701484
30563832
23592263
38852764
28964797
20532217
24286120
18281517
35774226
31191313
21373759
18772335
12392556
18094153
30238850
33250684
36738516
23900609
11744695
18041581
23363601
30653356
12505719
20673786
38512030
27468692
15146056
16452716
20333643
25411211
23035659
20179222
23066931
16158055
33070965
12130652
29083107
12724402
26410300
25653452
29931165
37425677
21315127
16356627
19047058
28731152
34486474
10684260
30067356
35951676
20603604
15334660
30224829
12391275
15020601
29249381
23246912
38899610
18586821
12438631
35306026
21080485
12486084
15292219
12679386
15591045
37523266
15325748
20303931
10931874
25771877
25737043
34146216
23536912
29534793
15040428
10926929
32603606
35307379
10982866
16272563
32945389
27665594
12764094
27478065
23716719
30468731
20018867
15963640
35149088
38352429
17888904
20634579
25204716
34015492
31421660
16483597
15708847
22996692
19923176
10645888
21976701
24248342
15467742
23616277
28377822
15607911
21998199
12697806
21258322
25658852
16181645
29858246
12429543
39212196
15623433
35549803
26717516
14746773
38393391
16157603
33664415
14573547
12875843
38548704
12032084
19074145
38293837
17892129
18583477
12531898
34517060
37438719
10948187
27578583
34983833
19909262
34686655
11360184
21956590
11914075
18287402
15474462
27568288
27249023
26151571
30230243
11751556
24114458
10948197
33128167
23467367
27603028
14661054
11413145
15472100
11723113
16581822
26662804
11279219
11509566
33939924
17203996
33728345
33790241
28027390
28004151
29505111
17392284
15637055
10713107
15479739
31147945
15843892
29288621
21402779
24498857
32413313
17980699
12504600
32328029
31647545
19875417
27841943
20392886
23303955
12846047
35251466
29552582
22103682
28849121
16186510
11751269
15326184
17299412
21099356
26025927
29365377
11802708
20109159
23911785
15236188
25768906
30761117
14530276
16168614
21816442
35144642
15734743
14643450
11971966
21689717
33806467
12941884
10989692
38089803
35768865
11384996
26797432
38175377
37622701
38203284
21321021
10706403
16449973
26095544
32969763
15099518
14734562
15287892
17998049
18022401
37559140
18519686
36117171
39121976
20881207
21235649
31753918
16431884
20810728
28864221
12853971
29330471
36252478
34753397
37198696
20501830
27878251
32579290
36880663
11444438
16551874
34326691
18285462
37408047
12419997
10777598
33816490
34547189
25026288
27113414
29129771
12185080
23720047
15537668
32446246
35293050
27500900
33128699
10771003
16868027
18286240
16094384
37651725
20351055
33123289
34288734
19297529
33402817
15472079
38191434
12719437
11925449
17575127
11135368
10671315
38789040
11733995
26320102
12009015
20865167
36089751
34372530
20564232
39023781
16597715
20173116
18347014
36494414
21430225
23750009
14699011
21255668
22592552
27526664
38146492
36931391
22145905
28636132
11210576
31264811
39155374
18322202
34739841
17951710
15265765
34907157
30305582
33962660
11527412
28738025
36714109
16805799
19907999
25659125
25634961
36329787
12372808
23000159
11964310
25318106
28810591
27720646
19371329
11390647
19265194
17288565
23085750
34314061
16798934
30426405
23675144
33279858
10901137
12861001
36943863
30862674
35225285
39015274
15188886
21233834
20722389
18325661
23737487
14762206
17557234
11535584
12880414
18980247
10864814
23064434
35889979
17962381
18192475
14766228
24615351
35244538
17459855
25924282
11812770
38385859
15814524
16717100
16978839
19700633
25070836
12145287
14768064
20164328
35512032
16690880
17699516
31026057
23175838
38007504
15880652
38513962
36497133
25902045
33175393
30840177
33459953
18544534
33361741
38488468
10682760
11791185
18024891
38532423
32226298
12019270
21505433
22218591
24309932
22653556
12046689
17872376
22860916
18219110
14968268
11027626
23468065
32150332
22940628
25609429
38132156
38787373
19325830
20541536
22827997
28857256
26531778
22493745
12679382
34107997
35142978
38538279
31275324
12610503
14594799
27094046
23359685
28152483
16186104
17003259
16027730
35680881
17543124
28386076
35611163
22357862
35996826
19819066
24164894
26786964
35864188
32005755
13679363
20378853
20720159
15367716
16571813
18667622
16337776
22549474
32466380
16630611
15353198
24486547
22190590
18703268
21883412
21949850
18794444
33382158
11739414
32239134
12970423
30453026
20233945
28673815
37433101
29257314
26780607
32677267
23647599
32184568
22504846
28641114
20148881
16959829
32117116
34189997
11071862
11003675
10840224
11000520
11486005
17156484
28003484
22701565
22575764
31632071
25868278
33503978
15113910
19086295
30510132
11572869
30113070
17322331
30526652
21242589
22991471
17325208
34452548
17301148
15094060
36073215
35349097
36735150
10712517
18936162
19561096
21161138
35126337
11459459
24960161
37634019
29345855
32206121
29499179
12847090
28864774
35681031
33648590
11566874
15247297
27740626
33792654
35193644
11302688
23201435
38429738
37061344
24256120
12355067
17280488
33923443
35461460
11282455
20601596
12388746
19852682
20949009
12024019
18068735
28637296
34656159
12136275
12558984
16013548
20889926
18223036
18094194
34099490
36269321
20980514
36759934
16601207
23776465
29366625
25608530
12691605
16481474
19549782
10930465
30776367
31551254
11948398
11351305
18818244
31339578
10906147
16927403
19148187
30169697
30694498
38504903
17189612
20215413
11479296
10613733
37933638
19576899
24474693
21871177
31385392
32158227
25251222
36692217
12813044
17561226
32323732
18393172
21257711
25347953
12137760
14625303
26683936
36577155
23667466
36276655
15192015
19428783
19237534
15579909
23588115
34204438
18981155
23723986
16503116
35116004
16010025
22075554
23570341
11423182
30697364
12752218
30042176
11237675
14563848
21102519
20843814
17114356
17916655
17912449
31954160
35270079
22541560
11513739
32210723
30745998
33718354
15952736
19746436
16364321
15848144
16110158
18486259
15115822
15644323
33289795
11246888
22387176
32616310
18498763
19799353
10766822
10953163
11514552
17950729
32587398
11741954
31629737
37689099
33721187
18503003
10722652
15708849
21149597
24112971
26895061
19936054
25017332
32355778
12064588
37379620
22890317
15714139
14760098
31648990
11128976
38479779
25342035
12138159
15075507
15699041
24906430
12208867
33044326
12534290
36932454
23255902
15324924
37552907
11971907
21538027
32257108
12237413
21183564
20016382
16870151
21281637
26168732
10858434
24825317
16917092
11549599
15016838
18809472
20506268
32094158
37719860
16005030
11717465
21822214
19955572
21463633
15016898
16862185
11314042
30618479
38402183
30465789
39148981
15829515
20127733
21663969
38083999
20335358
19666135
23160820
15572374
11085463
22485916
32765757
11389015
24724395
31134430
28755316
15327989
29797403
15630135
11549596
32319539
12080182
10623828
10919641
21448433
34470783
10648622
14520519
23115303
25005497
32896607
18195168
17982133
31167915
27048592
23255147
20945416
19326051
20816854
19548905
19806032
15650021
21454521
23780416
29802537
21638958
21386087
11067926
11279080
12861011
14991706
23411023
31012177
38058075
16449635
23762379
12642506
31256382
34520760
15496146
19351715
15448336
31810117
20457750
36595959
37455998
20018876
33352230
11856304
24351800
15940252
12807903
33651140
23725122
32602607
15115758
37914384
21569359
21715332
19290995
37565737
30572664
33655888
33059972
16060916
37047747
16293776
29847471
27823564
10701693
12198373
24989004
18596411
31125854
28684429
17513757
17342771
27259196
12126766
16298104
17090927
38014839
15478214
16188935
37317853
23300470
18005242
37066716
18381409
23165746
24550401
28778437
17348685
21671918
17337120
17684496
23832656
16170364
22988110
38842683
19596847
19824884
32673397
35894142
11535598
34788230
15351640
38585472
37053020
38014177
25827528
15194680
35059968
39229175
39033121
21889182
20869361
33367644
30074148
35052479
19542220
26203146
35669477
31657090
21219617
23802559
12631044
34310822
14697215
20407604
22088220
37237279
36406406
36448837
15043810
20828613
29923055
17521927
15014887
33968026
11937488
22325970
22826151
26027929
15304498
30881015
20479571
10794667
11971898
27289041
32449723
25789151
11919162
12397603
18593884
24005864
34953916
22216309
21439937
32531052
16630891
20861071
27510448
27826859
11278648
19934382
29415742
25975695
34042452
35119102
18052611
17229714
35179428
19727525
25078118
18931144
29263346
26748656
20197555
15930015
16574786
26868506
27892604
21911612
24313886
35275355
22972877
35184390
32997728
12668725
20059735
12488071
25105968
22855936
33931967
33839419
17314286
25151458
18096084
10704439
16375899
20592109
24436296
12133282
25605193
20124223
20479336
18034774
26964311
30237102
35354145
17592038
17761764
25879191
20828775
34168039
22212933
37705167
33760164
32720595
23296965
31085811
11278563
29104163
15688415
11782456
18082158
12927518
17304514
19326447
36010583
16809305
22227309
32632813
18502590
16278218
18493658
14729613
24090963
33620117
12821941
16143598
37647868
16714389
25007762
35384830
15572672
19154415
21048921
14612448
17301178
25206739
31491414
26838598
15963796
19273555
33560373
32848060
35440286
28553951
23097049
23688779
34677443
38423426
39080055
38496591
24035612
11672523
16672225
35662349
16614390
22326796
21462163
17973050
22442792
29772677
20689342
35396512
11601843
26692334
24492607
25068794
16123112
21796529
39276487
11733033
12056610
15977068
21641033
25043688
11063739
22844112
37571011
22965878
14574586
12600747
14756823
23233786
38456491
26714404
33719859
16510715
20015017
11737584
25562800
31975412
14968112
23851460
12077331
24504966
37188376
19763263
18094186
21566135
18788935
15039438
21717022
26420039
31028823
12642587
30113035
30354910
39285846
35282129
19546217
25700560
17024179
20110364
14991868
37441023
23850488
32913527
17565660
34659329
32547215
36788033
10777561
16604447
34542571
12054896
17651976
26683360
26641092
29888103
11546816
15201869
12419465
20398705
28955980
26670824
33417922
23708386
17898043
30228243
19158844
22961274
22894777
23139828
24825751
17468957
29767363
29262629
31080064
24988428
37144575
12171910
35822262
22659163
18403485
20035613
12697723
15872091
18284390
23500889
38241836
11306718
16027167
23678047
17693927
24080158
18313787
36923153
21620448
19692654
32327488
38067260
17236550
17715345
32244350
20564222
10807598
24381071
32330605
32770214
24331211
17035321
14592830
37298609
15304487
26018079
28486969
16504566
29417875
23818989
33758176
29548989
32639657
36980839
15932873
16764867
35794618
23836526
11392574
15123659
25393282
36347278
11027605
15140894
18184654
33137133
12493744
26177720
28099888
23251665
39095708
30356053
18420862
15138270
23637512
22387317
37721051
11063725
21392185
22251897
26418254
15861887
19898707
28780075
19109096
32150149
21346174
26183180
20716769
30357852
24530606
22896671
21693696
37118830
24167591
18559616
31118247
18950704
27458055
35182329
11576326
19243594
15870689
10775111
12943667
15939566
20519532
29472293
37044218
26637632
26003083
28881357
31952347
11708843
21072667
20736312
33601337
26648523
30508673
36861189
12453419
20852064
29109432
22312126
34976441
23175358
16580720
33516270
15522123
31888685
38218935
16014937
17267510
16964429
17088080
19125694
28657147
23761628
31385281
22523073
23586042
24559270
30282801
38891079
30333144
27459314
32407168
25972099
15234984
12133464
23001824
15190079
38019441
33782039
10746743
10748105
37219631
17229681
19625451
19236480
16358225
18032696
26245294
34307359
23555909
25041479
11154706
30588010
10826496
15068666
16081416
21369731
24282031
21691091
37034182
20877310
30453301
18062898
16554442
21062352
23776597
36077143
10752922
37459899
17441508
20576928
38816990
12011091
17965968
25730111
31637727
27476168
15162435
19568437
10791952
16931598
18761668
25189619
16120027
26364802
29595002
37108769
19115315
16959288
15731220
19376148
32403279
19073770
11878923
25080448
37005687
35184403
39151099
16581792
11513728
18167060
23418601
36092323
39278454
18193082
28759043
21917937
37298379
33213002
22802962
32386023
25294169
26636486
30952064
38447417
19915660
16284649
19627451
29522155
37990271
34038520
10952989
11152459
21710494
21349332
21298097
29289721
24506535
36871759
17442057
37392026
16325183
10620372
19050262
17070033
36694627
27520372
24684932
27542412
32949310
15207711
15833357
15182176
15175335
12060745
18981988
23334102
29991512
15763661
36749538
24627154
25404049
23349955
19556244
20942122
32619495
16286464
29787963
29983869
19179422
17189291
24923912
28283022
33654403
33761597
22105368
23077178
16410463
39058342
11289049
27005940
29507242
20852130
25714412
20862316
33639177
35098969
18467524
15389520
20351137
19676129
36169173
11359264
26035354
15371445
19074001
22609462
20397974
28371600
25736745
33010282
20407010
22771797
35199941
12970909
38446061
15280385
20815790
36813244
21963788
14701809
15308817
23417767
36440854
34033941
23760650
35074430
35452863
22357867
17704059
36713382
30794925
25561495
35208030
11279017
12606598
17213805
19682071
15034074
24271015
19292987
32982406
27208173
33179566
32344114
33323036
38283178
25496916
20533864
38526683
11027287
23261415
24058604
23694968
32907536
21258034
16537649
19535787
24003225
34096408
14562029
10995467
15537709
25411354
19027965
19439449
15890898
16894626
21417117
31812341
24486950
34492133
11744693
20124353
38481802
14677183
27221337
35870168
30431130
27417715
15133509
29394934
37149635
32456819
20943948
25072696
36969045
31382996
20624917
30955235
36515797
16337972
10818761
21430228
21139339
22016392
16248889
15893313
16055707
38030271
12885917
16528911
15829502
18628401
20808917
26743980
35043182
35134674
11683522
14712668
20600357
30481768
15337770
27762138
22388039
31041735
15077173
24569877
15644319
22513087
35432732
12765336
24859471
37253771
18160645
31258775
33028809
24211660
31202172
34975297
10681501
24744981
10757124
11985497
20805362
30226276
20516338
16840534
22593576
31602645
30549038
24344181
27403035
11893076
18256213
15355567
12107173
11341978
21369683
33194618
37268261
11139339
37289593
30771896
14709557
36161446
11779173
15276442
18395087
11602581
24632303
11502596
17035250
26997271
28027319
21653233
36636358
23428737
36577442
12087107
31992042
10706887
24282497
37198983
22205749
37310074
23072804
32047888
31952518
30043140
28534963
19940114
17452628
31059711
29142128
24445145
33817317
15917240
39164777
24258619
11389965
14506282
37356721
22564389
18206860
19720031
33824299
28881612
39275125
10607716
19571134
12714504
33363167
38876456
34900984
26371515
28490692
14673706
29267626
37682474
22837305
29497062
11380793
31088527
38219869
37931457
17567816
21323839
23859332
15591151
22208286
16310392
33460648
16446404
17938262
12637528
15779916
11152467
15705569
37938614
10596023
31292829
30339471
16880527
34085236
38916106
12376545
15670774
31698869
32973333
33728863
26688068
11127814
29794440
39264106
22539874
11956159
14676191
12611588
20224040
11128026
20305393
23883624
15564659
15755723
19073653
17172956
15542847
32930788
19796172
36796747
34989110
30347501
33471064
33489876
24023068
25840971
18996369
27446474
28261375
38061838
18302981
37334578
37268908
35373390
18622735
15474485
20075165
12874272
26279033
11353871
20015915
21898228
33537014
18672896
11896471
12409832
26080839
22843506
25483042
22323458
32436264
30499276
15749993
29717114
38093706
11058540
23123629
29656462
11875250
23798571
18714380
27686161
23638902
30936993
32019549
12777726
12725799
10838088
28751441
15907858
32376415
31933933
12424730
32229502
36142782
26806620
10701835
18719405
19956082
38966002
23997178
21806615
21806875
25078602
17900877
28260087
28439832
15887118
11598021
18682390
28293248
22205926
16024923
23161870
37963065
16965676
34403222
20651248
30606799
21262971
19761405
35969522
12975380
33166100
25032829
37730112
23285209
16638748
23056627
17140598
11294622
30824926
37178510
10720096
20307645
18276596
10799888
