pmid,issn
29087340,1091-6490
17543862,1534-5807
35907859,1475-2859
19024597,0903-4641
28357617,1573-5079
14705966,1470-8728
35715417,2041-1723
34668777,1098-5514
21106539,1083-351X
15155787,0888-8809
21640703,1096-0384
21989057,1460-2083
15919904,0022-538X
20223211,1878-4186
15834955,1096-9861
27048259,1573-675X
35041543,1477-0903
21744791,1520-6904
11842115,1362-4962
27338793,1476-4687
33417923,1090-2422
37856544,1091-6490
10709091,0020-7136
15209496,0006-2960
15039445,0021-9258
18621860,0363-6135
27795402,2150-7511
28933646,1555-8584
38284198,1600-0625
16258286,1551-4005
15262445,0165-022X
33636367,2210-3244
20420426,1520-4995
25623541,1873-507X
31158228,1553-7358
26275773,1362-4962
25526086,1476-5403
37009061,2643-6728
32294946,2076-393X
19756148,1932-6203
12084068,0014-2956
19833522,1464-3391
28830332,1533-1601
15905059,0731-7085
18482831,0939-6411
30470739,2041-1723
17703088,1422-6421
28820351,1551-4005
15725418,0006-8993
20367066,1556-7125
23417672,1083-351X
29915083,1091-6490
24359406,1472-6882
20547138,0006-3002
20838636,1932-6203
28459551,1520-4995
37398174,
26646171,1545-7885
37738902,1090-2104
23817039,1090-2104
18837167,0015-5632
16547400,0289-0003
17318221,1350-9047
36645445,1550-6606
20010875,1476-5594
34512753,1687-8450
34353416,2214-0190
27634771,1873-7544
29507094,1083-351X
11054812,0360-4012
34940790,1540-9538
11311135,0264-6021
22327008,1535-9786
35146778,1460-2075
24919535,1432-072X
35880950,1551-4005
24162018,2041-1723
34094105,2041-6520
22183548,1940-6029
30880224,1873-3913
21512802,1432-0738
20671242,1524-4571
17235493,0166-8595
25797890,1878-1810
32172734,1445-4416
33274189,2296-424X
32900932,1091-6490
23479762,1535-3699
20709422,1618-1298
31189654,1083-351X
27169352,0006-3002
34257299,2041-1723
20197044,1542-0086
21031485,1469-896X
32275929,1879-2650
36926907,1130-0108
27872982,1432-0983
17957250,1932-6203
30611981,1768-3254
22383530,1083-351X
31636464,1529-2916
15039088,1046-2023
16314420,0021-9258
12502561,0077-8923
30468788,1872-7549
15175283,0021-9193
17487399,1021-335X
15652523,0014-4835
19159910,1095-8673
37844464,1878-1705
17406340,1750-2799
15705590,0021-9258
29773831,2045-2322
21811445,1662-5137
10856879,0022-0795
37176009,1422-0067
19272450,1095-9130
29681477,1879-0445
35623230,1618-1298
26748914,1432-2048
27225870,1097-4652
21121900,1470-8728
36647612,1549-960X
16676145,1436-2228
12137932,0006-8993
34731414,2190-3948
32168101,1473-558X
36334872,1535-9484
38288833,1875-6557
25428220,1528-0020
35063482,1879-0003
15657043,0021-9258
20044836,1535-3907
22531627,1638-6183
34146438,1365-2958
33280960,1873-7072
26613512,1878-1705
34155551,1618-2650
35533581,1090-2120
28922514,1601-0825
31762411,1531-2267
22665792,1091-6490
23428842,1741-2552
37908731,1838-7640
29055716,1090-2430
12954425,0031-9384
33504803,2041-1723
12660155,0261-4189
15672442,0360-4012
21490275,1946-6242
11472891,8756-3282
31813797,1878-1551
35421609,1878-1454
18386936,1530-6984
30293127,1573-9368
29718378,1537-6613
22031943,1098-5514
22549772,1083-351X
27510922,2041-1723
27027998,1551-4005
26771574,1535-4989
23595672,1559-0836
17510231,0013-7227
22860026,1932-6203
30272359,1791-3004
10873480,1046-2023
10683175,0950-1991
26226135,1932-6203
33538041,1097-0231
36750663,2399-3642
33718983,1617-4623
18439261,1752-0509
31964740,2150-7511
12419248,0092-8674
28625782,1879-0445
29499565,2213-2317
37857526,2051-1426
24501395,1758-0463
26985028,1529-2401
29645031,1364-548X
38092323,1089-8646
21875596,1089-8638
21569817,1873-6351
16514659,0730-2312
24289149,1365-3164
25617208,0948-5023
28922415,1553-7374
26070559,1083-351X
26889679,1545-7885
29313971,1097-0215
21403644,1530-0307
17472959,0021-9258
33872658,1879-0089
12894873,0004-069X
33929896,1522-1539
30265660,1553-7404
25130703,1618-0607
19524299,1872-9142
21968275,1532-2777
24671176,1932-6203
30590260,1873-2690
12887696,0022-3042
34857003,1475-2867
16230742,0022-2275
20466070,1873-0329
22574199,1932-6203
24576507,1873-4596
19816148,1559-2324
23927922,1638-6183
16690746,0027-8424
11208058,1398-9219
36836303,2309-608X
30657449,2050-084X
12654920,0021-9258
19181367,1879-2472
21183612,1537-1719
12558980,0022-3042
31660436,2374-7943
19751963,1872-7980
35729108,2041-1723
35466427,1099-0801
22270084,1362-4962
12049734,1097-2765
15067709,0022-3549
30920511,2310-2861
18309502,0001-6322
24843008,2050-084X
17328803,1471-2148
25367038,1549-5477
22178790,0006-3002
25770156,2159-8290
31616807,2470-1343
37316654,1476-4687
17984971,1545-9985
14566560,0032-0935
28246170,1083-351X
28964917,1873-4596
37500730,1546-1718
30528596,1878-4186
15219849,0006-291X
18198191,0021-9533
28159794,1098-5336
17367717,1046-2023
16284372,1055-9965
22457434,1741-7899
23948915,1875-8908
28630422,2045-2322
29655787,1096-0279
17293863,1061-4036
32524705,1365-313X
30384554,1303-6165
20051041,1365-3040
23131510,1677-6119
17604871,1873-4995
35491934,1555-8584
21568856,1608-3040
16787776,0022-2836
28746365,1932-6203
15072545,0952-5041
37603459,1521-3773
12218140,0022-1767
11739185,0006-4971
17243193,0952-3499
11018150,0737-4038
26046126,1791-244X
32680563,2047-2994
16193517,0006-3592
29735519,1098-5522
31678682,1873-3913
36269860,1091-6490
10985429,0340-2061
23396135,1546-1718
12072969,0949-8257
14709052,0002-7863
15588140,0862-8408
18079201,0013-7227
15893112,0306-9877
25748139,2050-084X
24837958,1873-7072
27462812,1476-4687
20711181,1476-4679
33797892,1520-6882
37108690,1422-0067
24136552,1940-6029
20823509,1744-3091
24312324,1932-6203
25460509,1949-2553
15175332,0021-9258
26203857,2041-4889
21930793,1098-5549
29875322,2379-3708
25593506,1090-0535
19228686,0021-9258
31735626,1878-3686
18725330,0006-3002
16165113,0008-8749
12719473,0021-9525
17110461,0006-4971
24971814,1878-5867
29556107,2058-5276
34023904,1362-4962
17013611,0001-6322
19088274,0022-1317
20975736,1440-1711
23224748,1476-3524
16448026,1551-7497
19844268,1365-2540
17034045,1097-0134
35151199,1090-2104
11000486,0169-328X
23717391,1932-6203
11550219,0360-4012
32049272,1540-8140
27542249,1949-2553
32336754,1532-1827
27209231,1464-3405
26656427,1872-9800
35969389,1552-3365
16275332,0076-6879
15823431,0304-3940
16339216,0964-6906
25804130,2040-3372
27579711,1520-510X
20445251,1744-3091
28742108,1932-6203
15888125,1601-6335
11514512,0021-9193
31121874,2073-4409
32242141,2045-2322
38416826,2375-2548
14972325,1096-7192
20647354,1940-3402
18348539,1520-4898
25023280,1083-351X
26118996,1934-6069
26903623,1091-6490
38278307,1872-8006
16627785,1524-4571
12153730,0021-924X
15105375,0890-9369
21710689,1096-9896
24623446,1521-4095
23878194,1083-351X
27645384,1098-5530
15332621,0957-4530
33588834,1475-2867
17321148,1046-5928
33705656,1520-4804
22661231,1549-5477
24191698,1936-086X
15492314,1524-4539
33630390,1365-2184
16262243,0006-2960
33440072,1467-7652
16091282,0003-2697
31953325,1083-351X
21731731,1932-6203
23405229,1932-6203
28147319,1949-2553
34117249,2041-1723
17912603,0166-8595
11132862,0022-0302
18687924,1095-9203
15944254,0022-1767
23115299,1098-5514
11693566,0925-2738
21441211,1943-2631
35083331,2314-6141
11741885,0021-9258
20211142,1097-4172
20595006,0006-3002
16702541,0027-8424
36335116,2045-2322
19959991,1460-2075
11278918,0021-9258
15082759,0270-7306
23300781,1932-6203
33821786,2050-084X
29467319,1098-5514
15356288,1362-4962
16427359,1434-4610
18079701,1460-2075
21671007,1573-675X
26497139,1573-5079
16872734,0300-9084
34955310,1873-3344
30021847,1744-4292
34857680,1674-8301
20946988,1097-4172
26554447,1751-732X
33066491,2075-4418
26172508,1543-2165
26995025,1878-1705
29669836,1098-5514
12871905,0016-6731
29520916,1462-5822
19028568,0923-2508
25733498,1873-3700
16644725,0021-9258
26504172,1540-8140
28533331,1524-4563
36318108,1520-5215
11514549,0021-9258
23056494,1932-6203
22827995,1937-9145
23020643,1399-3054
36008481,2041-1723
22308335,1091-6490
15081896,0003-9861
22113296,1940-6029
30655573,2045-2322
31981388,1460-9568
28836015,1432-1327
36880401,1755-3245
16245312,0021-9541
30012518,1090-2139
33813791,1365-2443
24699374,0006-3002
21646537,1091-6490
19559712,1089-8638
29036694,1471-9053
11073843,1524-4636
17328911,0022-2836
23141473,1096-7184
36499151,1422-0067
11011805,0094-6176
16636103,1530-6860
32109368,2213-6711
16998842,1040-452X
20493815,1878-1551
17028189,0021-9258
19218246,0021-9258
26172511,1479-828X
36180459,2045-2322
21945318,1873-3468
26019250,1541-6100
24509510,1529-2916
36361582,1422-0067
11809766,0021-9258
27995898,2050-084X
36013387,2075-1729
21916482,1520-4995
30912495,1469-8994
29343452,1879-0003
19633267,1535-9786
32291842,1462-2920
36585612,1528-3658
26660762,1521-0111
17250550,0893-5785
28436458,2045-2322
11298088,0300-0664
35122041,2662-1347
34167949,1538-7445
23415911,1097-4180
25908846,1477-9137
10671482,0021-9258
24285796,1532-298X
27679486,1083-351X
33439673,1939-4586
27254796,1098-2744
17458623,1438-2199
12091387,0021-9258
20419421,1940-6029
15777699,0378-1119
23261767,1090-2430
26134274,1553-7374
31577529,1939-4586
27052179,2211-1247
10681576,0021-9258
17510322,0006-4971
16253244,0014-5793
12767217,0006-2960
18989951,1520-4804
25614622,1083-351X
27323399,1949-2553
26935949,2046-2441
18357784,
20364085,1558-8238
31287215,1615-9861
32046450,1933-7205
29573844,1873-2232
23630284,1091-6490
17438939,0265-2048
34633186,1520-4995
15769468,0022-2836
16540654,0008-5472
25136561,2314-6141
15890964,0022-538X
19319673,1573-7365
21078165,1471-2377
38311632,2045-2322
18703514,0021-9258
15906160,0300-4864
33053339,2211-1247
19905362,1550-2376
36291676,2218-273X
22518003,1533-3450
32023470,2211-1247
18791942,1369-1635
20200066,1532-2548
30337855,1662-5099
24718571,1932-6203
32432306,2042-650X
15878333,0014-4827
11948396,0950-9232
24305113,1472-6882
32840570,1574-6968
32839277,1521-009X
34813726,1097-4172
29802332,2041-4889
21062903,1741-7899
22645361,1091-6490
17761677,0021-9258
31819495,1178-6930
33042276,1838-7640
11319617,0969-7128
11948400,0950-9232
12236590,0300-8177
22520758,1879-1301
29147012,2092-6413
37500658,2041-1723
26537674,1098-5514
26459799,1477-9234
29018234,2041-1723
28722203,1526-968X
26539667,1530-0447
30021519,1471-2229
15014069,0021-9258
35251369,1875-8630
18513786,1095-6859
11269889,0168-8227
25886373,1471-2407
28509351,1097-4547
20164194,1083-351X
22183599,1940-6029
12136086,1362-4962
20175995,1090-2104
35044196,2165-0497
36178624,1940-6029
36764606,1879-0631
26362607,1532-298X
27104928,1476-5403
24358302,1932-6203
16473471,0306-4522
34364871,1083-351X
31332161,2041-4889
28721978,1998-4049
36907295,1879-0003
17420471,0027-8424
11972055,0027-8424
28169365,2045-2322
21482542,1462-0332
38511495,2691-1299
21438014,1098-1136
28389544,1098-5336
12519765,0021-9258
31659275,1476-4679
17401346,1750-2799
17977883,1367-4811
25519910,1083-351X
32555348,2041-1723
18036194,1471-4159
22370484,1551-4005
10983987,1097-2765
36511702,1098-5522
26456830,2211-1247
32876048,2050-084X
33947854,2041-1723
31059775,1095-8657
21965532,1362-4962
15717629,0886-022X
31355046,2095-5138
10869347,0021-9258
23705366,1001-4454
32165640,2041-1723
29206101,2050-084X
35611699,1524-4571
21748493,1559-0291
18687802,1521-009X
19789218,1538-8514
34595921,1520-4995
15857828,0021-9258
19074577,1945-7170
25843012,1752-9867
32416259,1872-7492
15934751,0020-1669
10690902,0021-972X
11771376,0076-6879
19561194,1362-4962
30472221,1879-0720
14725764,0969-2126
29930984,2352-345X
12067345,0950-382X
19857459,1090-2104
10801330,0006-2960
26268246,1557-3265
35430893,2379-5077
22367970,1460-2083
31259644,1464-5203
26050708,1752-0509
30154076,1460-2075
30861161,1097-4644
27597117,2045-2322
36401762,2211-3436
14594951,0021-9258
22454507,1477-9137
28787443,1553-7404
11726183,0003-2697
37816303,1950-6007
17880437,1351-8216
23506433,1538-7836
16412250,1471-2164
18852293,1540-9538
15899837,0008-5472
18185529,1523-1747
27874860,1755-4349
18543295,1096-9861
34717972,1089-8638
32852087,1942-7611
10978519,0006-3002
31506500,2045-2322
21565925,1465-3621
31397327,2053-230X
34978144,1860-7187
10801852,0021-9258
22925049,1365-2958
28188256,1470-8728
35597551,1089-8638
24126135,1095-6867
37398189,2692-8205
27091925,1468-6244
35380267,1617-4623
20184436,1937-335X
12552230,1234-1010
15551290,0361-8609
15541490,0162-0134
15820260,0022-4804
28326942,1744-8069
18425752,0173-0835
18332142,0021-9258
32753382,1091-6490
37498819,1553-7404
32694757,1745-7254
18940664,1074-5521
25833044,1098-5514
37733630,1097-4644
32875432,1573-4978
10707955,0888-8809
12387898,0014-5793
21699901,1089-8638
28075576,1520-5126
16199870,0270-7306
28158543,1367-4811
21518915,1091-6490
23345402,1477-9137
29032149,1879-0038
27992205,1549-9626
29486132,2152-4998
11238921,0270-7306
19546242,1540-8140
17116475,0076-6879
21979920,1549-5477
19836339,1878-4186
27006400,1083-351X
27028410,1478-3231
19012754,1471-4159
29496961,1091-6490
29293507,1932-6203
29622185,1873-7072
38383739,2045-2322
30139944,2045-2322
30508596,1876-4320
17498979,1065-6995
33247117,2055-5008
20142421,1540-8140
36053001,2162-397X
23680150,1878-3686
21549356,1872-6240
10611231,0270-7306
18023287,0006-3002
17711850,0021-9258
18522317,0026-3656
26711011,1097-4164
29721183,1949-2553
32210331,2045-2322
24971490,1520-4995
25579814,1878-4186
22428043,1932-6203
36574906,1872-9096
35731926,1538-7445
26865609,1529-2401
21183954,1460-2075
19661065,1083-351X
18665238,1932-6203
22003006,1098-5336
25318550,2567-689X
28249189,1873-2976
30708836,0191-2917
22328533,1524-4571
26179713,2045-2322
35313064,1878-0261
31142553,1083-351X
20368730,1748-7838
15916859,0306-4522
33396627,1422-0067
20136105,1520-5207
29915101,1524-4539
12069495,0022-4804
22444885,1751-7311
36578083,1479-5876
27983510,1560-7917
10823867,0022-538X
28188622,1096-9861
19711919,1520-4804
36747093,1545-9985
24015989,1364-3703
15026281,0009-8981
23527218,1932-6203
11027571,0006-291X
36991029,2045-2322
12951365,0022-2275
27197168,1538-7445
23135926,1550-7416
15730731,0578-1426
16101683,1398-9219
30874608,1476-5578
29251628,1558-8238
32074129,1932-6203
22632443,1471-180X
17719595,0021-9673
25827711,1720-8386
26321731,1878-6146
23254329,1362-4962
12743292,0022-538X
24753330,1756-2651
37092785,1097-0010
19735086,1531-8257
27180058,1532-8198
24565064,1752-0509
36650585,1756-3305
20421487,1091-6490
15799962,0021-9258
35690242,1879-1220
14636560,0092-8674
10823889,0027-8424
23913924,1549-5477
28579541,1878-7568
33273542,2045-2322
12881511,0888-8809
11294893,1059-1524
35357710,1365-3040
20640425,1432-0991
19505049,0041-3771
32859902,2041-1723
19930574,1472-6750
24512823,1600-0641
17660251,0961-8368
28253967,1557-7988
19862764,1615-9861
26644433,1098-5530
25613008,1872-7492
11086993,0896-6273
11591146,0006-2960
24080911,1530-0307
21090248,0026-8984
16278302,0006-4971
15696364,0022-2844
33682750,1878-7401
36441079,1879-0003
30669350,1420-3049
26902726,1098-5522
16822987,1529-2401
38091051,1863-2661
20455032,1559-0291
26053396,1422-0067
12604780,0027-8424
12686148,0006-3002
25451040,2041-1723
27791004,1091-6490
35066376,1090-2104
12559910,0022-2836
22415365,1460-2075
22970809,1470-8728
18579504,0016-6731
16860774,0003-2697
20175921,1471-2229
25662607,1362-4962
24809668,1553-7404
17592040,1355-8382
24840027,1949-2553
19124604,1098-5522
33557133,1422-0067
34180764,2165-5987
22372469,1520-4995
12676963,0021-9258
17826759,0012-1606
33090888,1557-8852
10892730,0173-0835
25564305,1742-2051
15469019,0132-3423
17805054,1556-1380
34417862,1432-0827
34389721,2041-1723
20360033,1535-9484
22646150,1520-4995
20237154,1939-4586
30467749,1614-7499
20833783,1098-5336
29055193,1873-4235
18845083,1007-8738
19864624,1091-6490
33728688,1097-0177
33576433,1471-9053
12411490,0261-4189
31404087,1932-6203
30929144,2092-9293
37024507,2041-1723
17405914,0077-8923
28889214,1420-908X
36944292,1879-0534
23290554,1879-0445
30120252,2041-1723
16928742,0022-538X
25969538,1083-351X
17645450,0950-382X
11053423,0021-9258
15878980,0006-4971
16344554,1088-9051
21241690,1096-0945
26453836,1873-3468
26599878,1932-6203
27442426,1097-4652
33842002,2090-1224
17289013,0012-1606
31127101,2041-1723
29572253,1468-6244
31476662,1878-5905
19118013,1538-7445
11222320,0006-3495
25559463,1434-4726
26522226,1090-2104
21677170,1529-2401
14607699,1499-3872
20709055,1879-0712
27658966,1362-4962
11724781,0021-9258
25678709,1083-351X
15811859,0021-9258
18582208,1557-8348
37899431,1758-9193
24385582,1091-6490
21531205,1090-2104
18414417,1476-5497
30317561,1097-4652
24312406,1932-6203
21870744,0048-7848
32460231,1568-7856
12006585,0021-9258
31734650,1336-0329
32112837,1879-0003
32332170,1091-6490
12202766,1362-4962
20444623,1879-1123
29634933,1878-1551
35461001,1873-3336
23074189,1362-4962
18223207,1078-0432
22549042,0006-3002
36754446,2051-817X
11809804,0270-7306
32490211,2405-5808
28158805,1460-2431
36329234,1476-5403
25424367,1414-431X
16014488,1466-5026
37062591,1747-0285
19888686,1874-270X
22261723,1535-9484
21449539,1520-4995
30858298,1098-5530
17189197,1097-2765
31943114,1362-4962
16714332,1040-0605
32068236,1573-4935
22178500,1878-1551
38151017,1097-4164
16153422,0039-6060
11243878,0006-291X
12077334,0270-7306
37225922,0948-5023
12591739,0008-5472
17259204,0269-8811
38037222,1470-8744
15334690,1007-9327
31359134,1432-1955
24825097,2191-0286
18571434,1095-8657
25624351,1098-5522
26795477,1557-7988
36716376,1091-6490
23093945,1553-7404
11581287,0021-9525
36453906,2165-0497
33346928,1460-2075
18205876,0007-0963
14500838,1362-4962
25257427,1573-8221
27400087,1944-8252
20068142,1939-327X
34903606,1538-7445
12147351,0006-3002
12682004,1524-4539
16420446,0953-816X
22338074,1522-1555
19575798,1471-2199
19819545,1878-5905
17301036,1079-5006
24019492,1091-6490
16973932,0363-6119
19640831,1744-5485
21970403,1095-8355
21737680,1939-4586
25726846,1582-4934
22776098,1742-4658
18204916,1423-0127
27563852,1097-0290
22793495,1520-5126
15500443,1470-8728
23523930,1638-6183
15152051,1529-2401
25843451,1520-5126
15111441,0006-3495
22903716,1940-6029
28176777,2041-1723
29772559,2768-6698
29078279,1091-6490
11972323,1362-4962
10880347,0264-6021
21981922,1097-4164
16436504,1059-1524
25896322,1476-4687
23286672,1475-2662
26577396,1573-6903
37053306,2691-1299
16736579,0001-6209
16809295,0022-538X
17706244,0022-1759
20038124,1520-510X
14637140,0006-291X
28220754,2050-084X
26856421,2045-2322
26842778,2051-5960
38260533,2692-8205
25925566,1362-4962
24518821,2041-1723
11301479,0952-3499
19098428,1551-4005
22818972,1464-3405
25208568,1939-4586
16987932,1460-2156
27052177,2211-1247
22004747,1542-0086
15522299,0022-2836
15851031,0092-8674
21837636,1096-987X
15727904,1079-9796
21540552,1558-8238
20193754,1089-8646
19820710,1545-9985
23531613,1522-1555
12798625,0264-410X
20727114,1399-0039
32824610,2072-6651
20100315,1741-7007
12135380,0006-2960
24508410,1095-9157
15289581,1362-4962
11489986,0022-1767
23625919,1083-351X
11739776,1059-1524
12617600,0021-8561
15120611,0006-291X
22763338,1937-9145
23967743,1007-3418
24616477,1550-6606
28406475,2041-4889
36155291,1873-7072
28625536,2213-6711
29378961,1091-6490
16083071,1110-0583
22424389,1742-2094
19792035,1089-7682
32544384,1097-4172
19487463,1098-5549
18449907,1097-4652
31898848,1098-1004
17223703,0006-2960
19018107,1399-0047
24032446,1520-4898
15125991,0303-2647
27314644,1095-7103
25945001,2219-2840
12080473,0950-9232
32573322,1551-4005
23094949,1520-6882
23933017,0006-3002
17617028,1434-6621
23639971,1463-9084
17074814,0270-7306
15331623,0741-5400
17371546,1742-464X
21502374,1535-9484
16325003,0361-9230
36346641,1939-327X
26382721,1942-7611
35883213,1939-165X
26204516,1932-6203
23699409,1549-5477
22422840,1362-4962
12356304,0006-2960
21895793,1365-2958
32603587,2161-5063
23761108,2157-6564
15879514,0016-6731
21986938,1476-5594
16168454,0042-6822
33445520,2073-4409
15310758,0021-9258
10951210,0014-2956
19033661,0021-9738
11104838,0022-3956
15518810,0042-6822
25759267,1525-2191
34226692,2055-0278
28542197,1932-6203
35979662,2001-1326
15459906,0006-3592
17432887,0743-7463
19915582,1745-7254
31392992,1362-4962
16953591,0006-2960
22711988,1098-5549
16186500,0027-8424
28988281,1572-9699
12724322,0021-9258
34854277,1592-8721
29069588,2211-1247
32269710,1943-8141
30801173,1520-6882
31473102,1097-4164
11470436,0969-2126
29784875,1083-351X
32128972,1742-4658
37882474,1751-7915
27101375,1932-6203
24021647,1873-3468
34338731,1460-2431
11900485,0014-4827
19016135,0955-3002
22561345,1476-4679
21412273,1750-2799
24307793,2219-2840
23701821,1873-2941
11094077,0270-7306
38147689,1549-9626
24798431,1932-6203
12893314,1567-5394
28356166,1465-542X
29571066,1872-9614
12710931,0014-4886
32705242,1791-3004
23423781,1098-2744
18511070,1089-8638
19929878,1365-313X
28412516,1873-4863
27197222,1549-5469
28583798,1464-3405
33393064,1573-5079
34605433,2059-7983
18215272,1471-2180
26779826,1879-0038
22272439,2522-9028
16024617,0008-5472
37779247,1477-4054
12209081,0091-6749
23962087,1520-4995
30398689,1097-0231
21403396,1558-8238
29307839,2451-9448
35835865,1545-9985
15890843,1095-9203
23084057,1873-4324
17340223,0171-967X
15285646,0020-1669
25795007,2326-6074
34627148,1471-2164
17357109,0014-2980
18065555,0032-0889
31592095,2474-9842
19095021,1873-4995
20603098,0006-3002
24374738,1097-0215
21478269,1557-3125
15937903,1097-0134
22366279,1095-8657
12660326,1046-6673
27903963,1949-2553
24759615,2046-2441
15866692,0041-1345
23687047,1095-9203
18824506,1469-896X
21188516,1573-6903
21627409,1369-1635
26503784,1098-5549
10938272,0021-9258
29229780,1083-351X
25865244,1878-4186
12756324,1355-8382
18052236,0021-8561
30566277,1747-0285
18446769,0951-4198
25536232,1938-5404
16365153,0741-5400
22405003,1878-4186
32450689,1520-5126
36789686,1745-7270
31915248,1083-351X
38296128,1879-0003
24610890,1552-4965
32379884,1540-8140
33719563,1522-1504
17041233,1362-4962
12853481,0261-4189
32636647,1178-6930
18840549,1568-7864
17108104,0008-5472
16805805,0022-3042
15988012,0270-7306
11972039,0027-8424
30902071,1471-2407
30418544,1755-3245
27034416,1528-0020
21526783,1936-086X
26074364,1522-9653
27807228,1098-5514
11137629,0197-0186
28808245,2045-2322
10808272,1343-4934
32862338,1573-6873
26944449,1878-3279
26348848,1932-6203
33933885,1873-4243
35311510,1098-5336
34647005,2590-0064
26952865,1476-5578
37400926,1756-0500
29045937,1421-9778
17512223,1065-6995
32488050,2158-3188
33098724,1365-313X
19220318,1747-0285
11752428,0027-8424
19338281,1554-8937
31473157,1089-8638
38410961,1948-7185
30042493,1476-5403
16368150,0165-2478
12823823,0950-382X
18057048,1460-2431
19805480,1535-4989
29496498,1879-0089
31288636,1757-6334
17314161,0022-538X
28454486,1559-4106
19996758,1536-0210
14645908,0022-1317
21175814,1440-1746
21487097,1532-298X
31978189,1932-6203
11300504,0146-4760
32828830,1873-4863
26982821,2167-9436
34009190,1940-087X
37468639,1476-4687
20179197,1538-7445
29288540,1349-7006
33961858,1879-0631
22722934,1083-351X
12379106,0006-2960
27881304,1097-4172
32673948,1873-7072
15699114,0022-1767
16390460,0950-382X
23308285,1932-6203
16675267,1047-8477
27909227,1522-1601
34453978,1879-2596
34429584,1177-8881
31167788,1083-351X
19763332,1742-2051
11507035,0008-5472
35215950,1999-4915
19585514,1521-4141
18206979,1096-0384
19225890,1573-9686
30696742,2150-7511
20861318,1465-2099
20550931,1097-4172
23911104,1097-4199
29045395,1476-4687
21757758,1083-351X
22431089,1097-4598
28254775,1535-9484
30021001,1932-6203
31092637,1550-6606
20237160,1939-4586
23962429,1090-2104
24362023,1083-351X
12435390,0006-291X
22768092,1932-6203
17146436,0950-9232
22416276,1937-9145
19066630,1932-6203
25691102,1876-2891
38561760,1471-2407
21291856,1096-0309
29122676,1872-7298
35525547,1557-7988
15496426,0964-6906
20624070,1931-8405
25808490,1939-4586
11700348,1350-0872
28067008,1099-1387
26527656,1532-2548
12718891,1097-2765
23856166,0006-3002
17376975,1529-2401
31720731,1432-0428
14657239,1059-1524
35269789,1422-0067
34504068,2041-1723
31723129,2041-1723
27682846,1757-6199
16479541,0014-2980
15231748,1088-9051
23355795,1449-2288
24043688,1476-1645
25645259,1743-422X
21896272,1096-0007
21843490,1542-0086
22554826,1752-8976
31302248,1879-2618
26169722,1520-4995
11729159,0016-6731
14730586,0021-9967
11423182,0304-4017
20350304,1471-2091
33299178,1476-4687
23437272,1932-6203
30661264,1600-0625
20950431,1476-4598
17557508,0391-5387
22474287,1083-351X
18537821,1742-464X
23903681,1414-431X
18282112,1553-7404
26979955,1091-6490
29056747,1748-7838
18083836,1469-9001
11278538,0021-9258
22038977,1097-0177
17660190,1362-4962
23341942,1932-6203
32198183,1083-351X
10749670,0264-6021
11867625,0021-9258
28350964,1543-8392
24014019,1083-351X
33965788,1090-2104
16951922,1360-8185
23954767,1096-0333
24366668,1521-0111
25163544,1471-2164
15252132,0021-9533
35229716,2050-084X
35625621,2218-273X
17483212,0021-9193
23334450,1546-1696
34242650,1879-0003
15631485,0002-7863
17457842,0196-8092
23740225,1463-9084
20697956,1573-4986
33495399,1557-3125
21625704,1477-0539
34716242,1533-3450
27899524,1937-9145
33784430,1521-3773
24587349,1932-6203
26657374,1879-1026
11896693,0893-228X
38148048,1791-7549
24086613,1932-6203
17623065,1471-2148
37154160,2379-3708
25990734,1362-4962
11165486,0925-4773
12702446,1567-1356
31363904,1617-4623
16352611,0021-9258
30963630,1097-4644
24277604,1540-7748
19299730,1550-6606
11822460,0947-6539
22665935,1528-0020
15954156,1615-9853
32154934,1527-3350
18493598,1932-6203
21505245,1744-3091
30281470,1558-2639
24275947,1424-8247
31463900,1940-6029
34893619,2041-1723
35050852,2050-084X
16253346,0165-5728
23106891,2542-5641
33442060,1476-4687
36671272,2079-6382
19388025,1521-3765
14747705,0907-4449
29856891,1365-3040
27405979,1937-9145
19446736,1557-7988
31130956,1664-3224
11278855,0021-9258
18390600,1542-0086
29035272,1478-3975
22194943,1932-6203
34568836,2662-1347
30837669,2045-2322
31131272,2296-2646
23150446,1940-6029
27330050,1552-4531
31112997,1541-6100
23913256,1521-0111
24336150,1546-1726
37449977,1473-5741
28052854,1098-6596
16138186,0021-9738
15596354,1046-5928
22945392,1099-1492
25889872,1618-1328
35776379,1476-3524
29022756,1468-2982
15601591,0999-193X
36911382,1792-1015
28391962,1525-0024
36240973,1916-7075
22242921,1520-4995
18448119,1089-8638
30694432,1573-5079
12663758,0022-538X
33385163,2632-8674
19264986,1095-9203
26022081,1464-3391
26258521,1520-4804
22996816,1521-3773
19352500,1932-6203
24424840,1791-2423
35163536,1422-0067
16481584,0022-0949
12815176,0022-3751
15329733,1476-4687
25652782,1099-0461
37910502,2211-1247
17274959,0006-8993
29645318,1469-896X
24041502,0006-3002
20587504,1362-4962
32999313,2045-2322
12873387,0896-6273
12118379,0950-9232
33483084,1879-1344
12051555,0192-6233
23524258,1090-2104
22432509,1520-5207
17652130,1355-8382
33721250,1474-9092
34867892,1664-302X
16882944,1460-2105
33142454,1525-3171
21925170,1090-2422
18445785,1530-6860
21454661,1083-351X
20573985,1939-4586
11867532,0261-4189
28987282,1873-2747
10913622,0014-5793
36639690,2041-1723
16842937,0378-1119
12781135,0960-9822
21383206,1535-9484
33068606,1872-7905
31861546,2077-0383
33437636,2214-031X
19101984,1526-968X
18332182,1540-9538
25470020,1422-0067
28868265,2251-9637
20233308,1365-2958
15590916,1529-2401
34290225,2041-4889
30663646,1940-087X
26840727,1542-0086
38195637,2041-1723
23468429,1549-5477
19782032,1097-4164
26822084,1939-327X
15310391,1471-2091
30735597,1521-3773
33052068,1522-1563
35723978,1520-5207
20863404,1742-4690
17072345,0950-9232
31827253,1435-232X
16432203,0027-8424
16905657,1040-4651
17542582,0002-7863
20453139,1098-5336
33231430,1520-6882
36537041,1755-3245
11976344,0021-9258
24231746,1873-3557
16098534,0022-2836
22210372,1878-1705
30485077,1526-4602
16571691,1541-0048
23454490,0006-3002
27121061,1949-2553
27404214,2161-5063
23816873,1638-6183
10840064,0027-8424
31767684,1083-351X
34050235,2399-3642
17023175,1044-0305
25017095,1878-5905
23599647,2219-2840
18457662,1090-2104
27206520,1475-2859
23425245,1520-4995
19913030,1089-8638
32286456,2045-2322
34696705,1559-2308
17202249,1530-6860
20435918,1091-6490
11859925,0895-8696
34556022,1528-3658
26091774,1573-2614
19465527,1098-5336
23616120,1946-6242
33443306,1860-7187
12068016,0021-9258
24495006,1535-3907
22665135,1791-2423
28101952,1873-3468
26101216,1540-8140
36038598,2041-1723
31740800,1529-2916
35095969,1664-462X
27541731,1553-7404
23320382,1944-8252
10713087,0021-9258
28689636,1873-2232
27119233,1949-2553
22327741,1532-298X
28754537,0005-2736
26286832,1423-0380
36346822,1553-7358
35151227,1950-6007
19141674,0950-1991
35216079,1422-0067
20542253,1934-6069
22432034,1932-6203
25069814,1880-3873
20658568,1096-987X
18421371,1553-7358
22035198,1365-313X
26423586,1934-3647
27003254,1090-2104
35240128,1089-8638
15878155,0003-9861
22964711,1748-7838
29347475,2470-0053
24714818,1791-244X
16329861,0168-6496
22266819,1545-9985
16492140,1470-8728
19909377,1365-2567
17543506,0925-4773
11050090,0021-9258
15358619,0006-4971
18469340,1460-2083
29432531,1460-2156
11495924,0021-9258
31137585,2072-6651
20078120,1520-5126
22987553,1539-3429
27222202,1791-2431
10869066,0021-9193
35839257,1553-7404
22514346,1098-5514
10660044,0092-8674
27311715,1083-351X
26396531,1178-6930
12947029,0363-6119
29991711,1745-7254
32800589,1532-2785
37267917,1875-9777
19124048,0168-1656
11126358,0950-9232
30244973,1932-7420
31669695,1873-3344
35402601,2305-5839
17946611,1557-170X
16291744,0021-9258
32022687,2050-084X
33324395,1664-3224
31964805,1937-9145
18285445,0021-9533
24767605,1478-811X
24340612,0031-2991
18382279,0959-4965
29793951,1098-5514
11591842,0028-3878
15564375,0021-9533
19822166,1879-3150
16618101,0006-2960
23999306,1399-0047
15772086,0021-9258
11096114,0021-9258
22797941,1432-1424
16824958,1534-5807
14722085,0021-9258
11706051,0021-9525
19444310,1469-3178
24335996,2041-1723
11073222,1355-8382
15964511,0891-5849
23401660,1090-0535
33035481,1879-0445
20624848,1537-1719
18771750,0006-3002
23738909,1520-4995
31365157,1097-0134
32605309,2227-9059
33905973,1090-2120
15051888,0027-8424
25726184,1567-2387
34933084,1535-9484
15352229,1615-9853
21209460,1083-351X
11470803,0021-9258
27463035,1480-3321
16966320,0021-9258
22227969,1532-2548
19780898,1471-4159
12370521,0269-9370
11050113,1529-2401
25119045,1476-4687
36502729,1873-7072
33035313,1460-2431
16925577,0007-1048
26512728,1932-6203
37272840,1550-6606
29281850,1365-2567
12927368,0378-4274
19195997,1535-3893
15659096,0960-7412
11782475,0021-9258
19090748,0743-7463
20095866,1557-7716
30878596,2352-3964
18228379,1934-2616
19323972,1095-9319
37385581,1089-8638
32619668,1096-1194
18759043,1006-9305
16705170,0270-7306
12177294,1362-4962
15935756,0092-8674
15506032,0267-6591
19747496,1873-7064
12421625,0306-4522
20085718,1542-0086
22566652,1091-6490
28795795,1520-6882
21569246,1471-2121
24560892,1876-7737
14499914,0301-4622
26927381,1007-8738
22161157,1532-2807
33989986,1873-3344
17572378,0006-3002
31640557,1471-2229
24015710,1470-8728
30297733,2045-2322
22192528,1600-0854
29158240,1098-5530
30521866,1872-8359
27171430,1932-6203
15701514,0022-2836
37182451,1878-1705
19213732,0021-9258
12402044,1465-7392
12920127,0021-9258
12119283,0021-9258
20392288,1478-6362
12700233,0021-9258
21320448,1542-0086
11486010,0270-7306
29280055,1557-1904
29897967,1932-6203
30910807,2575-1077
32259889,0219-6352
32656814,1365-313X
36867692,2375-2548
20602186,1432-0878
20060596,1873-2534
37184394,1098-5336
29940472,1873-2690
22216011,1553-7404
30395931,1095-8657
17762184,1015-8987
10613733,0270-9139
17434532,0022-2836
18710259,1520-6882
26119586,1471-4159
31186404,2041-4889
12972248,0022-2836
28193047,1520-6882
16611882,0022-538X
28229932,1873-3913
12782719,0022-1007
16325301,0169-5002
27163207,2158-3188
10722314,0261-4189
30804532,1552-4469
11090461,0006-3363
27209425,1618-0372
12880984,0304-3835
28781589,1573-3882
19475385,1064-3745
26631972,2045-2322
20372789,1791-2423
25365309,1932-6203
33803983,1420-3049
21819125,1520-4995
23679038,1471-2334
11044982,0076-6879
27050129,2059-7983
23330702,1600-079X
33658002,1528-3658
35222395,1664-3224
16103119,0021-9258
35446425,1362-4962
38170683,2150-5608
17182629,1362-4962
18519678,1538-7445
36302650,2575-1077
37579928,1873-3913
17935329,0002-7863
30250274,2041-1723
32942073,1768-3254
30420909,1942-0994
21634789,1520-4995
24008046,1879-3169
19229295,1460-2075
14769817,1530-6860
26450929,1549-5469
31883986,1873-6351
32297856,2050-084X
37220854,1083-351X
18957603,1350-0872
34723952,1940-087X
15826669,0022-2836
23755131,1932-6203
38070484,1460-2431
20824508,1860-2002
24256100,1471-2121
33671368,1420-3049
34105435,1554-8635
21566117,1083-351X
20160719,1532-1827
17200682,0085-2538
31887408,1878-5492
27738134,1362-4962
38542130,1422-0067
24164679,1742-4658
27213427,1999-4915
15213402,0907-4449
35328448,1422-0067
17897949,0021-9258
30959883,1999-4915
20100703,1741-0134
21270992,1364-5528
23729008,0948-5023
19883780,1096-0937
22750131,1872-7492
35337917,1879-0003
32738613,2589-0042
20888006,1532-8430
35044299,2050-084X
19828702,1528-0020
36124643,1477-9137
32067803,1618-0631
11096356,0030-2414
15821987,0167-4412
27076463,1557-9964
20132815,1090-2422
18183572,1097-4644
20354225,1937-9145
29808031,1546-1718
24178794,1945-7197
20100602,0006-3002
17406983,0364-3190
37862781,1090-2104
14690605,1097-2765
35013106,2041-4889
11830558,0950-1991
36805713,1477-9145
17093946,0012-186X
36380731,0219-1032
21621777,1879-1484
22934972,1502-7732
24634235,1676-5680
15899884,0021-9258
28787538,1365-2958
35029636,1552-5783
24954860,1875-5992
22457795,1932-6203
11842022,8750-7587
35890433,2223-7747
35162991,1422-0067
10864018,0918-6158
34434877,2215-0161
16324152,1356-9597
27634763,1538-7445
17685405,1552-4965
15862139,1007-8738
25332170,1615-9861
23845217,1464-3405
20517628,1435-4373
24635452,1520-4804
36842108,1940-6029
22926646,1530-0307
20001858,1537-6613
23503314,1098-5336
27307572,1098-5514
11522658,0008-5472
18987807,1064-3745
26597319,1469-7580
19520857,1083-351X
24872415,1083-351X
23913023,1879-1123
11084332,0960-9822
10892729,0173-0835
37718503,1099-0461
20693329,1098-5530
36755024,2041-1723
31381608,1553-7374
38449296,1367-4811
23732645,1469-7793
18349843,0007-0920
33255655,1422-0067
28673614,1873-4596
21447819,1943-4456
19279191,1756-2651
19008529,1524-4636
29268011,1520-4812
12769846,1097-2765
30008259,1750-7448
32539747,1474-760X
21286670,1791-2431
11466217,0006-3363
24285835,1550-6606
20817339,0168-9525
21531990,1460-2350
14641960,0007-1145
28459814,1553-7358
10766841,0021-9258
17978174,0027-8424
29716988,1535-9484
12589760,0022-2836
21944250,1976-670X
19582720,1522-2683
14506840,0024-4201
23205773,1549-960X
36058131,1090-2104
31554018,1365-2443
11792180,1043-1802
26140374,1422-0067
25843552,0006-3002
17532367,0049-3848
22759955,1421-9778
21266332,1939-327X
16880269,0021-9525
12761145,0019-9567
36116232,1768-3254
27325108,1471-2180
17210572,0021-9258
19346294,1530-6860
26005869,1546-1718
13678778,8756-3282
36521707,1879-0003
14765219,1359-7345
20408765,1937-335X
16454716,1570-162X
35738341,1879-0003
18260108,1097-0134
20875124,1471-2407
24156634,1535-3907
18513725,1879-0135
11566874,0261-4189
31010295,1615-7109
17914058,1059-1524
38147049,2161-5063
15084582,0021-9258
17932510,1469-221X
28520799,1932-6203
27435911,1095-8355
38341452,2041-1723
16010156,1525-4135
34009405,1432-1017
27325698,1083-351X
35723031,1469-4409
35736230,1098-5336
31775365,2076-0817
28114741,1527-3350
21811607,1932-6203
11955612,0006-3002
18031345,0378-1097
16787692,0300-483X
34199774,1422-0067
28087593,1535-9484
19702440,1557-7716
24039962,1932-6203
31376524,1873-3913
35840556,2041-4889
24347301,1477-0903
32294252,1873-3468
12626091,1536-2310
18422742,1349-7006
35814832,1792-1082
19621989,1931-8405
10806111,0021-9533
36195659,1476-5594
27872081,1098-6596
15210701,0021-9258
33247108,2041-1723
22585053,1618-2650
36297925,2073-4360
30840177,1432-2048
15847411,0020-1669
27273574,1744-7909
20153316,1879-0712
21082741,1932-8494
19646513,1879-0038
23820740,1473-558X
16774835,1046-2023
31740292,1089-8646
17113797,1090-0233
30305561,1347-3352
27610929,1557-7465
30012605,1091-6490
32532818,1083-351X
24747050,1089-8638
21168482,0006-3002
21034514,1476-4598
30317390,1863-2661
21785422,1476-4679
11682056,0014-5793
20181700,1098-5514
23231058,1520-4995
29318657,1097-0134
11322826,0147-619X
15975918,0021-9258
16407955,1476-4687
18560421,1525-0024
11599564,1355-8145
17822731,0041-0101
18421587,1559-0291
33717182,1664-3224
28114398,1932-6203
34983303,2165-5987
23053821,1573-6768
15314146,0270-7306
15188451,1045-2257
17577571,0003-9861
17079466,0008-5472
31915251,1083-351X
12355434,0014-2980
16572219,1473-0197
21673909,1422-0067
34060253,2190-6009
27625389,1362-4962
16453114,1615-7591
30907955,1096-0929
11775028,1541-9061
31061395,2041-1723
37600828,1664-3224
26293804,1552-695X
10618374,0027-8424
24770989,1521-0111
11352750,0006-2960
15772940,1099-498X
30721885,1758-5090
22837527,1095-9203
23428871,1098-5549
16256176,0065-1281
16275279,0021-9673
33440047,1349-7006
15773982,0950-382X
16687405,0021-9258
20570893,1538-7445
33292236,1475-2867
11259469,0027-8874
28178315,1932-6203
32061646,1879-2642
12903836,0300-9734
17634983,1097-0134
25707805,1476-4687
20036254,1089-8638
22053761,1472-6750
24442613,1469-9001
38319136,1477-9137
19346472,1091-6490
15147271,1356-9597
15280225,0016-6731
28769925,1664-3224
35202651,1083-351X
18385093,0146-0404
22022360,1932-6203
22633845,1873-3700
27157620,1476-5594
21498680,1532-298X
12429929,1538-4101
12440224,1359-4117
16442496,0006-291X
33002609,1096-0279
16239561,0019-9567
28414272,2050-084X
21813736,1939-4586
21734036,1098-5514
16861906,1551-4005
23972994,2211-1247
36134740,1552-4957
35277491,2041-1723
32683610,1573-5028
14533682,0022-3395
19109014,1464-3405
11892688,0304-8608
14558778,0021-8561
16895902,0021-9258
21047797,1083-351X
16489070,1078-0432
33105833,1422-0067
23197295,1476-5403
12747804,0264-6021
34127811,1532-1827
31438665,1520-4812
12015743,0022-3417
38267580,1476-4687
16531223,0969-2126
20531346,1476-5578
22175226,1520-5126
21978288,1471-2180
23871710,1873-3468
19170772,1365-2443
17022100,1615-9853
25290666,1095-9947
26657474,0006-3002
26546370,1432-2072
17072087,1347-3700
23514587,1560-8115
38117282,1550-6606
19609323,1469-3178
28132733,1873-3778
31665646,2211-1247
20922445,0948-5023
30589511,1742-4658
22659186,1873-3468
26114390,1422-0067
26987745,1573-4994
16532315,0175-7598
31337151,1422-0067
18001908,2375-7477
34270876,1751-553X
33010153,1362-4962
10713722,1350-9047
25122483,0894-0282
35910417,0377-0486
21479224,1932-6203
23640942,1437-4315
26403559,2045-2322
38325689,1879-0003
32416304,1879-0003
12670976,0021-9193
21460850,1476-5594
29199021,2405-4712
34209788,1422-0067
12799384,0021-9258
21611187,1932-6203
19622860,1399-0047
19174608,1421-9921
19106111,0021-9258
32571967,1098-5530
25427372,0869-8031
25169503,2476-762X
33624481,1002-1892
24493004,1473-0189
35545358,1672-7347
18504440,1476-5594
15705715,0027-8424
37861415,1520-5207
32175874,1940-9990
19464664,1098-8823
36623729,1083-351X
10841755,0006-2960
18331351,1742-464X
16049195,0737-4038
31552810,1538-0254
21983434,1873-4596
11429875,1523-7060
20488848,1477-0903
31247404,1873-4367
25605901,1091-6490
38128647,1535-9484
36067882,1083-351X
18486259,0168-8278
21333553,1097-4180
31364731,1791-244X
21390028,1546-1696
29021086,1879-0070
28385816,1573-4935
26096505,1557-7988
32204543,2073-4425
36799168,1791-2423
18419534,0022-1899
19512969,1530-0374
16081466,0964-6906
35579277,1872-8081
34311260,1873-4243
16682414,0021-9258
21700706,1083-351X
30898011,1554-8635
16940176,0270-7306
25924424,1672-173X
32305820,1873-2690
33099540,1945-4589
16986629,1741-2471
34674601,1942-0870
19675276,1522-1490
12006994,0582-9879
17218257,0092-8674
18092806,0006-2960
33986509,1476-5594
15984043,1615-9853
10631312,0014-5793
11094070,0270-7306
12630807,0916-9636
21834684,1557-9077
22434195,2041-1723
19564948,1422-0067
21319190,1527-3350
22772058,1476-5551
32098816,2150-7511
14580646,0093-691X
32348883,1876-7737
15944704,1476-4687
33526453,1098-5549
36613328,2304-8158
23719858,1535-5667
32663465,1878-3686
24305822,1529-2401
33148375,1976-670X
30981510,1090-2104
20098992,1433-8726
21251302,1743-422X
21196063,1558-1497
26044056,1867-1314
17620318,0021-9541
18239642,1930-7381
11124041,0022-2836
31665634,2211-1247
37210666,1460-2431
12637562,0021-9258
12607127,0300-8428
15649892,0021-9258
17263306,0003-2700
17715232,0022-538X
27016142,1095-9130
29908986,1872-7786
12354099,1356-9597
16155108,0363-6135
25524222,1873-4367
23520051,1552-4965
33370278,1932-6203
17848620,0006-4971
21926991,1545-9985
17094454,0250-7005
30463972,1098-5514
26703572,1422-0067
28177847,1480-3321
30530828,1535-5667
32481626,1422-0067
30737186,1097-4164
11522445,0891-5849
21515936,1878-5034
18515572,1552-5783
19651438,1532-1991
12058076,1059-1524
26416755,1476-4687
10943714,0959-4965
31797005,1432-0614
37364691,1873-4596
31747254,1520-4995
18801742,0021-9258
38172329,1476-5551
18787027,0013-7227
17189610,0006-3002
24238339,1097-4180
21189423,1083-351X
11073815,0002-9440
32467647,1476-5578
30613277,1838-7640
16267391,1016-8478
11256256,0213-005X
15186796,1055-7903
21203640,1463-9084
21989137,1872-7905
33674778,1476-5500
30383469,2472-5560
28118389,1932-6203
30829292,1745-7262
38354507,1873-3778
12818678,0968-0896
17991023,1462-2912
18593849,0193-1849
17263319,0003-2700
26292759,1476-5403
16721267,1073-2322
27539741,2045-2322
11755217,0006-3002
26037075,1573-4919
28162952,1878-4186
10972879,0960-7412
12660162,0261-4189
25424858,1096-9896
17314104,0021-9258
28959563,2214-7500
16473384,0042-6822
15528930,1018-1172
23180153,1567-2387
23746347,1097-4164
20822311,0001-723X
31894109,0973-7138
17586700,1040-0605
35405097,1083-351X
17395899,0193-1857
31251599,1520-4804
24714491,2050-084X
28520534,1557-8534
12023229,0006-3495
11295527,0891-5849
21910494,1520-5207
19337385,1932-6203
15618148,0019-9567
14678298,0300-0664
26327598,1949-2553
35676617,1471-2105
31019078,1091-6490
11970993,0022-1767
17164525,0907-4449
36539424,2041-1723
11167000,0378-1097
33494519,1420-3049
14570901,0021-9258
20574513,1932-6203
29501746,1090-2104
17317620,1097-2765
15270082,1355-8145
19894133,1573-5168
21971501,1879-3185
12076828,0168-1702
25982273,1476-5594
17344477,1059-1524
10704245,1043-4666
25193175,1873-3778
37199627,1098-5514
28361770,1877-8879
15362113,0886-1544
22121225,1362-4962
35880837,1095-8355
24686559,1660-3397
29956280,1940-6029
38020594,1664-2295
16954561,0161-5505
19525971,1545-9985
38380977,1477-9234
32589703,1528-0020
16600184,0006-291X
31423110,1475-2867
19281842,1873-4596
16023306,0378-1119
37766213,1999-4915
21329491,1573-4935
16020936,1660-2137
14573773,0026-895X
17761849,1095-9203
29155589,1520-5207
33026121,1521-3765
24950490,1768-3254
26879649,1618-2650
38160839,1879-1026
16132735,0168-8162
16362039,0261-4189
21355086,1528-0020
21529339,1875-5305
24295832,1938-3673
25760344,1553-7404
14603533,0021-9541
17786371,1021-335X
33428143,2523-899X
28814771,2045-2322
32182217,1558-8238
32427491,1520-5207
21903591,1083-351X
16085130,0031-9384
24045166,1872-8421
34289986,1538-7445
17689062,0954-6111
29946045,2150-7511
36909368,1792-1082
11805719,0163-4356
24988428,1557-7716
17572668,1465-7392
29636378,1524-4571
17591976,0002-9440
32786052,1530-6860
12086467,0012-1606
10756032,0022-538X
15660125,0261-4189
15555588,0006-291X
11287586,0022-538X
37977822,1549-5477
17192302,0022-538X
17704185,1542-0086
14606519,0884-0431
28487953,1791-3004
18039740,1460-2431
33264025,1520-5207
20133942,1083-351X
25322953,1976-670X
33766587,1879-0089
28412223,1873-4995
21875762,1768-3254
11479626,1078-8956
29434989,1792-1074
15175003,1470-8728
28026818,2310-6972
12270691,0969-9961
16086586,0006-2960
33386852,1471-9053
12604815,0022-1317
33573200,2073-4409
15981259,1097-0134
11844661,0960-894X
27680699,1476-4687
16182276,0012-1606
10888364,0022-3069
14557599,1535-9476
38260371,2692-8205
20347866,1879-0089
18312140,0002-9645
25989799,1874-6128
28083930,1521-4141
22195745,1097-4180
29034944,1463-9084
11278487,0021-9258
27965104,2210-3244
16882724,0027-8424
24265597,1545-7885
21616920,1521-0111
36314900,1759-9679
35771438,1940-6029
24474812,1460-2431
29140092,1520-4995
29025092,1529-7268
12513910,1079-9907
30237496,2041-4889
16154335,0956-5663
22020291,1872-7905
36874012,1663-9812
16511120,1744-3091
37937643,2379-3708
23431330,1469-9001
27992883,1553-7374
25330323,1553-7404
11781093,0006-2960
33779915,0306-0225
21212878,1756-591X
25912306,1949-2553
29681470,1878-4186
11403905,0303-7207
10748134,0021-9258
11761480,0364-5134
14680831,0006-291X
18381738,0947-6539
23893879,1097-0142
26225830,1528-3658
10949039,1097-2765
21515283,1089-8638
26183538,1879-0542
17940056,0959-6658
35616334,1477-9129
16963570,0021-9193
24197265,1573-5079
14523392,1465-7392
15983033,0021-9258
26482706,0006-3002
15618548,1524-4636
21674815,1520-6033
20935672,1476-5594
19887607,1538-7445
22087861,1029-2330
10826955,0273-2289
17137594,0022-2836
27238748,1872-7972
27478991,1520-4995
24306216,1541-6100
12101235,0270-7306
24840438,1873-3573
25017718,1757-9708
27884932,1477-9137
10926516,0022-2836
15752936,0895-7061
22355701,2045-2322
19140324,0026-8984
15510150,1476-4687
35550246,2050-084X
29311619,2045-2322
28585683,2299-8306
12813079,0021-9193
33484758,1879-0038
31390569,2211-1247
16971094,0925-4773
20558579,1525-2191
30523975,1741-2552
11673483,0022-1767
17112413,1671-4083
28422163,2045-2322
31601797,2041-1723
26989109,1462-0332
16113652,1469-221X
36909162,1663-9812
20558741,1083-351X
29088718,1949-2553
33288722,1091-6490
12446894,1095-9203
17623709,0885-3282
28745542,1949-1042
33347452,1932-6203
34147226,1525-3198
36594787,1477-9137
14749390,0270-7306
15845869,0193-1857
26447598,1802-9973
12865426,0021-9258
25841198,1768-3254
18836449,1529-2916
15692573,0261-4189
23919994,2150-7511
25628381,1469-5111
27158117,1879-0712
28785723,2373-2822
15739786,0097-0549
11513729,0264-6021
32573436,2050-084X
23850991,1873-5169
33420025,2041-1723
16020796,0016-6731
21442277,1573-6768
35580515,1873-3344
18065414,0021-9258
37010415,2150-7511
32140158,1664-3224
22956765,1939-4586
34360674,1422-0067
34799729,1476-5403
23137769,1878-1705
28460525,1520-5118
30285653,1471-2334
28689660,1097-4164
31260964,1873-7072
25979765,1878-4216
25070836,1557-3265
18840766,0193-1849
24634441,1362-4962
26630486,1932-6203
26153297,1520-4995
31633404,1756-8927
32057914,1089-8646
34880419,2399-3642
38449528,2155-5435
11334514,1095-7103
15893582,0169-328X
34735883,1090-2104
26084385,1440-1711
23299041,1872-7549
26456822,2211-1247
10993938,0022-1317
37480075,2049-2618
15665723,1073-2322
29989084,1449-2288
20110730,1660-2412
18353424,0042-6822
18587263,1226-3613
11870211,0021-9533
27058169,2050-084X
36631435,2044-5385
12208749,0008-5472
17997866,1471-2164
19580872,1095-8657
16015285,1476-4687
17159996,1465-7392
25256745,1090-2104
11340191,1040-4651
14679233,0021-9193
11325520,0303-7207
31779616,1476-4598
34620710,1091-6490
34964287,2045-8827
29023459,1932-6203
17513757,0022-1767
21557578,1520-5118
31971182,1364-548X
12460586,0018-506X
31203392,1432-0886
12810057,0143-4160
32779888,1744-4292
30840204,1573-4978
18513779,0041-0101
12196510,0021-9525
28087520,1522-1539
18839312,1573-9686
22514270,1083-351X
22404850,1742-4658
18506777,1097-4652
16518779,0173-0835
29070863,2045-2322
33009641,1559-1182
16691572,1058-8388
12205088,0021-9258
33360015,1090-2104
19762145,1872-7980
27074145,1553-7358
22346756,1553-7374
15998314,0960-7412
31048491,1095-9203
15840434,0300-483X
33672736,1422-0067
12444089,0021-9258
31676603,1529-2401
23784558,1097-0215
25936822,1873-507X
31861371,1422-0067
26102611,1534-6080
12199374,0926-5287
24728274,1477-9234
18425351,1107-3756
19856959,1520-4898
35060842,2222-1751
10716983,0027-8424
33435264,1420-3049
38410462,2692-8205
19951295,1530-0277
26772600,1757-4684
24023754,1932-6203
21546879,1473-5598
29644924,1933-690X
35773377,1559-1166
32876045,2050-084X
11739641,0021-9533
21207454,1469-896X
21782009,1873-3476
30216822,1879-2472
24198434,1535-9484
11010889,0099-2240
22582640,1000-0593
23431067,1662-5102
26109731,1098-5514
22740685,1937-9145
23329511,1940-6029
26056088,1532-2548
29524219,1750-3841
22523288,1791-7549
36651367,1846-9558
24119288,1750-1326
20461427,0948-5023
16247852,1541-9061
24390320,1098-5514
18423376,1090-2104
16286465,0021-9258
24461182,1008-8830
26336234,0022-2585
24040010,1932-6203
16002321,1357-2725
33830389,1573-2576
21357683,1083-351X
23516971,1476-5381
24828240,1932-6203
21813456,1362-4962
21638040,1432-0991
27367829,1939-6376
28114032,1557-9964
29478528,1873-7072
22547613,1098-6596
21526167,1932-6203
27386825,1607-8438
33677602,1532-298X
17062578,0021-9258
26499865,1879-0542
35908953,1348-4540
21853987,1526-4602
15607968,0092-8674
35403730,1573-2665
34166368,1932-6203
11387228,0261-4189
17251187,0021-9258
24446360,0065-2598
37410700,1553-7374
35704697,1522-1563
15145939,0021-9258
35061296,1530-6860
37480690,1090-2104
19237745,1399-0047
12721305,0021-9258
18635803,1095-9203
30683914,1476-5403
19668193,1546-170X
25638378,0172-780X
19372585,1541-7786
12839984,0261-4189
25678599,1557-3125
29768734,1478-3231
33433004,1096-9071
32843684,2045-2322
36417280,1743-1328
17337586,0021-9193
20570967,1460-2083
23628230,1879-2472
10744699,0021-9258
29322481,1868-601X
30130494,1090-2430
20659107,1476-5381
30061100,1469-3178
33844396,1521-2254
34424610,1364-3703
26985665,1932-6203
25565773,1177-8881
21321128,1083-351X
33307091,1089-8638
26061247,1520-4804
19499796,1001-5515
15485909,0270-7306
27364155,1470-8728
10811057,0022-2143
34180713,1098-5549
25294978,1565-3633
21598289,1097-4547
25061875,1558-8238
27173676,1931-7573
19395474,1530-6860
24019013,1615-6102
11027280,0270-7306
17416633,1355-8382
23576435,1083-351X
31260814,1873-2763
23427874,1532-8392
33654081,2041-1723
16472751,0969-2126
15254169,0022-538X
12589046,1059-1524
37133395,2165-0497
24796740,1007-8738
20384991,1474-760X
21045270,1875-8630
22062475,1568-7856
11553290,0953-816X
23776558,1932-6203
26965089,1879-0631
12458195,0021-9258
29807079,1879-0003
28904206,1939-4586
26858287,1471-9053
26432869,1522-1504
22526562,1572-8773
22489458,0001-6209
26148224,1520-5207
27899821,2041-4889
21755473,0065-2598
18056068,1367-4811
19935715,1476-5594
23138570,1432-0878
27230386,1873-3344
26063574,1549-5477
38259029,2373-8227
29279395,1091-6490
11162844,0042-6822
23220939,1752-9867
10986264,0021-9193
11124979,1529-2401
23738625,1742-4658
14701940,0888-8809
12914699,0092-8674
17285299,0031-6768
21146534,1089-8638
22217195,1557-8674
26377461,1529-2401
26092864,1460-2083
11311232,0014-5793
15503149,0302-766X
25916157,0015-5497
26599623,1878-5905
37540501,1521-4095
35847905,2234-943X
35747690,2314-7156
38478018,1540-8140
32094512,1476-5403
21737445,1083-351X
26697752,1090-2104
34704338,1349-7006
29322414,1940-6029
29459321,1878-5905
35893032,2073-4425
26998536,1463-9084
25305096,1532-8392
11570878,0006-2960
12819137,1088-9051
36711594,2692-8205
36651171,2046-2441
37075968,1090-2430
24074221,1535-3907
18590762,1095-9890
26548560,1791-3004
28845529,1365-313X
11460011,0957-5235
32706743,1929-0748
19404544,0340-6245
23911619,1873-4596
30043985,1399-3054
10671572,0021-9258
22306240,1879-0712
36762696,1538-0254
22972877,1524-4571
19646884,1878-4186
31951376,2161-5063
16377614,0021-9258
29438482,1460-2083
20964348,1520-5827
36320100,1549-960X
22912594,1553-7404
31841386,1522-1466
16963143,0168-3659
32105952,1873-3336
23106778,1875-6697
29890134,1090-2104
33404112,1097-0290
26045842,1936-2625
29497118,2045-2322
11222091,0042-6822
35222342,1664-302X
16672343,0950-1991
37373225,1422-0067
19285031,0006-3002
21976663,1083-351X
19086919,1431-6730
24030872,1522-7243
29362417,2045-2322
29062588,2162-1918
16481735,1538-4047
17003921,0340-6245
11254726,0022-1767
11093798,0026-895X
19504497,1615-9861
20522493,1465-2080
22507075,1474-9726
24584631,1521-009X
25133612,1932-6203
34427097,0028-2685
28619586,1873-3778
36922396,1469-8137
20094029,1460-2075
22160430,1573-4978
30362717,1520-5126
26338362,1464-3405
21470577,1872-7573
14503862,0006-2960
10835272,0022-2836
37072852,1741-7007
20801885,1083-351X
21752917,1098-5514
10644363,0022-538X
16843720,0006-3002
36224344,2092-6413
10674228,0899-9007
29487161,1477-9145
35776116,1460-2083
11427529,0021-9258
31990293,1759-6653
12943551,0960-7412
24034245,1097-4172
17630825,1553-7358
10813970,0022-3263
33848337,1460-2407
25967372,1470-8728
24410837,1472-6807
25887121,1471-2164
27212400,1879-0445
32070915,1873-3344
26944342,1535-9484
10681595,0021-9258
25684365,1097-4172
22454517,1477-9137
23668907,1520-4995
16012946,0016-5085
19250647,1090-2104
23449916,1465-2080
25788858,1475-2867
18164504,0168-0102
30420355,1540-8140
33036312,1999-4915
31822659,2041-4889
15067005,0021-9258
26710261,1949-1042
15665304,0008-5472
17433060,1048-891X
25000973,1471-2121
11430987,0031-9422
28103766,1557-8534
29222058,1095-9564
23912278,1545-9985
17546012,1750-2799
22496890,1932-6203
30765864,2045-2322
26975471,1090-2104
28219695,1873-5169
30810932,1139-6709
18755791,0013-7227
16865282,1019-6439
22510151,1557-7600
30359574,1096-0007
26171660,1520-4995
35577152,1879-2650
36270256,1950-6007
16774929,0032-0781
37580493,1745-7254
22975683,1873-3913
19596197,1464-3391
27570150,1879-1611
31996678,2041-1723
23332498,1618-1328
26081573,1477-9129
35595684,2366-9608
26406140,1877-718X
24061476,1098-5549
33953197,2041-1723
20921377,1091-6490
21821674,1557-3125
30275950,2049-3002
11356900,1529-2401
21473986,1537-6605
26181352,2374-2445
25873157,1463-9084
36368826,1873-4324
35864510,1479-5876
37967248,1612-1880
27373199,1873-3913
18558799,0289-0003
19620285,1098-5549
29290804,1838-7640
30169671,1362-4962
27062250,1600-0854
29408807,1558-8238
28257844,1090-2104
34975308,1449-1907
23868660,1099-1263
19678645,1535-3907
24662492,1533-4023
32913201,2045-2322
21048087,1091-6490
23161858,1471-9053
27499529,2451-9448
30709710,1097-4164
20826436,1460-2156
10894169,1074-7613
12027557,1525-0016
22044578,1872-7573
28135605,1096-0341
22106409,1098-5549
16195354,1059-1524
38065417,1872-9711
29608247,2045-7634
12230979,0092-8674
29218784,1365-294X
16737218,0003-2700
29940173,1873-2968
19830265,1876-5289
32427943,2045-2322
26477388,1876-7737
20581827,1546-1718
24065828,1091-6490
20126307,1932-6203
19338204,0017-0011
11096100,0021-9258
18955496,0021-9258
21143007,1366-5928
29148396,1080-6059
20374954,1932-7420
14759369,1097-2765
16476736,0021-9258
19445889,0928-4249
11350172,0022-2836
20453865,1548-7105
20920534,1873-1686
26837456,1440-1711
29690759,2161-5063
36903539,1420-3049
36789350,2311-2638
23921381,1083-351X
24017972,1873-4596
12121433,0300-9475
28993733,1663-9812
16438649,0889-2229
28265752,1432-1955
21508334,1522-1563
25746000,1476-5594
28751313,1532-2548
35367886,1090-2414
15341482,0022-2623
23632853,1532-2548
15062084,0969-2126
12765337,1076-1551
27588408,1949-2553
11374871,0006-291X
21866396,1878-7479
12189132,0021-9258
30876920,1096-0384
24733924,1091-6490
26383967,1349-7006
29061316,1873-6351
27518404,1432-8798
25972843,1664-302X
12381302,0022-2836
30285865,1868-7083
22879998,1932-6203
14511581,1530-3667
35665900,1874-270X
22342886,1089-8638
22170592,1860-7187
24551241,1932-6203
16739198,0021-9967
12759443,0022-1767
18274993,0363-0269
11493925,0028-0836
31310526,1520-5215
24853418,2041-4889
24692265,1439-7633
30793319,1399-3054
15544164,1355-8145
32275312,1460-2431
15585922,1543-1894
37409131,1664-3224
23902689,1477-9137
16755512,1676-5680
25817682,1879-1344
16899735,1529-2401
11238855,0022-538X
10877826,0892-6638
29656212,1878-1705
31379768,1664-302X
18423934,1618-1328
31563651,1879-0712
35054798,1422-0067
15513966,0741-5400
17044814,1470-8728
30728400,2045-2322
31733301,1095-9564
26872261,1932-6203
31515488,2041-1723
38387326,1090-2104
20662835,1365-2133
16213523,0022-2836
34564136,1660-3397
16077094,0950-1991
29269727,2041-1723
37258260,2982-6799
15937930,1058-8388
20422024,1932-6203
25127877,2050-084X
17615555,1097-4644
24257758,1083-351X
16116037,1362-4962
37487905,1879-1026
20656339,1618-0372
11814470,0009-8981
32812956,1463-9084
22088260,1873-4235
21177809,1098-5514
24658798,1879-1123
12874203,0022-1767
24755641,1932-6203
17288453,0006-2960
28716418,1873-2259
35738282,1878-4186
37208522,1420-9071
25711379,1099-1352
12235210,0022-1007
23436998,1553-7374
21528443,1940-6029
19752355,1524-4539
25184680,1549-5477
20111012,1930-739X
18974870,1932-6203
37166013,1899-5276
19228762,1460-2350
11035085,0022-1767
17178129,0022-2836
21536029,1096-0007
30327561,1552-4469
35173535,1449-2288
36252008,1091-6490
20731692,1600-0536
28990659,2042-7158
22539347,1083-351X
37037900,1476-5594
18161514,0148-0545
14586804,1367-5435
22872087,1477-9129
21250678,1520-510X
14722080,0021-9258
11401556,0006-2960
20979666,1471-2121
34668778,1098-5514
23796538,1879-1514
35970999,1545-9985
24587250,1932-6203
38338146,2076-2615
19432478,1535-3893
23275167,1399-0047
32602581,1878-0261
37528584,2590-3462
26706127,1083-351X
24048731,1522-1563
35044565,1613-2246
15504742,0021-9258
18641626,1552-4469
20451279,1600-0641
12913124,0027-8424
19713717,1661-7819
16828467,0008-8749
12750378,0021-9258
19577535,0006-3002
22918940,1939-4586
26180047,1521-0111
30391181,1525-3198
26912723,1460-2075
12015883,1066-5277
22869298,1879-1123
33607217,1873-4596
19527706,1095-564X
19634159,0008-543X
24123057,1099-0844
21395695,1468-3083
28145460,2045-2322
29584406,2161-5063
33364834,1179-1322
20525693,1083-351X
32236625,1791-2423
17057331,0907-4449
29512228,1365-2583
28990789,1520-510X
31304626,1460-2075
33333348,1096-0341
26643105,1478-6362
35676475,1476-4687
27170178,1939-4586
25924081,1559-2324
31419066,1862-8354
22266510,1552-5783
21051230,1464-3405
20368433,1091-6490
30959459,2213-2317
36269834,2375-2548
33502401,1463-9084
16407274,0021-9258
10995472,0027-8424
33421006,1940-6029
26510791,1943-2631
19005084,0032-0889
18030569,0941-1291
24859471,1791-2423
27508876,1932-7420
11359815,0022-1767
10675485,1019-6439
21512126,1091-6490
22321014,1557-8100
23911537,0006-3002
17664039,0300-9084
16051188,0006-291X
16531401,0021-9258
19340310,1932-6203
16507770,0006-4971
15247425,0027-8424
15601896,1059-1524
28356392,1540-9538
30315812,1095-8541
31075824,1422-0067
36779422,1535-3907
15560786,0014-2956
12840518,1064-3745
25217636,1083-351X
35082969,1942-0994
19538401,1435-8603
29158584,1476-5578
33637710,2041-1723
12165866,0950-9232
36093576,1098-1136
16837650,0363-6143
33010346,1873-7544
30964490,2040-3372
35876823,1532-2548
11063739,0021-9258
24091011,1878-1551
25044790,1552-4965
28474899,1520-4898
22367460,1791-244X
17492694,0006-3592
23102099,1520-4995
17504098,0929-8665
29109794,1838-7640
17067381,1742-4690
28608476,1096-9896
37840440,1521-3773
11968008,0730-2312
12399572,1095-9203
15885833,0168-0102
18540078,1744-3091
18042452,1097-2765
33610658,1873-4596
37319115,1471-4159
27897348,1521-3765
26840406,1469-8137
17269933,1470-8728
12431453,0022-2828
17449469,0021-9258
25427784,1477-9234
35952650,1554-8937
10906348,0269-2139
34848758,2045-2322
31207240,1089-8638
12626705,1362-4962
16956652,0090-8258
17548833,0027-8424
19565913,1064-3745
15654431,0074-0276
22223312,1097-0231
36822331,1083-351X
15385150,0040-8166
33839409,1090-2104
34274776,1878-5905
26067837,2079-7737
28315133,1573-5079
24989350,1521-3773
15766661,1535-6108
15939554,0378-1119
29955039,2041-4889
12464403,0361-9230
11368787,0264-6021
24929914,1873-2682
38464160,2692-8205
31394334,1873-7072
10925294,0022-1767
34560559,1090-2120
27502594,1746-6148
32414803,1098-5336
35687592,1553-7374
26700767,1550-6606
16332675,0021-9258
19716383,1872-7549
12469211,1107-3756
16307922,1097-2765
12516957,1535-7163
28783755,1932-6203
26164234,1090-2104
31672972,2041-1723
10753646,0006-291X
19850052,1089-8638
27498878,2211-1247
17272273,0021-9258
20813103,1095-564X
12832472,0270-7306
30811418,1932-6203
34324310,1520-4995
25990731,1362-4962
34445612,1422-0067
36770761,1420-3049
25445710,0006-3002
11959851,0021-9258
31250294,1940-6029
25797218,1873-6815
27660794,2169-8287
31237115,1582-4934
21688029,1432-072X
38242479,1879-1026
21084623,1529-2401
30511235,1879-1123
28623886,1471-2105
36156105,1532-2548
32602041,1573-5079
31746034,1097-0134
29684682,1876-7737
35436025,1530-6860
12417309,0014-5793
22109519,2041-1723
37817032,1559-1182
32266561,1432-1327
27086582,1873-3468
19236749,1009-2137
15647386,1059-1524
27116218,1520-5207
34570432,2691-1299
11913522,0918-6158
18212563,1528-1175
16984395,1742-464X
22106038,1096-0929
23815522,1471-2105
25595445,1535-9786
32487715,1937-9145
33535033,2211-1247
37034725,2692-8205
33887523,1873-4243
34213853,1768-3238
11733064,0092-8674
17693387,0006-291X
11700052,0022-2836
15557146,0022-1767
21148320,1083-351X
21482778,1091-6490
32643707,1643-3750
12427560,0006-3002
17638317,0749-1581
20035635,1471-2202
35213792,1751-7915
24501219,1528-0020
22496518,1521-0111
21851628,1471-2105
33412209,1879-0631
21183564,1477-0962
26235546,1365-2958
12578791,0161-6420
29784761,1550-6606
22784043,1520-5851
29233889,1083-351X
32175801,1559-2308
34548382,2575-1077
30799417,1662-8128
18948745,1551-4005
22018401,1474-760X
12832780,0907-4449
32400052,1582-4934
12729916,0014-5793
33166565,1872-7492
38355796,1476-4687
22167473,1362-4962
32745764,1873-4596
33600498,1932-6203
28716960,1098-5530
34360715,1422-0067
37467446,1665-1146
12885400,0014-5793
31666400,1946-6242
20549732,1097-0177
17893204,0022-1007
19156197,1932-6203
21115828,1091-6490
12622812,0950-382X
23030959,1550-2376
26531023,1608-3040
27640333,1095-9947
14507371,0950-382X
12507520,0006-291X
36945633,2692-8205
22852065,2072-6651
30867448,2045-2322
11467966,0006-2960
25800674,1549-5469
27352740,1791-244X
24300467,1525-1438
37406385,1873-3344
10973495,0027-8424
27043944,1097-0177
32542096,1734-1922
20463892,1932-6203
17374604,0021-9258
27776248,1476-928X
24745377,1543-8392
34051630,1873-3344
26558367,2051-5960
33333023,1097-4172
25562503,1538-0254
30905264,2150-5608
14981503,1545-9993
37998346,2073-4409
31976320,2314-6141
30333046,2051-5960
16242167,0042-6822
33947766,2150-7511
20620152,1089-8638
18086667,0021-9258
23729666,1083-351X
25605725,1083-351X
32384238,1549-9626
30132177,1573-9368
30431036,2042-650X
10650981,0031-6768
16193513,1058-8388
33597214,1098-5514
37598650,1873-7072
10954719,0021-9258
16799639,0950-9232
22427665,1083-351X
22320324,1520-4995
27009964,1098-5514
12060745,0027-8424
19149911,1469-5111
29368881,1550-7033
31501524,2045-2322
29216416,1365-3040
30297860,2045-2322
11248324,0145-2126
22098236,1608-3040
30395577,1932-6203
19009287,1432-1017
15510216,0261-4189
28191459,2314-6141
28143933,1091-6490
23160380,1476-5594
24451327,1556-679X
30184327,1552-4981
23418308,1460-2083
18201698,0014-4827
12562799,0021-9193
19592636,1530-6860
22688297,2038-8306
38214521,2165-0497
32020210,1791-2431
33168621,1939-327X
31240265,2399-3642
20725043,1476-4687
32483762,1608-3091
17312168,0022-1767
33794151,1542-0086
25835061,1520-5851
16186248,0026-895X
26263164,1932-6203
37450438,1932-6203
23397633,0065-2598
17095157,0304-3940
19788248,1520-5126
36341883,1879-0712
11289611,0032-0935
19180724,1369-3786
20062052,1546-1726
22474332,1083-351X
26446954,1946-6242
27770899,1873-0191
19240852,0007-4888
17439972,1362-4962
35235160,1573-4978
25930997,1090-2104
10671568,0021-9258
34964841,1540-8140
21257751,1083-351X
12869638,0026-895X
11121488,1362-4962
25769457,1931-8405
23260050,1542-0086
18688420,1477-9226
18396347,1097-6787
29408836,1528-1140
17086193,1476-4687
32659264,1873-3913
27693117,0006-3002
31666408,2310-6972
19711889,1520-5126
25039392,1365-313X
11038408,0958-0670
26722838,2213-2317
31009148,1462-5822
28081188,1932-6203
21883692,1349-7006
30846445,1477-9129
25471383,2045-2322
20300570,1932-6203
27939641,1537-6605
38008713,1756-9966
29348496,2045-2322
12397360,0028-0836
22796133,1872-7492
15650019,0888-8809
11352583,0022-2836
24838945,1477-9137
22915375,1552-4957
28332633,2045-2322
19462896,1672-173X
25422436,1091-6490
24386110,1932-6203
27493550,1349-2942
24594943,1932-6203
12818891,1040-0605
19166612,1472-6823
36371052,1095-9947
15919137,0261-5614
21070398,1365-2222
33101250,1664-302X
18598011,1520-6106
12495430,0006-2979
30339824,1879-3185
19029801,1554-8635
30866783,2222-1751
19947665,1535-3907
24793430,1552-454X
30093494,1540-8140
16997323,0022-2836
25030905,1362-4962
15252024,0021-9258
34284061,1083-351X
25927987,1932-6203
16870210,0022-2836
19817686,1608-3040
20518072,1097-4644
29480805,2050-084X
18315860,1471-2105
31874695,1879-0909
15999806,1528-2511
34563636,1879-355X
18426197,1549-9596
25516972,1477-9129
10826952,0273-2289
25803040,1932-6203
17027977,0014-5793
37550452,1545-9985
16335982,1535-3893
18222170,1090-2104
12099898,0953-816X
24413069,1949-1042
26205719,1573-8221
31239280,1549-5469
34789769,2045-2322
22915818,1098-5514
35811797,2046-1402
21098709,1538-7445
36283088,1522-1547
35144036,2666-6367
28728878,1876-7737
26254930,1940-6029
33865372,1472-6823
16407332,1362-4962
36907828,1879-0844
20197381,1557-3125
23024272,1550-6606
23272246,1932-6203
15121849,0270-7306
15674841,1095-6670
19837375,1934-6069
17451983,1093-3263
30464631,1179-1322
31937660,1091-6490
16248985,0006-291X
33479740,1573-4935
20043239,1573-6830
29365186,1525-3171
35975846,1873-5576
15003523,0006-291X
32014437,1872-8359
38096048,2211-1247
32723793,2379-5077
22382019,1090-2104
28049150,2150-7511
12949733,0016-5085
12124859,0004-3591
15375211,0027-8424
34193420,2375-2548
15743974,1362-4962
31758181,1945-7170
27232356,1555-8584
29421264,0005-2728
15081562,0049-3848
33857514,1879-0003
17395448,0945-053X
15626619,0956-5663
11754821,1074-7613
25446345,1873-7544
14967473,0006-3002
33869063,2234-943X
27720899,1879-0720
20473284,1476-4687
23648839,1089-8638
34736960,1872-7980
12870970,0020-1669
16717095,0021-9258
30171945,1879-0003
26222835,1873-6300
14988403,0021-9258
29089522,2041-1723
16973544,0022-538X
30543830,1872-9096
26630386,1932-6203
12087096,0021-9258
33558530,2041-1723
33946261,1422-0067
21031433,1097-0045
35283850,1664-302X
22292676,1554-8937
22183808,1674-8018
35032319,1559-1182
31221721,1535-9484
11685118,0041-1337
21782785,1096-0384
28915048,1520-5207
36037368,1091-6490
21750740,1932-6203
33220413,1532-6500
10878551,0022-3417
30676743,1520-4995
12615789,1524-4539
22519908,1520-5126
11936951,0264-6021
14750869,0003-2700
21740425,1469-7580
27783241,1614-7499
18403372,0021-9258
18353217,0376-2491
33205006,2573-9832
23353549,1096-7184
26493545,1439-7633
16964600,0006-3525
15284343,0022-3751
12729914,0014-5793
37858534,1557-7988
21953468,1083-351X
23496210,1365-2516
28414290,2310-6972
20019746,1476-5403
31075719,1873-3344
29530922,1098-5549
31059759,1879-3169
19619588,1872-8111
35723525,1521-3765
16556215,0950-382X
16763550,0261-4189
25060643,1465-542X
16705691,1098-1004
23584391,1873-4235
18948113,1089-8638
19616555,1095-8584
36543800,2041-1723
37073465,1758-4469
15379986,0019-2805
36349953,1744-7909
21237162,1873-3468
21685478,1469-9001
25274631,1083-351X
26317805,1932-6203
19285122,1873-7544
17615370,1524-4571
17623654,0021-9258
30194291,2041-1723
28482139,1932-7005
16252497,0005-2086
34779483,2046-6390
35817834,2045-2322
21883225,1471-4159
22134872,1423-0380
31873120,2045-2322
18991556,1608-3040
24167280,1091-6490
17060318,0021-9258
21435052,1365-313X
29395912,1097-4199
34125604,2150-7511
16080574,0250-7005
38328863,2051-817X
36322420,2059-7983
28275891,1573-5079
17452903,0041-1337
36863346,2451-9448
18254948,1471-2164
14517325,1059-1524
27773818,1090-2104
28990032,1744-6848
26432452,1873-507X
27267497,2050-084X
37481159,1089-8638
19003867,1615-9861
16869291,0869-8139
36096861,1873-569X
26814126,1083-351X
16005288,0960-9822
29914894,1557-3265
37017578,2379-5042
38057311,2158-3188
10671439,0021-9193
20564628,0008-543X
26667181,2045-2322
10942304,1387-2273
11983171,1097-2765
12206779,0022-2836
12814646,0020-7519
14593119,0021-9258
27068089,1098-5522
12021278,0021-9258
10964500,0014-4827
16258265,1551-4005
37751929,1469-9001
10898570,1043-1802
20586271,0041-3771
15501943,0006-3495
11856354,0014-2956
15019483,0041-0101
15862135,1007-8738
33828156,2045-2322
18291624,0898-6568
33654096,2041-1723
11967321,0022-538X
35786152,1744-5116
20601596,1550-6606
20681117,0449-3087
17986224,1471-4159
14726955,0261-4189
23369981,1414-431X
17406236,1750-2799
27639899,0006-3002
29555683,1083-351X
28498356,1420-3049
24995381,1439-0264
20668216,1550-6606
34482051,1090-2104
21308986,1552-4965
32485037,1530-6860
12401808,0021-9258
23895500,1520-5207
22832164,2211-1247
17499970,0899-9007
19910532,1091-6490
27723935,1749-6632
36759609,2041-1723
31885498,1466-1861
20219478,1095-8541
20800010,1469-8161
29784889,1470-8728
16014739,1096-6080
31952601,1879-1344
16299589,1553-7358
32896318,0091-679X
25143395,1939-4586
20839231,1098-2280
36205781,1420-9071
25070892,1083-351X
20360863,1932-6203
11161031,0032-0889
11023518,0006-4971
24106833,1535-3907
33102593,2314-6141
34028094,1098-1136
33636164,1089-8638
12485889,0077-8923
24169761,1432-1335
35106827,1540-8191
26084422,1538-0254
29651002,2045-2322
27203102,1097-4172
21990941,1532-298X
21337008,1674-8018
10600643,0264-6021
18602399,1089-8638
16861921,1551-4005
16008886,0529-567X
23995780,1757-9708
16469050,1462-5814
37620363,2045-2322
32234226,1873-2259
31341188,2045-2322
12963722,0021-9258
19201082,1872-7980
20149621,1873-4847
21674476,1521-4141
33566717,1559-2324
21901673,1934-9289
10736098,0300-9475
18625243,1089-8638
24065733,1759-6653
23422673,2041-1723
27235980,1873-4995
25556183,1535-9786
30280423,1365-2230
23625916,1083-351X
18500802,1520-5126
23377541,1545-9985
21658368,1090-2104
31570876,1545-9985
37083494,2050-084X
19699527,1872-9142
35129164,1940-087X
19926655,1465-2080
27406896,1873-3468
30226743,1554-8937
20014288,1552-4965
12193400,0006-3363
16083853,0006-291X
27048796,2150-7511
32156549,1873-7064
24223145,1932-6203
17208246,0021-9673
30406428,1559-1182
19536257,1476-4687
20202171,1365-313X
21750208,1940-6215
29737445,1573-4951
34990555,1549-960X
18066081,1545-9985
28108611,1939-327X
11917148,0269-2139
30141048,1940-6029
27009683,1873-2402
37446388,1422-0067
11943459,0378-1119
21057376,1530-0447
30934006,1932-6203
11854415,1059-1524
10736100,0300-9475
22248091,1471-4159
31548259,2326-6074
35936218,1942-0994
35848799,2050-084X
37326306,2050-084X
28918562,1438-7948
30711343,1873-2941
38276171,2076-2607
19833097,1090-2104
34323409,2001-1326
23929232,1432-8798
36329956,2223-3652
35916535,1098-5514
11554782,1043-4666
31250298,1940-6029
38016980,2045-2322
32143998,1347-4421
29651904,1464-5203
15890353,0022-1759
27312194,1130-0108
16258372,1536-4828
21082218,1573-4919
35263616,1879-0445
33852835,2211-1247
35107780,1874-270X
24740181,1091-6490
11709542,0964-6906
36763666,2375-2548
12016009,1570-0232
28496106,2045-2322
24946864,1432-0614
16554134,0387-7604
20421203,1362-4962
10905305,0003-2700
36155074,1873-3778
25658705,1932-6203
29900491,0306-0225
24446389,1864-0648
35175495,1573-2576
22299047,1932-6203
12949074,0021-9258
23947440,1948-7193
17085573,0021-9193
15249725,1021-7401
30597126,1096-0309
21240541,1573-5028
12232783,1359-4184
35109872,1742-2094
18620548,1470-8728
29461535,1755-4349
32358018,1550-6606
24465879,1932-6203
11929602,1398-9219
29350244,1432-203X
31318632,1554-8635
29611698,1520-6882
19618273,1573-6776
22503597,1096-0023
32059645,1471-2148
10975500,0031-9422
10960763,0304-3835
17234751,0008-5472
19386594,0021-9258
19317484,1520-5126
23533181,1477-9129
31974728,1432-1777
21820001,1879-3150
33441627,2045-2322
16289764,0898-6568
32416923,1557-7988
25772295,1469-7793
23368090,1365-2958
18047469,1470-8728
21585656,1742-4658
26589636,1471-2164
14678816,0049-3848
28747098,1557-8534
34335975,1838-7640
15838033,0021-9193
28573684,1462-5822
29501866,1879-0712
30541930,2160-1836
16720864,1931-857X
34858787,2218-6751
23642227,1470-8736
35871232,1476-5403
37538498,2475-0379
29072496,1757-6199
35947953,2211-1247
25031358,1529-7268
33101265,1664-3224
24569517,1532-6535
16115198,1356-9597
28731301,1559-0836
20133655,1091-6490
32238941,1476-4687
33806920,2076-3921
21548574,1520-4995
19445999,1638-6183
12767694,0300-483X
11554721,0003-2697
18384876,0145-2126
23152608,1529-2401
27752127,2045-2322
12882924,0012-1797
23460500,1559-0291
21444771,1091-6490
27006100,1613-4133
22665609,1476-1645
25016145,0006-3002
29569859,2326-5205
22375008,1083-351X
35565912,2072-6643
33789675,1477-3155
19700619,1477-9129
19154236,1755-1471
36010658,2073-4409
16914519,1059-1524
20396781,1573-8221
15118090,0027-8424
20674610,1879-0984
14699153,0021-9258
14559900,0021-9258
27384491,1949-2553
29879157,1932-6203
18600236,1469-3178
26250799,1522-7243
16244735,1359-7345
15748243,1538-7933
16055435,0021-9258
28219860,1673-4254
12141923,0929-8665
30552145,1469-3178
28357665,1940-6029
10718930,0953-8194
12807724,0143-3334
15794640,0006-2960
15316013,0021-9258
20561299,1537-2995
10671455,0021-9193
15858238,
15809353,0022-1007
24412214,1879-0089
12791248,0969-2126
16883355,1744-4292
12832404,0021-9258
24504773,1614-7499
36529945,1615-9861
22752735,1573-6768
20222978,1471-2172
28916964,1573-5079
34287052,1098-5514
23841845,1520-5126
29648554,1477-0539
17948051,1460-2075
19749237,1746-8272
19073594,0021-9258
24463572,1546-1696
19486017,1365-2265
17400917,0961-8368
35357711,1365-3040
36980270,2073-4409
18662987,0021-9258
29249381,1878-5883
26461475,1949-2553
27059094,1476-5381
12062132,0162-0134
38000389,1362-4962
16702233,0021-9525
20075704,1536-5964
12023369,0022-1767
34107348,1873-2763
27749270,1478-3975
20373404,1522-2594
23001537,1573-6768
18187866,0910-6340
12603731,0950-382X
15262328,0306-4522
26413508,2314-6141
28728980,1089-8638
29403466,1664-302X
36660875,1474-9726
36515244,2047-9980
26259145,1098-2744
29720621,2045-2322
38216003,1879-0038
16385231,0145-6008
22318122,1554-6578
22365562,1768-3254
28511347,2213-2317
16369782,0014-4819
12925754,1059-1524
20145991,1573-6830
31220795,1878-5905
30116794,2432-3853
31526902,1876-7737
12645629,0014-4800
33373530,1743-5404
36237974,2405-8440
20558636,1530-8561
28949413,1873-3468
20675408,1537-1719
23318883,1530-0307
17848518,0027-8424
21424730,1432-8798
21092259,1471-2164
12927602,0891-5849
25921072,1097-4164
27288850,1872-7786
31246335,1744-7917
17452405,0931-0509
26360042,0091-679X
25594223,1520-4804
20581854,1745-7254
35572639,1664-302X
35355481,1872-2075
27332964,1553-7404
32379020,2057-5858
30024968,1553-7374
37048087,2073-4409
17980664,1472-9792
37160462,1420-9071
35459695,1468-2060
11976506,0907-4449
15687200,0021-9193
23547014,1934-3647
11357863,0015-5632
15798092,1541-7786
17980431,0161-5890
21209626,1476-5462
14762209,1362-4962
33334880,1083-351X
23000343,1873-3913
26988269,1872-7549
15140195,0022-3042
32645326,1097-4172
17227435,0022-3042
21221122,1440-1711
22323608,1091-6490
11201201,0914-9465
12732633,0021-9258
36463962,1083-351X
27193539,0065-2598
11195644,0005-2086
11118435,0021-9258
29428965,1420-9071
24262849,1873-2380
32163410,1553-7358
34730942,1520-510X
25392945,1097-0134
30862625,1521-009X
20572937,1365-2958
11959980,0027-8424
22575346,1873-2682
18722413,1520-6106
23208423,1748-7838
15262074,0165-0270
22882854,2542-5641
24252251,1872-7980
35582873,2001-3078
32386575,1097-4164
30759223,1362-4962
18650263,0363-6143
18211098,0006-2960
12672466,1357-2725
27694995,1546-1726
15951391,0006-3495
18931363,1460-2377
12522100,0021-9258
15263097,0027-8424
27929418,2072-6651
33025330,1573-6903
15299121,0032-0889
23001074,1528-1140
12165097,0009-9104
19254707,1095-564X
25683126,1097-0282
11085285,0957-5235
19149470,1520-4995
27797156,2059-2310
30918289,2045-2322
18019019,0007-4888
36162502,1083-351X
37880207,2041-1723
28186440,1557-7716
18480062,0021-9258
21408025,1932-6203
26700958,1521-009X
33323039,1538-0254
14673116,0027-8424
21919981,1365-313X
34331299,2194-9387
22303279,1543-8120
12139004,0167-4412
33244844,1098-2795
24253561,2045-2322
25030448,1091-6490
22573811,1550-6606
29899330,2041-4889
19828079,1471-2105
26634905,2045-2322
10984196,0895-8696
10839983,0264-6021
19935877,1208-6002
21435241,1471-2164
16404737,1552-5007
30633769,1553-7374
30359274,1479-5876
20406410,1469-8137
21282647,1091-6490
20360004,1083-351X
26051934,2211-1247
34423989,1520-5207
31776786,1573-4838
12524519,1469-221X
10839174,0947-6539
20686126,1550-6606
36095209,1091-6490
22571197,1470-8728
20041214,1553-7374
16293187,1471-2148
11418121,0014-5793
26138671,1460-2377
21474442,1083-351X
27667278,0253-3758
24901988,1932-6203
29466622,0019-5189
23951127,1932-6203
19272595,1096-0953
35997536,1477-9129
21998276,1537-1719
26930065,1932-6203
22876929,1520-5207
12271752,1196-1961
24012008,1097-4199
19197339,1469-3178
12126626,0022-2836
21353298,1097-4172
34697434,1935-3456
17173247,1121-8428
10671312,1046-2023
32024762,1091-6490
16435393,0360-4012
21392506,1089-8638
20858411,1542-0086
20100801,1362-4962
11322821,0147-619X
17638667,0002-9173
20728472,1872-7549
23836912,1083-351X
18955048,1096-0007
34341342,2041-1723
17907186,0004-3591
15051514,0008-8749
16894473,1672-9145
27044894,1540-8140
27916521,1878-4186
12805411,0888-8809
17715362,1535-9778
26477782,1096-9861
11676915,0960-9822
31777866,2047-4849
23747012,1097-4164
16935369,1874-1754
22415060,1940-2465
12101246,0270-7306
11870212,0021-9533
16199871,0270-7306
15639474,0008-6363
21365760,1615-9861
25192544,1533-4023
29167558,2045-2322
30826259,1424-3911
21745398,1471-2105
32429097,1422-0067
35802484,1543-8392
32107436,2045-2322
24048583,1572-8595
11390651,0270-7306
26082394,1365-313X
37803520,2211-5463
34742914,1096-0279
18615582,1097-4652
20852646,1545-9985
27816005,1872-7077
20981375,1364-548X
22945332,1097-0215
12897149,0270-7306
21756514,1815-7920
37693524,2692-8205
12777975,0960-8931
19376938,1088-9051
21034731,1095-564X
22155772,1098-5530
20627316,1873-3344
33075054,1545-7885
15811946,0027-8424
19559090,1095-9130
19933700,1460-2083
21036893,1549-5485
36259662,2046-6390
18203923,1469-9001
17093407,1476-4687
36049704,1095-9130
12802082,1059-1524
19785403,1520-4812
30555563,1838-7640
27507201,1875-5364
10926498,0022-2836
31059309,2472-5560
11170844,1522-4724
16757576,1362-4962
16899228,0006-2952
19390658,1932-6203
31703097,1932-6203
22086838,1526-968X
33382409,1540-8140
31932847,1540-8140
21513702,1090-2104
25246269,1873-2399
22692512,1528-0020
36347834,2041-4889
18718757,0960-9822
11205067,0031-6768
21288619,1579-2129
11777913,0021-9258
36062301,2211-5463
23603909,1083-351X
29795208,1530-0447
12660785,0028-0836
19076987,1365-2125
15501053,0960-894X
29287995,1097-4180
19825616,1674-2052
19144685,1521-0103
18849900,1092-8529
22684508,1362-4962
23041423,1089-8638
25582619,1477-0539
29733595,1520-4995
26844628,1090-2422
17188295,0022-2836
26719579,1538-8514
35129423,2150-5608
11335942,1040-452X
15978723,0304-3940
24042063,1873-3700
31953326,1083-351X
15028637,0006-3363
25493413,1551-4005
26854290,1437-4315
10754520,0196-4763
11181701,0022-1007
21943895,1557-7988
18923045,1529-2401
25106450,1535-3907
35121987,2662-1347
20057073,1744-3091
24748111,1091-6490
27517863,1932-6203
33043385,1432-1912
27748948,1469-8137
28411614,1089-7690
19351124,1520-6106
16285943,0016-5085
19832942,1399-3054
21329884,1097-4164
18201273,1349-7006
29142209,2041-1723
17389233,0021-9525
28229927,0304-4165
23609053,1420-908X
37299703,2079-4991
23498742,1557-7988
16212418,1535-3893
25377425,1098-1136
20674857,1932-7420
25910914,1879-3177
34608952,1532-2548
11755009,0197-4580
26342387,1758-0463
10683230,0003-2697
35065074,1083-351X
35032276,1573-7365
22906709,1873-3441
10671488,0021-9258
23332700,1557-7988
25448674,1873-3468
34257571,1532-2807
18625274,0168-1702
12079340,0022-2836
16569909,0022-2275
23020123,1526-4602
25702712,1742-4658
17687332,1476-4687
11568182,0021-9258
33132139,1879-0240
32937203,1768-3254
30110533,1554-8937
11124267,0021-9258
11516308,0002-7863
14741357,0014-5793
36581302,1464-3405
26253171,1083-351X
20026212,1096-0279
15221228,0175-7598
27716745,1476-5403
16026886,0168-8227
34115120,1759-6653
19720759,1098-5522
30315435,1573-5079
26576636,1744-8069
37873104,2692-8205
16941073,0167-594X
17329830,0918-6158
15358822,0022-2615
23051696,1364-548X
28791861,1520-5118
17911246,0027-8424
20454508,1476-5586
24547912,1744-2818
27212035,1476-5594
31727909,2045-2322
19359350,1460-2199
23419316,1479-6813
28199083,1520-4898
23106213,1938-5404
31285450,2041-1723
31636951,2056-5968
15235806,0001-6322
16342944,0006-2960
24785005,1553-7358
28114969,1757-6512
31172943,2050-084X
15150281,0022-1554
17255949,0261-4189
29629561,1520-5118
11055745,0364-3190
23583584,1095-564X
27494186,1932-6203
12049733,1097-2765
26050991,1525-0024
27910945,1530-0285
37932063,2214-0190
20110335,1755-3245
23703612,1083-351X
11016947,0021-9258
17438944,0265-2048
26935151,1791-244X
18369739,1466-1268
20668682,1932-6203
33539875,1089-8638
34687399,1557-1904
34999119,1083-351X
35703160,2154-1256
21406087,1471-213X
26945841,1638-6183
37257628,1879-0240
28297675,2211-1247
22466169,1549-5469
26600430,1549-960X
36241677,2045-2322
34551289,2211-1247
15194698,0021-9258
32564733,1608-3040
36968096,2667-0267
29182466,0894-0282
36717085,1520-5207
30557391,1932-6203
24816000,1089-8638
24069433,1932-6203
21481580,1873-4235
19463947,1872-6356
35969010,2001-1326
11598831,0022-1899
30046785,1756-591X
22732655,1879-0712
11565746,1355-8382
31740232,1618-0631
29343425,1872-8278
35064305,1420-908X
12730169,0021-9193
20123006,1879-0038
30160967,1520-4804
10885485,0162-0134
24296537,1554-8635
11264585,0907-4449
25662605,1362-4962
15143193,0270-7306
38412859,1097-4172
12401175,0960-9822
26145148,1520-5827
24209975,1873-3360
34099642,2041-1723
30367865,1879-0135
10944358,0907-4449
16041565,1420-682X
12571247,0021-9258
17115324,0171-967X
30970016,1553-7404
22974586,1090-2449
30967019,1471-2970
19170764,1365-2443
24086136,1553-7374
30820917,1614-7499
32571838,1095-9203
20616216,1528-0020
15383680,1355-8382
19062173,1097-4652
32587663,1942-0994
15474909,0920-9964
16546115,0003-9861
21646924,1530-0374
28288935,1879-3150
12691917,0301-472X
17940570,1671-167X
24356970,1083-351X
21087445,1365-2249
31499159,1879-260X
27852835,1477-9137
18476811,1470-8728
15664689,0306-4522
27497875,1873-6254
31945054,1545-7885
35816731,1520-5827
12697818,0270-7306
23874628,1932-6203
20209090,1932-6203
36307542,2045-2322
30520257,1526-4998
17559923,0093-691X
21036140,0006-3002
17150865,1746-8272
19519778,1471-4159
29679004,2041-1723
37376011,2223-7747
16990137,0092-8674
15191739,0981-9428
31313616,1522-1504
19563863,1872-7972
33999049,1364-5528
11118537,0006-3002
20179263,1945-7170
31426476,2073-4409
22251432,1742-4658
25319783,1940-6029
15530431,0006-291X
27802610,1089-7690
28604677,1476-4679
20415454,1520-4995
36769369,1422-0067
23113357,0026-8984
10601551,1019-6439
23280953,1521-3773
30531082,1673-5374
31046771,1478-811X
31837141,1529-7268
20220088,1550-6606
36894212,1878-1470
18422345,1520-4995
12414931,0022-538X
21348870,1471-4159
22633097,1878-1810
30569503,1097-4652
31852667,2046-6390
22585498,1940-6029
38379807,2590-1575
27252379,1083-351X
10944454,0006-291X
17287171,1499-3872
17971781,1548-7091
29038488,2045-2322
12720541,0804-4643
33077723,2041-1723
19432234,1728-2985
28261232,1664-462X
19559062,1873-4863
28434121,1618-0860
24766301,1554-8937
20169075,1932-6203
19927326,1097-0134
19781752,1097-4172
16927838,1026-9428
34813955,1095-8657
25770214,1083-351X
28733852,1432-203X
23410746,1532-8600
16133985,0271-9142
12527908,0950-9232
27587396,1083-351X
25322825,2000-1967
10903311,0021-9258
19653055,1476-3524
37163553,1540-8140
22724069,2046-2441
16244578,1812-9269
29947532,1802-9973
30580179,1872-6844
19158392,1939-4586
32601417,2055-0278
10775108,0036-8075
26587879,1545-7885
34723653,1098-5549
33160103,1876-7737
14583093,1470-8728
29944854,1089-8638
22586490,1932-6203
21738225,1469-3178
17664004,0143-4004
29617834,1537-1719
17234031,1431-9276
34079010,2045-2322
31182821,1755-4349
23852728,1091-6490
11509338,0006-3495
33767456,1476-5438
16771847,0950-382X
16616654,1053-0770
16866538,0002-7863
28679953,2379-3708
30037998,1091-6490
38423670,1791-7530
24964001,1469-8730
32750298,2047-9980
21131964,1529-2916
23315199,0948-5023
19230027,1097-0215
23177739,1097-4164
23496828,1554-8937
37019943,2399-3642
23326245,1553-7404
32567837,1520-4995
15647930,0175-7598
26966246,1549-5477
16123153,0013-7227
21538979,1521-4141
10956046,0006-2960
21488079,1527-3350
27696721,1520-6033
29945224,1362-4962
35720382,1664-3224
27875273,1477-9137
35718042,1873-6424
26592444,2045-2322
17461553,0006-2960
10655565,0196-4763
38139887,2073-4360
27076397,1471-9053
10762312,0953-816X
30151693,1420-9071
32912236,1477-3155
10966631,1072-8368
17159900,0261-4189
24398679,1083-351X
12137948,0378-1119
24704788,1545-9985
19283668,1699-5848
11743114,0032-0889
22045853,1937-9145
15788396,0021-9258
37267907,1097-4164
24905160,1875-9777
16519512,0006-2960
37897253,1469-896X
16210629,0022-1767
20693690,1399-0047
38237222,1878-1705
34694292,1940-087X
17477346,1552-4841
31350258,2575-1077
25065310,1573-8221
27284004,1477-9137
11484606,0369-8114
31931843,1756-6606
37635373,1551-4005
12667076,0006-2960
22613742,1469-445X
29255010,1460-2075
11943166,0014-5793
23434432,1879-0003
10839635,0340-2061
11283153,0022-1007
14646587,1226-3613
17611797,0167-4412
30425144,2150-7511
32014026,1476-069X
15077161,0950-9232
30184526,1421-9778
17174895,0092-8674
30151559,1432-203X
38000596,1879-0003
11814345,0006-2960
20441747,1542-0086
16936067,0090-9556
11960013,0027-8424
20680600,1940-6029
16424227,0022-1767
11812127,0022-2836
14613972,0964-6906
22389404,1477-9137
31819158,1476-5403
35379807,2041-1723
27492178,1940-6029
21791879,1881-7122
35743282,1422-0067
17068635,0001-527X
26709543,1949-1042
32360311,1879-2650
29725099,2055-0278
18926678,1618-095X
11439188,0092-8674
11421580,0014-4886
23761923,1477-9137
25872869,1937-9145
15555565,0006-291X
31825077,1470-8736
16723467,0146-0404
12560481,1362-4962
24335501,1528-0020
10788428,0021-9258
18209015,1468-4357
19801411,1098-5530
26046276,1873-0191
16520382,0021-9525
19073433,1029-8428
23585090,1940-6029
26109071,1083-351X
28578393,2045-2322
16491491,0947-6539
16297878,0006-291X
18500339,1476-4679
31237199,1875-5305
21570388,1095-564X
31952124,1420-3049
34320366,1097-4180
37791472,1554-6578
29651867,1475-6374
38065058,1097-4164
24875903,0006-3002
28762133,1559-1166
12359246,0006-291X
25724908,1535-9484
18815415,1469-896X
36961412,1530-6860
17929631,0002-4538
24496452,1477-9137
19419965,0021-9258
11597332,1474-760X
33103216,1432-1955
16054591,0006-3002
36002114,1096-1208
36889065,1530-0285
21030971,1523-1755
24191726,1520-4995
15623561,0027-8424
17168535,1554-8937
29759254,1873-3573
16767748,0886-1544
25115645,1530-6992
33749993,1744-4292
34974533,1476-5403
31092000,1940-9818
12748272,0022-2615
11985497,0264-6021
28617947,1097-4652
23462177,1525-3198
32607733,1573-4994
15713465,0022-2836
11489982,0022-1767
27242224,2212-554X
24361932,1878-0180
34335593,1664-3224
22663060,1520-5827
23077515,1932-6203
31477698,2041-1723
21296869,1460-2083
26684462,1557-9964
16448028,1551-7497
10768486,1023-6597
30287384,1095-9564
22386056,1096-0341
19932126,1879-3134
16129676,0021-9258
35294991,1097-0010
19452478,1860-7314
23034803,1362-4962
18978066,1098-5530
37767629,1477-9129
18337066,1872-6356
11880490,1529-2401
29464564,0306-0225
14592985,0261-4189
28126905,1083-351X
18470996,1520-6882
18829863,1939-4586
21460798,1460-2075
10713453,0378-1119
16321982,0021-9258
14735251,0175-7571
16484232,0021-9258
34259558,2379-5042
26808575,1872-7980
15872023,0027-8424
27149900,1528-0691
18466758,1090-2104
33952343,2057-4967
25184665,1932-6203
29909548,1432-0533
30717780,1756-0500
11027283,0270-7306
16580882,1525-0016
10950877,0022-1554
20151445,1860-7314
31488616,1573-4935
28937978,1545-7885
25587024,1949-2553
28778818,1095-9513
26130413,1423-0380
19412908,1096-987X
34954129,2210-3244
26454216,1872-7980
33707310,2326-6074
25849142,1545-9985
30182230,1940-6029
18775685,1872-6240
15533441,0022-2836
11389691,0264-6021
22899717,1477-9137
15641119,0006-3525
27929539,2041-4889
15993368,0003-2697
25178657,1879-3185
20036252,1089-8638
28412386,1095-6840
21703277,1095-8541
12429520,0042-6822
29129707,1872-9096
26148717,1098-5530
36577063,1091-6490
20381612,1872-6356
27221042,1552-6844
18801904,0013-7227
27436301,1433-2965
28665272,2050-084X
24086507,1932-6203
29902539,1879-3150
21088827,1618-2650
27089515,1546-170X
12368450,1350-0872
15739003,1477-9226
30833553,2041-1723
21122498,1876-4479
15903456,1539-3755
15174098,0021-9541
27438897,1872-7077
25301941,1083-351X
28471334,1347-6947
24047794,1535-3699
35941483,1940-6029
29313985,1471-4159
29029078,1574-6941
24639481,1469-7793
11402050,0021-9258
33849767,1096-0023
19331400,1520-6882
17070844,0022-2836
15009204,0014-2956
26443198,1460-2423
35008793,1422-0067
17130470,0012-1797
20471607,1347-4421
34987530,1664-462X
30110643,2211-1247
30536871,1873-3468
18701509,1538-7445
15358143,0006-291X
15596501,0006-3495
35749217,1520-5118
22994563,1471-4159
11587507,0167-4412
26737501,2694-0604
38564166,1474-9092
32707049,1879-0984
18632580,1091-6490
11719217,0960-9822
17291259,1048-891X
23509262,1091-6490
25637637,1472-4146
24060068,0529-5807
31134430,1860-1499
16679399,0363-6135
15801907,1470-8728
17706016,0015-5500
22316628,1873-2682
22673115,1558-1497
15140942,1541-7786
29626009,1521-0103
11145653,0022-1767
28969604,1471-2369
19091982,1529-2401
37339084,1520-5126
16328009,1107-3756
16414075,0022-2836
37791753,1098-5530
25229191,1949-2553
25313460,1932-6203
17435797,0007-1188
23144720,1932-6203
12105892,0002-7863
11756476,0021-9525
27737777,1879-0003
30547831,1479-5876
29677365,1552-5783
12972581,0022-2615
12665567,0270-7306
14996829,0021-9258
27506242,1532-2548
16006511,0027-8424
35135542,1476-4598
24512031,1549-960X
26998384,2093-6966
23527595,1364-3703
16091292,0165-5728
34858401,1664-3224
36928776,1420-9071
36179993,1873-6351
12239335,0022-538X
18662905,1469-896X
36446779,2041-4889
29069504,1362-4962
28396094,1096-1186
37468792,1933-7205
19627255,1470-8728
17683942,0969-2126
11598398,1660-8151
22236805,1879-0364
18590920,0028-3908
30620616,1530-6860
10829062,0027-8424
16385113,1350-0872
17881829,0907-4449
24141979,1537-6613
30482887,1945-4589
27233604,1090-2104
27363341,1090-2104
18481005,1672-0733
12529757,0340-6245
36129440,1540-8140
30179152,1466-5034
25232998,1096-0309
34708395,1933-7205
11027670,0006-291X
28463752,1873-4138
23222475,1460-2083
24519419,1552-5783
21440040,1872-7972
29158474,2041-1723
19954242,1520-5207
24195677,1759-0914
15223952,0147-5185
24746287,1532-2661
27294781,1545-9985
28041562,1873-7072
35065166,1879-0631
17101977,0027-8424
35413389,1872-7972
24701830,1000-3061
16921169,0021-9258
19751700,0006-3002
29677515,1097-4172
28874712,2041-1723
21577477,1600-5368
17502379,0021-9258
32510481,1940-087X
16157880,0027-8424
15751943,0006-2960
16938886,0027-8424
28205165,1940-6029
35218317,2041-1014
17488477,1582-1838
18326490,0021-9258
17090527,0021-9258
17459720,1043-4666
37925492,2041-4889
14577176,
12907732,1362-4962
17057093,0019-9567
22724436,1520-5207
12359268,0014-2999
23197839,1091-6490
22210232,1095-9327
28537848,1532-4206
27402535,1095-8657
20357266,1529-7268
34610213,2691-1299
34723755,2165-5987
12654812,0019-9567
18512952,1520-4995
25270898,1469-896X
35975548,1346-8138
15096576,1362-4962
11279070,0021-9258
24038092,1550-6606
34474073,1095-8584
21070191,1573-4935
12972261,0022-2836
23152539,1535-9484
12454010,0021-9258
25366275,1098-1004
27880916,2211-1247
35409222,1422-0067
23336592,1471-4159
31653339,1878-4186
25308079,1879-0445
20960133,1940-6029
11873944,0386-300X
32036254,1873-376X
10663572,0093-7711
15451422,0006-291X
17855505,1059-1524
14550307,0006-291X
15736059,0213-3911
36523490,1663-9812
12959638,1470-8728
36607603,1543-8392
18835446,1095-9130
10925283,0022-1767
24367514,1932-6203
19768117,1932-6203
31674765,1520-6882
19361521,1089-8638
23349832,1932-6203
15566952,1043-4666
31031016,1878-3686
27476997,1538-0254
21294507,1520-5126
36395538,1096-0341
36442197,1875-8908
35271300,1095-9203
37993085,1872-7980
18630867,1520-5215
33341813,1663-2826
28882106,1471-2199
29123195,2045-2322
21539082,1026-3543
26232410,1943-2631
22984526,1932-6203
31577817,1932-6203
18973379,1520-6106
19778152,1089-7690
30323041,1098-6596
11260526,1398-9219
25516570,1471-9053
22997493,1537-744X
21268022,1521-4141
12897126,0270-7306
11884674,1040-4651
19215766,1557-7988
19539585,1873-2518
32308483,1179-1322
22383581,1362-4962
11145947,1524-4636
23716691,1091-6490
15107609,1538-4101
28678535,1502-7686
18534187,0006-3002
11506361,0032-0935
37111683,1999-4923
23875043,1935-2735
17853694,1026-3470
22333158,1742-4658
27435965,1878-7568
30501007,1521-6551
21209315,1939-4586
21867916,1879-1301
38139425,1422-0067
20428786,1791-244X
36931029,1950-6007
35142978,1573-2584
23341457,1083-351X
22340593,1878-3686
31936166,1420-3049
36412210,1600-0854
31203721,1554-8635
33691409,1520-5827
16489218,0016-6731
29302061,2041-1723
24732074,1521-7035
13680365,0340-6717
12376568,0021-9533
23940252,1367-4811
19891007,1097-0290
16339904,0027-8424
22629269,1664-462X
22123371,1095-8541
35257734,1879-0003
26709046,1097-4172
19399925,2219-2840
22151347,1747-0285
28858851,1945-4589
24419386,1399-0047
19709933,1568-7856
17855387,0021-9533
29059378,1362-4962
32019936,2041-1723
21052094,1476-5403
11751854,0021-9258
32302327,1932-6203
20637285,1095-9327
12593675,0885-4513
25939533,1432-1106
29212441,1471-2148
25338512,1462-5822
18547518,0969-2126
19825560,1674-2052
30653992,1089-8638
17371879,0021-9258
15051761,0022-1007
29988968,1949-2553
10975566,0961-8368
15678472,0021-9967
20561922,1090-2139
27167971,2045-8827
17311287,0021-9541
29206177,1422-0067
14732705,0021-9258
30602331,1524-4571
17597151,0022-2836
27526190,1545-7885
12426310,0021-9258
28986232,1872-9711
37272890,1530-6860
28108377,1879-0712
19696176,1552-5783
25560517,1520-6882
32665593,2041-1723
28531371,1538-0254
24907353,1758-0463
34627697,1590-3729
10704651,0049-3848
16314111,1047-8477
17404735,0172-8172
33513091,2050-084X
36977203,1364-3703
17408514,1752-0509
32562696,1879-2642
22759308,1742-4658
25110914,1477-9234
29451820,1522-1539
30102401,1362-4962
11110696,0006-4971
38142455,1362-4962
10994080,0041-3771
12498690,0960-9822
21474991,1559-2308
21478343,1098-5530
22325355,1097-4164
35872575,1365-2036
11535516,0006-4971
16133177,0340-6717
37902287,1460-2075
14659753,0022-2836
14730697,0894-1491
18557739,1600-6143
22038404,1529-0131
10720628,0006-8993
38346961,2041-4889
19944744,1872-7972
20954171,1097-0134
20427770,1550-6606
16735092,0306-4522
17590443,0165-022X
27901448,0031-949X
18057100,0950-1991
30862618,1468-2079
18772885,1460-2075
32938748,1535-9484
32391621,1365-2184
21219617,1479-0556
19616115,1878-5875
19455469,1538-2443
22983094,1551-4005
34882091,2050-084X
12034670,1524-4539
11566184,0014-5793
18438427,1476-5594
21689595,1097-4199
14527960,0021-9258
22812098,1003-0034
12759744,1617-4615
22892320,1532-298X
18930738,1089-8638
27756565,1096-0279
33411381,1612-1880
16887807,0021-9258
34866601,2053-230X
25605717,1083-351X
15551218,0022-1899
34182774,2150-7511
28199100,1526-4602
11940591,0021-9258
19762685,1524-4571
14625475,1073-2322
33836790,1757-7241
16297147,0954-7894
20681677,1520-5126
16971693,0737-4038
25326327,1362-4962
26517513,1949-2553
24664203,1532-2548
19860376,1520-510X
30219502,1873-2690
33657363,2211-1247
26498254,1872-9754
21284855,1471-2091
11900542,0006-2960
20803552,1097-4644
27769863,1090-2104
19397675,1462-2920
37876219,1421-9778
10777593,0021-9258
19762236,1464-3405
16148239,1529-2401
10637234,0261-4189
34275420,1369-1635
21755984,1520-4812
25453762,1097-4164
30916395,1469-8137
22489042,1860-7187
12660158,0261-4189
30097533,1535-9484
15576920,1064-3745
31240602,1559-1182
16243714,0897-7194
17020582,0950-382X
38512659,1940-6029
28871194,2045-2322
18181835,0919-6544
11866900,0529-5807
16522793,0961-8368
25631053,1083-351X
16777094,0014-4886
21358640,1546-1726
35510412,2165-5987
37302810,2211-5463
17575357,0910-6340
19022538,1768-3254
31770592,1769-714X
32051188,1549-5469
29121714,2005-9256
34454945,1089-8638
16307850,0378-1119
30054936,1097-4644
16147988,1362-4962
19651892,1540-8140
20937822,1083-351X
26139345,1471-4159
30613914,1573-2576
20406883,1477-9137
34793695,1879-0445
32824486,1422-0067
15254699,1021-335X
25643174,1549-960X
20064542,1879-3150
34781745,2150-7511
19463004,1520-5126
22362081,1537-1719
34898603,1553-7358
30632739,1520-4995
17495531,1551-4005
28646899,2051-5960
34180342,2154-1256
17146441,0950-9232
17917305,1347-3700
30127008,1091-6490
19682089,1365-2443
23319881,1472-3654
21880216,0393-974X
25040695,1742-4658
16651184,0965-1748
22179023,1872-7573
11157854,0953-8178
29878773,1520-5207
29317986,1942-0994
36943304,2047-4881
31417634,1837-9664
20138891,1089-8638
30223621,1422-0067
35638735,2150-7511
11953450,0022-3042
22079431,1525-2191
36606410,1757-7012
26558463,1880-3989
32016997,2284-0729
21419848,1095-953X
22689891,1532-2548
30979083,2073-4409
34299644,1420-3049
11959125,0014-5793
37314226,1943-2631
21787861,1873-4596
17059221,0006-2960
20382769,1098-5530
26116569,1477-9137
35037842,1538-0254
29202465,1558-8238
37047526,1422-0067
37935323,1090-2430
30459229,1529-2401
16023326,0896-8411
18395318,0301-4622
22855488,1098-5514
34060497,2155-384X
24008661,1532-1827
34286019,2331-8325
25463438,1089-8638
17701023,0012-186X
33776998,1664-3224
21762686,1879-0712
29848501,1477-9129
23136484,1344-7610
29693118,1791-244X
36164371,1875-8630
33583561,1873-2402
25124962,1879-0542
30771248,1365-313X
22289382,1520-510X
35662038,1873-2534
32170696,1940-6029
21167225,1873-4863
26577226,1742-4690
22072989,1553-7404
34858388,1664-3224
21737428,1362-4962
22564052,1520-5762
27829658,2045-2322
12664263,1431-0651
14651983,0006-291X
32424362,1529-2916
23969087,1080-6059
29644770,1365-2443
36255398,1756-591X
16407403,1059-1524
37423912,0948-5023
15047887,0027-8424
21803076,1872-9428
12368909,1529-2908
12973300,1469-221X
33859747,1838-7640
11943162,0014-5793
17065223,1530-6860
17616640,0006-4971
25687693,1095-9564
16224117,1478-3975
23720348,1522-1466
36868891,1873-2402
19914239,1873-3468
18385429,1533-3450
16507586,0021-9533
19620641,1525-3198
30376078,1525-3171
28764815,1756-3305
33440147,2211-1247
32922073,1179-1322
30403672,1932-6203
24940003,1757-4684
25231351,1522-1490
16183647,0021-9258
36325785,1000-503X
33257655,2041-4889
14652017,0006-291X
15703439,1355-8382
29276382,1178-2013
11741236,1522-1059
18177020,0006-2960
35447113,1083-351X
25273169,1423-0380
16166421,1078-0432
30544747,2073-4409
21180771,1757-9708
26777707,1008-1275
25981880,1567-2387
24182916,1557-7988
11846901,0148-396X
27245636,1554-8635
16889424,1535-3893
12959595,1525-7797
17456777,0002-9440
14970329,0027-8424
22579247,1878-4186
15329909,0008-543X
19801549,1083-351X
26337223,2045-2322
38064540,1557-8100
29229697,1532-2548
33815661,1942-0994
16170383,0950-9232
33382605,1520-5126
22286948,1460-2075
22426392,1095-953X
11743731,0022-2836
34150180,1943-8141
15205165,0363-6135
16123041,0021-9258
19389758,1350-0872
23097045,1477-9137
19297525,1939-4586
23553833,1091-6490
14701830,0021-9258
38228630,2041-1723
18384742,1096-0309
34339092,1439-7633
25922388,2150-7511
21138727,1096-0309
23369715,1878-1551
29466714,1876-7737
38345397,2326-6074
20153750,1095-8584
31515276,1477-9137
32548075,2253-1556
24821728,1083-351X
22465358,1096-0945
25308487,1940-6029
27875067,1554-8635
21898689,1549-4918
18410541,1600-0609
34238413,1000-503X
34069842,2072-6643
20144952,1362-4962
20208152,1744-3091
11752704,0022-1317
19767612,1362-4962
34387333,1758-535X
25322200,1520-5207
26434491,0219-1032
32559430,1525-0024
33298525,1083-351X
30343511,1349-7006
23560089,1932-6203
36011378,2073-4425
33524093,1460-4744
20544837,1098-2795
20934483,1872-8324
14533984,1413-8670
18039868,0016-6731
31960470,1096-987X
24943839,1939-4586
11488452,0032-0943
33824292,2058-7716
15147878,0014-5793
28901718,1932-846X
30089857,1530-0307
38244911,1872-7980
27760184,1932-6203
35106498,2666-1667
20080730,1091-6490
19437546,1097-4547
25972162,1529-2401
33875545,1098-5530
12885416,0014-5793
27124574,1526-968X
28931811,2041-1723
10640564,0022-1317
31369737,1523-1747
17038483,1096-6080
20858725,1538-8514
17580945,0002-7863
20031400,1873-2976
23006734,1524-4563
20418076,1873-4367
23042606,1545-9985
22407814,1469-896X
34523356,1750-192X
29452570,1530-6860
36681682,2041-4889
34381976,2589-0042
16375448,1520-6106
38499788,1460-2075
20110614,1875-8908
33629867,2574-8300
17454302,1521-6543
11755952,0049-3848
14970231,0021-9258
27501755,1090-2104
10976934,0959-4965
19488449,1477-9226
11359767,0021-9258
15286999,1526-954X
37158740,1098-6596
21189322,1098-5522
24912477,1527-3350
16601880,0141-8955
17368826,0006-3002
16684768,0021-9258
17886433,0132-3423
16814717,0092-8674
23996363,1940-6029
27688092,1618-1328
23280615,1099-1352
37541257,2211-1247
25107903,1083-351X
26629705,1932-6203
12131559,0160-2446
19520148,0006-3002
15036315,0968-4328
20463404,1875-8908
29154833,1873-3441
28729735,2045-2322
16344323,0022-1295
15450749,0145-305X
17029290,0886-1544
23580545,1362-4962
19184978,0951-4198
31330532,1476-4687
15598982,0890-9369
11350935,0261-4189
27730553,1940-6029
16822756,0962-8452
17571073,1469-221X
19480929,1557-7988
23529956,1552-4965
32266401,1938-3207
12574118,0261-4189
33406981,1555-8584
19942317,1558-1497
27221739,1573-4919
26231283,1089-8638
34363072,1745-7270
11076097,1046-7408
12414630,0008-5472
24618574,1932-6203
29134746,1522-7278
35195164,1678-8060
36598192,2150-7511
18450452,0960-9822
16337232,0022-2836
14607829,0021-9258
20946629,1471-2407
18089571,0021-9258
27109927,2041-1723
19628609,1466-5026
33783904,1521-2254
28198114,1099-1565
28946879,1475-2859
24534812,1476-1645
37803433,1756-9966
33882274,1097-4172
15286052,8750-7587
15620726,0014-5793
16901786,0092-8674
29774769,1555-3892
35305647,1476-4598
17947705,0022-1767
15528338,0022-1767
19663915,1574-6968
15996911,0006-3002
24040006,1932-6203
31813137,1003-9406
30399106,1873-233X
23382855,1932-6203
24959710,1932-6203
34799691,1476-5578
18755793,0013-7227
26616050,1090-2104
17049494,0006-2952
27438017,1932-6203
16554316,1096-6080
30015031,1873-3557
22416128,1091-6490
26898606,2045-2322
19939222,1875-5828
20420191,0015-5497
36973541,1745-7254
15378555,1552-4825
25108107,1873-4243
22074111,1365-3040
18178165,0006-3002
25242320,2211-1247
34638537,1422-0067
23244545,1471-2164
30508698,2213-2317
15151990,0950-1991
36594281,1754-8411
22940612,1460-2083
16788180,0021-9193
37932456,1529-2916
15242601,0969-2126
18643923,1365-2141
32811851,2045-2322
10859187,0032-0889
25398592,1559-0283
17827390,0006-4971
16943765,1090-0535
23361369,1879-1123
38334477,2045-7634
12501204,0006-2960
22519725,1937-2345
24820054,1097-4644
28600229,1095-8584
37804836,1932-7420
17668073,1932-6203
31976659,1520-510X
19424504,1932-6203
36748803,1520-5118
24463962,1432-0428
23825413,1529-2401
21542017,1531-8257
21740962,1873-1899
35114989,1476-4598
25721394,1873-7064
34180666,1520-5126
22078565,1878-4186
12554768,0888-8809
33216476,1421-9778
21859154,1520-5118
34029572,1090-2422
37400677,1532-1827
28954688,1465-2080
21904622,1932-6203
18505824,1098-5549
16839648,0264-410X
14535434,0165-7380
38448144,1876-1631
15755601,0264-410X
20098747,1932-6203
37934472,1540-8140
23600676,1365-2559
23861670,1553-7404
24784029,2041-1723
17668887,1527-3350
30718425,1091-6490
26381279,1573-904X
31207491,1873-2690
26519737,1756-2651
20950493,1471-2172
21596746,1083-351X
16011810,1471-2164
35588955,1872-8006
31670395,1469-7580
18090157,0192-0790
36348434,2162-3619
36786504,2052-2525
24977327,1949-2553
11544191,1088-9051
34103236,0968-0004
22280891,1878-1551
22633084,1096-0023
17579035,0022-1767
31315044,2211-1247
25763817,1932-6203
29472443,1095-9203
22117643,1471-4159
34931595,1538-0254
26661414,1617-4623
23778145,1558-8238
22221880,1742-4658
16262254,0006-2960
24104566,1532-298X
22470458,1932-6203
30444874,1932-6203
27065322,1476-5594
18948276,1471-9053
19937263,1420-9071
12429123,0965-1748
27762416,1463-9084
31535361,1873-3468
21642423,1083-351X
26505763,1096-9888
17617573,0022-1767
25956258,1873-7544
16601701,0261-4189
15387373,0262-0898
11842114,1362-4962
12126620,0022-2836
29466703,1090-2430
15620220,1042-5179
33397935,2041-1723
23766128,1945-7170
36931563,1873-2259
12490406,0042-6822
31305533,1940-087X
15816539,0250-7005
16258064,0027-8424
18222118,1090-2104
19774823,0001-6462
28877584,1520-5118
16219325,0022-2836
15075441,1535-1084
16042403,0006-2960
34919556,1935-2735
38237645,1872-7573
15500455,0958-7578
16878989,0006-2960
31790338,1531-2267
37268172,1096-0260
19010822,1541-7786
21435038,1365-2958
31308532,1552-4469
10702521,0009-9147
11071946,1362-4962
26088774,1873-4324
20188849,1878-5875
32841542,1751-7915
28813618,1544-0591
26764274,1477-4054
25101631,1875-5305
25601058,1879-3169
31293837,2167-8359
24405676,1879-0445
15123601,0021-9258
36716231,1948-7185
16361229,0016-6731
22490465,1096-0309
26560848,1601-183X
27813706,1559-2324
12119026,0006-2960
33568673,2041-1723
15541003,0305-1846
22303719,1003-5370
35268736,1420-3049
11330796,0021-9673
25390651,1932-6203
11602144,0213-005X
23894648,1932-6203
26903517,1083-351X
34124943,1098-5530
12047557,1398-9219
11266368,1469-221X
19380877,1540-8140
33009385,2041-1723
11976108,0099-2240
29108579,1873-3573
26956469,1573-2576
37558663,2041-4889
21525010,1083-351X
25208554,2041-1723
24254198,1573-6830
33379368,1422-0067
37867237,2198-3844
19399029,1748-7838
23384287,1742-4658
17965020,0021-9258
15212792,0378-1097
11502258,0896-6273
11890761,0002-7863
16990041,1089-8603
21778596,1347-4820
21291475,1471-4159
34725922,1474-9726
34580960,1365-313X
20034112,1097-0134
24901646,1520-5126
23261869,1873-6300
26339056,1098-5514
16522631,0021-9258
33239640,2041-1723
33732792,2331-8325
21743463,1476-4679
20000779,1535-3907
18076570,1356-9597
31241128,1460-2180
10847636,1073-2322
15872052,0022-1554
16912569,0959-8278
24608264,1932-6203
15060079,0021-9258
25760701,2053-230X
17468175,0006-3495
18457543,1557-7422
27636714,1552-4965
15331329,0008-8749
10725160,0021-8561
12490633,0146-8693
23892080,1873-3468
33550458,1573-675X
13679861,0950-9232
15164063,1476-4687
21637416,1678-4685
26299925,1090-2104
18407549,1058-8388
18024479,1460-2180
20805501,1091-6490
24180698,1471-2407
17881333,1095-8290
25933590,1873-4596
18175920,1347-6947
16398999,0048-9697
38143068,1879-0003
29507418,1476-5594
10823409,0033-3158
21907236,1872-9711
38527097,1535-3907
16987004,1523-0864
22975631,1880-313X
23299685,1940-6029
19332550,0021-9258
24039236,2045-8827
21286784,1573-4951
28081663,1538-0254
33222668,1875-5666
29518015,1420-3049
10716188,0961-8368
25421303,1439-7633
31978377,1872-6240
14749226,0002-9165
17096842,1471-2172
14656972,1088-9051
36133922,2296-634X
23721784,1872-7972
28692063,1546-170X
28478056,1879-3150
29753682,1873-4863
12399986,0887-6924
26306044,1083-351X
17429075,1059-1524
33179589,1538-0254
22153507,1878-4186
17640691,0031-9422
12091325,0006-4971
16060676,0006-2960
30165191,1872-7980
24076244,1879-0445
28652403,1083-351X
29888905,1520-6882
16886005,1545-9993
34488224,1423-0313
15780142,1471-2164
33877625,1940-6029
21224387,1083-351X
18098312,1527-3350
20097157,1090-2104
37834108,1422-0067
27603577,1549-4918
21867535,1471-2164
11069910,0021-9258
12406713,0099-2240
17144678,0006-2960
21108627,1476-5381
38055825,2375-2548
31881750,1420-3049
28360132,1477-9129
17288733,0161-6412
33248359,1873-5967
15613312,0022-538X
18387118,1750-3841
32398826,1545-9985
19918063,1091-6490
20980406,1522-1466
36775227,1879-0003
16701578,0006-8993
23667562,1932-6203
31026588,1096-0937
25329104,2066-8279
21668981,1471-2229
12554879,1355-8382
19880521,1083-351X
23013614,1756-3305
37808710,2692-8205
17151213,0095-1137
25895534,1550-6606
21901601,1940-6029
33243860,1095-9203
16141198,0021-9258
27585440,1752-0509
22583159,1946-6544
23738034,1942-0994
24469048,1476-5594
19716479,1879-1301
30450857,1976-2437
15242333,1470-8728
33846519,2045-2322
31184885,1520-5126
34942400,2212-8778
16731925,0022-538X
22806202,1573-0972
26291522,1932-6203
30904720,1873-2690
35312770,1460-2423
20848231,0219-1032
12458683,0724-8741
21439299,1095-8541
33269387,1945-7170
37082243,1664-042X
12606561,0021-9258
16473616,0076-6879
38379415,1474-9726
17267481,0022-538X
20847811,1466-1861
11809809,0270-7306
18801372,1089-8638
22010197,1477-9137
16036620,1521-6543
27658392,1939-327X
22808041,1932-6203
24356447,1939-4586
10945500,0007-0920
28923939,1091-6490
17164775,1525-0024
20833885,1466-5034
14962714,0959-8049
35705312,2051-1426
18849297,1460-2180
31624094,1095-9203
32184397,2041-1723
30823867,1129-2377
11562764,1019-6439
18789895,1090-2104
37649886,0971-5894
22229733,1520-510X
23653355,1083-351X
23657527,1473-5644
15251868,0193-1849
24831812,1553-7374
12746486,0021-9533
18522993,0021-9533
19513539,1107-3756
25211075,1934-6069
24076457,1873-3557
25857222,1462-2920
15379539,0006-2960
29225228,1348-2246
30248489,1089-8646
14697224,0006-291X
34132974,1878-7479
33337386,1877-718X
34822292,1095-9203
24007200,1600-079X
25822025,1558-8238
37340819,1365-2184
27745778,1095-9157
22179612,1083-351X
17084357,1534-5807
25673126,1432-1459
33689882,1090-2104
36471363,1756-9966
16002091,0022-2836
15509600,1367-4803
12536150,0021-9258
11676480,0006-291X
17461103,1615-9306
30219109,1749-8104
16271804,1558-1497
26711263,1098-5549
16902113,1095-9203
35041419,1520-4804
28823028,1874-270X
35311523,1098-6596
15329281,0376-2491
18545699,1932-6203
25446263,1873-3913
20417611,1096-0309
33441663,2045-2322
35840552,2041-1723
28030582,1932-6203
16934832,0022-2836
32197113,2213-6711
12227070,0507-3758
23527007,1932-6203
19579229,1615-9861
35385705,1932-7420
25073701,2050-084X
28654059,1940-087X
12668730,0021-9533
25346140,1520-6904
30670630,1573-4935
11350968,0021-9258
35013187,2041-1723
26304550,1362-4962
16360641,0006-291X
30639243,1097-4164
36214465,1523-4681
35137182,1362-4962
15476391,0006-2960
15600341,0002-7863
14749727,0261-4189
21512034,1535-9484
24554729,1460-2199
20332091,1083-351X
23125353,1535-9786
26112186,2041-1723
18639878,1879-1484
32649832,1948-7193
35437032,1524-4539
11259311,0006-3495
27614006,1872-7549
30755643,2045-2322
32808038,1362-4962
37218192,1875-5550
19342595,1524-4636
11118220,0261-4189
21375809,1568-5624
17495324,0008-5472
20180821,1538-7836
10833532,0022-2631
19151076,1469-445X
36449354,1554-8635
15950952,0006-2952
34081480,1520-4804
19853567,1878-1551
35192905,1879-0003
23734609,1520-4804
18085799,0006-2960
11278379,0021-9258
36930594,1932-6203
16841247,0966-0844
19302483,1471-4159
19430462,1545-9985
22138155,1873-7544
23437369,1932-6203
11592067,0014-2980
23614825,1520-4995
28584163,1532-298X
37300283,1744-5116
35638694,1096-987X
21655225,1932-6203
26295305,1949-2553
11882653,0021-9258
37098078,1932-6203
16413263,0076-6879
17613520,0021-9258
19918364,1932-6203
20519520,1529-2401
22884418,1878-4186
25969428,2045-2322
32985670,1573-4935
30195797,2162-2531
26714107,2050-084X
28094900,1552-4930
24595529,1477-9234
28073357,1297-9686
37043368,1465-2080
37084579,1879-2448
29268615,1520-5207
27141956,1520-5207
32467605,1935-3456
11319810,0003-2697
15642950,0027-8424
16153457,0046-8177
15598746,0027-8424
14695357,0964-6906
30522780,1532-2785
25954853,1791-3004
16707487,0021-9258
29263320,2041-1723
21043478,1554-8937
34728631,2041-1723
22322972,1522-1563
12193752,0022-1767
16598261,1476-4687
22227009,1090-2422
16418295,0027-8424
20966047,1549-5477
32669707,1476-4687
33507296,1528-0020
15929661,1050-7256
21478274,1549-5477
23284629,1932-6203
19146848,1095-564X
21575921,1878-1810
12917021,
22290467,1676-5680
15136578,0021-9258
24143989,0091-679X
30707903,1873-6351
26846855,1083-351X
36544231,2051-5960
20616058,1091-6490
31197323,1477-4054
15623929,0959-2989
11457082,0002-7863
12614847,0891-5849
22904071,1362-4962
15254183,0022-538X
19172754,1545-9993
33560415,1460-2377
29844578,1748-7838
30733262,1592-8721
24314273,1742-2094
26977056,1539-7262
21867216,1550-2376
11175338,0950-9232
15522759,0142-9612
30144338,1365-313X
35430764,1365-2443
18176109,0959-4973
24055813,1878-5875
28376556,1439-3999
18776994,1745-7270
22493497,1083-351X
15247295,0021-9258
24905722,1554-8635
27417970,1940-6029
32687730,1205-7541
14631844,0076-6879
12125819,1464-1801
16050810,1470-8728
23813893,1521-2254
27734239,1573-5079
29898392,2211-1247
11053448,0021-9258
33434517,2451-9448
28662642,1471-2164
23938293,1748-7838
17325036,0270-7306
18785995,1600-0854
30957643,2058-7384
38235532,1096-9071
23975426,1476-5594
19127257,1532-1827
31882247,1542-0086
29288462,1940-6029
19567872,1083-351X
24736720,1932-6203
15810845,0002-7863
22014686,1872-9142
17688198,1355-8145
31929506,1940-087X
16165131,0014-5793
23115104,1098-2744
32385852,1720-8386
25389186,1465-2099
28914132,1559-7016
37717086,2045-2322
27153186,1549-9626
31103918,1476-928X
35041118,1568-5608
30874544,2041-4889
33493586,1872-7980
19380580,0021-9258
31053407,1097-4199
34337952,1520-4804
30078705,1097-4172
37756334,1091-6490
16551627,0021-9258
21698112,1932-6203
23418352,1477-9137
16172916,0301-4851
31517484,2373-8227
16954434,1351-0088
19426693,1873-2968
19878455,1365-2958
19259640,1432-1440
33464442,1573-5079
26208298,1932-6203
12965024,0962-8452
21875149,1538-0254
34980181,1742-4933
27559131,1939-4586
22083268,1364-548X
20086090,1098-5522
16940356,0027-8424
17712850,0022-3549
30012171,1756-9966
14997389,0340-2061
11073992,0270-7306
15878422,0006-3002
20935069,1752-9867
29338545,1551-4005
34799448,1091-6490
24151583,2314-6141
12590604,0006-2960
24741189,1998-3751
37365335,1755-4349
20704377,1520-6882
18438954,0022-3417
28424513,1476-4687
17923533,0021-9525
33867526,1476-5438
16103109,1530-6860
24145511,1540-9538
20573952,1083-351X
30100244,2212-8778
11526121,0021-9258
25546632,1097-0134
14871598,0301-4622
24126349,1465-2080
25465128,1878-4186
15860773,1362-4962
29388466,1522-1504
33986252,2041-4889
23132501,1432-5195
17557848,0099-2240
16949049,0006-291X
30346224,1559-7016
35038550,1873-4596
19132078,1553-7358
24788178,1940-6029
18056705,0021-9258
11573249,0730-2312
37292722,2692-8205
36413310,1940-6029
38512682,1940-6029
29616060,1664-462X
36785790,1942-0994
16847656,1615-7591
20231689,1550-6606
21166103,1534-6080
16969810,1552-4922
22735522,1542-0086
30905923,1347-3700
22728270,1873-4596
33236936,1522-1598
19907488,1476-4687
23606302,1439-7633
21816402,1873-3778
25978654,1520-5118
28105027,1664-302X
22992703,1949-1042
29069412,2047-217X
11983707,0021-9258
29100874,1876-035X
15117317,1398-9219
23555188,1476-5586
22215809,1549-5477
30670696,2041-1723
24066173,1932-6203
22573493,1933-7205
21214674,1349-7006
28062526,1521-0103
32220884,1557-3265
32217749,1095-9203
15096184,0019-2805
12589020,0027-8424
25564351,1477-0539
30417576,1582-4934
31253850,2045-2322
11057754,0024-3205
35680454,1879-0534
17669422,0022-2836
29774078,1838-7640
34204142,1420-3049
24267245,1879-1484
21833825,0948-5023
21144839,1090-2104
11313347,0021-9258
12547908,0027-8424
14663631,0175-7571
30759345,1530-6860
30911542,2314-6141
15543991,0021-9673
31974375,2041-1723
22855497,1098-5514
33335104,2041-1723
35527371,1608-3040
16236556,1537-1891
36602567,1618-2650
18930067,0024-3205
31591221,1091-6490
36976799,1553-7404
37019967,2041-1723
38302370,1879-291X
19783983,1476-4679
24100040,1083-351X
26502094,1423-0259
28910388,1932-6203
29298893,1083-351X
16424155,0022-1767
38153508,1436-5073
27136517,1420-3049
20683608,1432-119X
16148343,1539-6150
15784600,0019-9567
27083003,1949-2553
24809452,1932-6203
30368039,2213-2317
32317964,1663-9812
32491994,1945-4589
37702499,2165-0497
29525124,1873-3778
17564309,1078-0297
16879716,0022-3042
30111543,1091-6490
17340613,0730-2312
34767673,1527-3350
17088211,0896-6273
31548559,2045-2322
27886214,2045-2322
24478280,1742-5662
19528482,0250-7005
25666827,1469-3178
19506009,1098-5522
21105873,1471-4159
33388724,1879-3231
34108479,2041-1723
18815590,1744-6872
29535188,1083-351X
20580964,1557-7988
11031257,0021-9258
32286226,2050-084X
38091401,2375-2548
28743005,1878-1551
29554047,2163-0763
11062151,0143-3334
28667101,1573-4935
32185695,1875-8355
20395209,1538-7445
28732596,1097-4164
24708261,1543-8392
28829427,1940-087X
27412950,1872-6216
10887089,0950-1991
23539298,1573-7217
22018245,1742-4690
21414204,1742-4690
35570218,2056-5968
18039712,1362-4962
25880114,1096-0341
37351636,1362-4962
18336956,0223-5234
12473668,0021-9258
17979974,1600-0625
15225617,0014-5793
38014938,2150-7511
33237966,1932-6203
22080766,1520-4995
12663324,1073-449X
17374849,0888-8809
30218891,1873-5967
36089751,1097-0061
17099209,0268-1161
21463594,1542-0086
19285506,1089-8638
22386790,1879-3088
23390196,1528-0020
19539482,1464-3391
15507754,1344-6304
27164952,1521-4095
28396546,1098-6596
17672125,0372-9311
23923579,0301-1208
37946410,2590-3462
10848577,0270-7306
37188478,2575-1077
26245371,1476-4687
25123972,1525-142X
28102638,1527-3350
35438978,2161-5063
24692659,1362-4962
34369331,1559-6834
36535771,1529-2401
19629033,1460-2075
20638950,1873-2763
25042804,1097-4164
20727855,1090-2104
20714441,1449-2288
24014578,1532-2548
15803508,0021-9967
26575186,1935-2735
25271300,1535-9484
27454819,1476-4679
36162596,1096-1194
21241679,1872-6240
34296309,1791-2431
35406764,2073-4409
21187892,1553-7374
15340093,0931-0509
11371566,0021-9258
17603005,0003-9861
18537236,1520-510X
12654904,0021-9525
16794254,0006-4971
26004298,1878-5875
18303015,0021-9258
30510142,1538-8514
19504607,1552-4833
12022235,1355-8382
23811077,1879-3150
30318146,1097-4172
36738663,1879-2472
37261974,2050-084X
11473122,0021-9258
31420304,2212-8778
20124224,1535-9484
12644489,0021-9193
37118830,1757-6512
28675157,2041-1723
12237340,0026-895X
15502323,0907-4449
24619613,1532-298X
38364946,1879-355X
33803578,1422-0067
11327872,0006-2960
12914940,0014-5793
16424178,0022-1767
20402834,1751-2980
21711400,1365-313X
19216075,1464-3405
26997138,1877-9603
22993164,1098-5514
30232182,1098-5514
11683876,0014-2956
23397623,0065-2598
11764210,0315-162X
10747029,0261-4189
34229041,1089-8646
36810829,1469-896X
30251852,1520-5207
33548391,1638-6183
21913221,1554-527X
28074350,1550-7416
22666486,1932-6203
20211672,1872-9754
20602434,1521-4141
38013079,1879-0003
12460578,0022-2836
19171190,1873-3913
25065759,1879-0445
26317694,1932-6203
37013645,2731-3654
16760425,1059-1524
37816745,2041-1723
25011959,1672-7347
31782811,1469-8137
26754765,1559-0755
32189500,1520-4804
22577079,1552-5783
27809838,1475-2875
33547084,2375-2548
20682283,0006-3002
22562242,1570-0267
30096398,1879-0003
33616001,1942-0870
34796776,1544-0591
28694351,1470-8728
29459402,1741-7899
22181969,1530-9304
16793225,0378-1119
23479128,1573-5079
33853964,1098-5514
20101221,1476-5594
31915967,1432-0843
30853401,1097-4164
16307743,0014-5793
34168134,2041-1723
34469738,2211-1247
20209096,1932-6203
12778053,1097-6256
36330333,2296-634X
36089828,1469-8137
12574164,0021-9258
17901336,1095-9203
12426354,0021-9193
33925065,1422-0067
20075857,1476-4687
28733484,1550-6606
16854575,0939-6411
36275765,1664-3224
21878644,1083-351X
36430961,1422-0067
21726335,1600-0897
15859253,0020-1669
18418072,1551-4005
15914846,0022-1317
19572197,1573-7217
29440593,1532-2548
21233283,1939-4586
21504904,1083-351X
12374213,0364-3190
30737264,1540-8140
11406615,0021-9258
29899379,1476-5403
11978777,0953-8178
17898419,0586-7614
18474861,1091-6490
21870943,1937-335X
15476981,0378-1097
37130350,1520-4804
17675664,1535-9476
12096910,0022-2836
15111119,0014-5793
21593186,1522-1466
20032489,1541-6100
24112784,1365-313X
10799513,0021-9258
18035052,1090-2104
32989298,1552-4469
28194965,1520-6882
12684789,0031-6768
32495040,1432-119X
31118631,1178-2013
24144965,1479-683X
17495536,1551-4005
25659154,1932-6203
24814515,1476-4679
28322269,2045-2322
23999119,2041-1723
30550556,1553-7374
20833725,1083-351X
22251772,1469-8730
17650499,0021-9258
14656443,0969-2126
35651316,1542-0086
10954518,0022-538X
18784834,1932-6203
27417394,1873-3492
33994812,1179-1322
36112059,1538-7445
17070643,0300-9084
24767210,1755-148X
15533047,0006-2960
36610170,1618-095X
11506897,0300-9084
16429262,0167-4412
20164218,1098-5514
24470031,1940-6029
34362797,1538-7445
15380928,0167-0115
29271644,1520-4995
19108635,1520-4995
22508518,1945-7170
33602349,1469-8161
14565981,1059-1524
36069437,2379-5042
25483962,1554-8635
23104097,1529-2916
24818507,0564-3783
19341141,0012-9658
10873539,1046-5928
30557321,1935-2735
36729102,1473-5741
16313629,0950-382X
22200372,1090-2422
20711794,0948-5023
26520731,2473-4209
17962412,1091-6490
18594858,0032-0935
21971545,1090-2104
38038968,1538-7445
21880711,1083-351X
31274292,1520-5126
36115593,1872-7980
34668730,1939-4586
32429937,1478-811X
29285794,1098-1136
34531413,2045-2322
15796531,0002-7863
28802579,1090-2104
29329437,1460-2431
11741272,1522-1059
11166181,0960-9822
31501589,1552-4469
36727301,1460-2075
28552984,1932-6203
12960612,0957-5235
10891075,0006-2960
22444641,1878-5905
24473807,1678-8060
31628349,2045-2322
35980381,1530-0366
24265806,1932-6203
20171186,1090-2104
23952658,1549-960X
12163014,0006-291X
17114182,0021-9258
20306127,1573-7217
26710245,1940-087X
26572250,1471-2164
12788950,0021-9258
27669439,1476-5594
11152577,1079-9907
30870427,1932-6203
20449776,1874-270X
28062482,1522-1504
29725994,1573-5079
11123908,0006-2960
26792896,1362-4962
29873345,2042-650X
16981239,0022-3417
32425695,1475-2867
30335213,1439-7641
37720048,2693-5015
34890459,1532-2548
28397275,1469-8137
24833308,1742-2051
20237088,1098-5514
19289464,0021-9258
27291790,1098-1004
15471364,1352-4585
28297670,2211-1247
22311758,1940-6029
24335195,1421-9778
11580226,1521-6616
14652079,1074-5521
24088044,1520-5126
30668362,1618-095X
38413979,1756-9966
34555023,1553-7358
12218128,0022-1767
11964068,0142-4319
12832623,0027-8424
25347783,1520-5126
35034538,2165-5987
12880696,0168-3659
16426811,0882-4010
33438237,1573-2665
10932256,1072-8368
21326947,1949-1042
24059064,1001-5515
18524886,1521-0111
16253285,0024-3205
18165317,1091-6490
25296321,1542-0086
29150437,1470-8728
16818377,1079-9893
29738871,1095-9947
32501685,1879-1123
20819698,0767-0974
24453110,1521-3773
25084543,1554-8937
34638957,1422-0067
19996422,1476-1645
17668069,1932-6203
31870452,1478-811X
37299473,2072-6643
10720487,0006-291X
11776306,0340-6245
18715914,1098-5514
33582281,1095-8657
26107719,1559-2324
16424199,0022-1767
10629059,0270-7306
18291652,0960-9822
24798071,1365-313X
15799970,0021-9258
24073199,1932-6203
28430876,1529-7268
24980813,1949-2553
19910635,1524-4636
17694325,1432-1335
21868504,1535-4970
24535079,1791-2431
38493426,1420-9071
20975954,1932-6203
10917933,0022-3166
14764885,1095-9203
22194333,1399-0047
11375393,0021-9258
15788413,0021-9258
21883791,1462-2920
21383062,1098-5549
24943844,1939-4586
33277558,2045-2322
18426644,1009-2137
37794019,2041-1723
25084526,1523-7052
30658528,1535-3907
11689042,0042-6822
35551547,1932-6203
15661736,0021-9258
35176981,1875-5704
18451164,1538-7445
18716663,1932-6203
12668662,0021-9525
32369648,1365-313X
11329274,0006-2960
28600217,1567-7257
33486803,1364-3703
31988522,1545-9985
33450182,1878-4186
26631238,1619-7089
15800199,1529-2401
15824123,0021-9258
11136554,1096-7192
19104008,1098-6596
22841293,1878-4186
16702951,0950-9232
16263220,0306-4522
27782152,2045-2322
12618938,1432-2218
26400522,2284-0729
20724776,1361-6528
19654315,1538-7445
35222416,1664-3224
31751885,1476-928X
21291260,1520-6904
14650189,1000-8020
20421388,1540-9538
25369470,1520-4804
15452193,0022-3565
14575151,1740-2522
15268707,0303-6987
24505435,1932-6203
25763483,1559-2324
36898997,2041-1723
11373617,1072-8368
26146082,2211-1247
11292842,1362-4962
21372178,1939-4586
23088786,1520-5010
15155840,0026-895X
27262405,1873-2690
21621534,1090-2422
37834237,1422-0067
19808399,1941-3084
20109467,1089-8638
19824884,1470-8728
11147808,0021-9541
23819499,1554-8937
19460074,1540-8167
26206533,1097-4652
33657413,1097-4199
19051324,1521-186X
21783634,1382-6689
27923987,1532-2548
31158742,1768-3254
19921743,0006-3525
24333183,1600-0641
22465222,1872-8359
25665164,1545-7885
11053835,0907-4449
24712693,1535-3907
23764851,2041-4889
28276274,1538-0254
18668645,1097-0061
21390216,1932-6203
29035389,1476-5594
20339347,1460-2075
12626741,0027-8424
18347092,0890-9369
29121267,1460-2083
16866375,0006-2960
19464256,0006-3002
21338074,1520-6882
31962131,1879-0631
35585066,2041-1723
32110054,1178-6930
22391052,1095-564X
22547071,1083-351X
14605795,0302-8933
22301110,1522-1547
22975506,1347-5215
19951750,1876-7737
15379561,0006-2960
18295592,0006-3002
24506872,1932-7420
27506934,1949-2553
22404494,1520-6882
24423264,1557-7988
23996001,1083-351X
28405842,1432-1327
29387794,2375-2548
11821054,0014-5793
23482566,1083-351X
12592386,0950-9232
18710921,1540-8140
21239733,1535-3699
30621629,1471-2407
11722708,0904-2512
17846264,0003-9942
25821985,2050-084X
25790735,2045-2322
11027256,0270-7306
23848594,1875-5305
18067927,1095-8541
23605000,1522-1504
11319144,0006-3363
33682442,1522-1466
27046831,1878-1551
26242779,1521-3773
26341139,1096-0945
25694435,1083-351X
11068033,0014-5793
19889179,1540-8159
23311633,1752-0509
11165051,0303-7207
15773403,0372-9311
24479872,1742-4658
31611643,2058-5276
15255289,1359-4117
21571370,1872-9142
23136881,1471-2180
23459371,1530-0307
12606766,0026-895X
25672849,1432-0614
15327400,0085-2538
16939655,1471-2105
34902430,1089-8638
15574198,1477-9560
25027712,2041-1723
16227271,0022-538X
26542215,1538-7445
31795414,2218-273X
11027294,0270-7306
18270205,0021-9258
28840535,1559-1182
11108961,0006-3002
12370410,0027-8424
25188313,1932-6203
36129767,1939-4586
15084275,1074-7613
21495009,1097-0290
30126904,1477-9129
37486968,1520-5126
22643967,0948-5023
30024692,1009-4598
33717072,1664-3224
11514355,0006-3363
34585944,2165-0497
37666586,1095-9939
11072244,0020-7136
21525341,1098-5514
22960231,1872-8057
29211045,1424-8220
19269966,0021-9258
21792911,1097-4652
15311268,1545-9993
18979187,1573-4919
35952817,1879-0003
33582094,1090-2422
35599237,1439-7633
10859352,0027-8424
24712528,1757-6334
11681448,0003-2700
25923735,1557-9042
19934309,1538-7445
23223238,1083-351X
15944936,0213-3911
36545966,2095-9281
23666530,1460-2083
24563032,1098-5530
27585883,1754-8411
25322782,1757-6199
12799433,1362-4962
16551632,0021-9258
15783205,0002-7863
12881635,0920-8569
29019189,1000-3061
12161444,0021-9258
16299513,1545-9993
21788359,1460-2423
31654749,1095-9130
23645671,1083-351X
19797066,1098-5522
24335807,1940-087X
30810828,1573-0972
32777054,1460-2393
20465563,1365-2567
34879283,2211-1247
29930100,1538-7445
18713861,1091-6490
15951374,0006-3495
38145744,1083-351X
11752667,1525-8882
12692244,0022-538X
22820118,1872-8278
17041056,0021-9193
32411010,1664-042X
21657027,1001-9332
32195236,2296-4185
17114260,0021-9193
23285035,1932-6203
26765243,1469-8137
11245701,1529-2401
23282576,1473-0189
37500797,1476-5594
11559821,0022-538X
12465027,1439-4227
17352456,1043-1802
25515298,1399-0039
21854464,1365-2958
23619991,1791-244X
15759310,1615-9853
23151668,1477-0539
27149326,1750-2799
35729944,1070-3632
21097703,1091-6490
23919962,1939-327X
24525329,1879-1514
30506571,1527-3350
15996662,0014-5793
10921930,0021-9258
16917228,1078-0998
30204931,1097-0177
20042599,1083-351X
31053728,2045-2322
22372563,1520-5126
23648087,1471-2369
15185377,1439-4227
32215176,1942-0994
15833593,0361-9230
38341921,1090-2104
18794352,0890-9369
31252430,1574-6968
15797239,0003-9861
27055303,0016-6758
26391462,1873-4596
10666119,1040-0605
20160079,1091-6490
25559502,1742-4658
21131364,1083-351X
23831369,1872-9428
25590601,1551-4005
10747790,0006-2960
33684929,1528-0020
11867748,0027-8424
25205754,1460-2350
10973830,0006-291X
16858736,1615-9853
32060267,2041-1723
38273755,1944-7930
34384892,1943-7811
12573249,0006-3002
21670156,1098-5549
37452627,2008-4072
27834632,2050-084X
21750029,1477-9129
32463355,2050-084X
11347983,0036-5513
32216368,2161-5063
37047232,1422-0067
27456931,1471-4159
16112197,0161-5890
30086759,1423-0127
33530311,2073-4409
10713516,0907-4449
25952924,1479-5876
19584095,0021-9533
27615052,1531-8249
21798348,1095-953X
28043808,1872-6240
14527716,0378-1119
23418649,1535-3907
32910969,1089-8638
16415345,0021-9258
12065846,1010-4283
32421120,1463-9084
16317765,0006-3592
31727202,1469-8161
26467226,1097-0231
17209027,0021-9193
22890320,1476-5594
18224433,0920-8569
37563108,2041-1723
27669449,1530-0315
30012626,1091-6490
17904534,0006-2952
22923417,1933-7205
23499579,1879-0542
11956312,0021-9533
21192647,1520-5126
30689079,1573-4951
16464133,1549-1676
34274364,1879-0089
21531701,1362-4962
18378577,1552-5783
21047794,1083-351X
18702052,0173-0835
38273797,1364-548X
27367654,1420-3049
14595539,0012-186X
10715114,0006-2960
16688214,0261-4189
32127479,1091-6490
29706635,1476-5438
25915582,1558-8238
16329506,1000-0593
18689676,1091-6490
33693821,1362-4962
29743239,1083-351X
27517347,1873-2682
24820110,1552-454X
18029680,1746-8272
37850793,2379-5042
23246076,1873-2550
22424148,1520-4804
10986461,0969-2126
32848726,1663-9812
15771535,0002-7863
24819169,1423-0380
36423226,1532-2548
22340512,1743-2928
22759405,0006-3002
19745807,1460-2075
25572667,1095-8355
30696953,1476-5594
19270742,1932-6203
18689462,1542-0086
12892496,8756-7938
14727167,0949-8257
33801826,2227-9059
18826242,1520-6882
15978133,1471-2180
15356168,0022-1767
12388543,0021-9258
22912815,1932-6203
27076624,1557-3265
21539797,1542-0086
32394539,1365-313X
33847855,1573-6903
34787675,1540-8140
25004883,1793-6853
24554665,1098-5514
16168555,0300-483X
16615912,0969-2126
16008045,0028-2162
33318703,1545-9985
19804631,1472-6750
15514159,1095-9203
19834619,1932-6203
28502659,1879-0445
28768665,1522-1466
22504275,1476-4679
27109350,1876-7737
10735869,0021-9193
18172745,0166-8595
34601182,1096-0341
15654879,1742-464X
27866074,1090-2414
17317723,1530-6860
12689677,8756-3282
17496250,1535-9476
15152085,0961-8368
34135365,2045-2322
25680266,1558-1497
23731666,1879-3231
12021361,0022-538X
12486090,0022-1554
25437199,1932-6203
24989778,1478-6362
22789932,1878-5875
30710585,1879-0003
16176402,0905-6157
26823560,1470-8736
29051318,1521-0111
37672644,2379-3694
30323214,2045-2322
22904190,1091-6490
36852788,1875-5305
19609432,1932-6203
10627463,0006-4971
14602720,0021-9258
15837123,0306-4522
33380425,1083-351X
28285942,1873-7544
15366955,1043-1802
22959432,2211-1247
11525353,0036-5548
24854121,1872-6240
19015130,1367-4811
26682704,1469-8137
18544029,1937-3384
27304916,2213-6711
35635944,1768-3254
17068624,1671-167X
14704182,0016-6731
15066269,0896-6273
20334655,1476-4598
19393749,1095-8355
21117078,1097-0134
21859985,1532-2548
22275434,1477-9137
25708779,1873-4596
36843543,2050-7518
31484744,2379-5042
30254053,1937-9145
17418823,0014-5793
15080734,0003-2700
17680666,1097-0290
23819626,1520-5118
35581076,1873-0191
33583875,1349-8037
37110695,1420-3049
23222959,1546-1718
18029578,1746-8272
15184359,0958-0670
24677779,1860-7187
23837668,1936-086X
16822717,1386-6532
20159885,1460-2431
18342362,1097-4172
15903965,0031-9007
28559279,1083-351X
24055626,1557-3117
27401556,1549-5477
18463355,0006-3363
24906120,1932-6203
17003332,0012-1797
18811728,1365-2958
26370391,1471-2164
11483591,0021-9258
27239780,1643-3750
18477604,0021-9533
12558985,0022-3042
23208500,1476-5594
22865500,1535-9786
18710416,1471-4159
14984580,0303-6987
22277023,1755-0998
23170835,1535-3907
31873147,2045-2322
24852819,1873-2690
30970212,1526-4602
15972809,0027-8424
22332590,1549-960X
15746184,1530-6860
22074998,1879-1166
22342947,1096-0309
25631044,1083-351X
25149602,1532-2548
18184743,1931-857X
16616186,0022-2836
26324776,1550-6606
11459805,0013-7227
22549734,1432-0428
23303323,1537-5293
16179416,0013-7227
11327763,0022-2836
28269041,2694-0604
32057044,1463-9084
11390980,0027-8424
23872560,1098-5336
23412354,1473-5733
27252469,1460-2431
25059107,2051-5960
17658259,0960-9822
10623519,0022-2836
36807641,1529-2916
26567568,1608-3040
38573012,1557-7716
15972813,0027-8424
36288343,1932-6203
21673650,1476-5497
12140762,0950-9232
12668432,0006-3495
10768945,0019-9567
20727475,1879-0070
12401721,0012-1797
19537945,1557-8534
23684572,1872-7972
38418462,2041-1723
34153754,1879-1026
17768345,1744-3091
32747548,1091-6490
21208300,1365-2958
22454479,1524-4563
20661647,1572-8781
15500294,1541-9061
31270236,1091-6490
31125144,1097-4644
19161851,1557-7988
20450495,1470-8728
12397359,0028-0836
26496209,1545-7885
27302568,2045-2322
17446896,1750-2799
22357620,1939-4586
15809436,0027-8424
25350109,1422-0067
11033079,1074-5521
19686537,1365-313X
31000595,1091-6490
33988981,1520-4995
12645626,0014-4800
15796303,0920-5063
27212382,1879-0712
15471860,0021-9258
33511909,1533-0338
17276981,0021-9258
17011494,1534-5807
10792052,0027-8424
21421850,1550-6606
23756734,1096-0309
19434518,1532-2807
27053113,1083-351X
20724480,1083-351X
15147758,0965-1748
16782058,0006-291X
19494131,0021-9533
17924608,0315-162X
23973804,1095-564X
11687653,0027-8424
17030684,1524-4539
20348214,1532-2548
11087372,0006-2960
16423998,0008-5472
30265997,1873-3344
20395456,1530-6860
29899023,1946-6242
27875311,1083-351X
35621957,1660-3397
23247408,1873-2976
26244732,1542-0086
26921593,1090-2120
24906447,1439-6327
22780444,1365-2958
17726015,0021-9258
25116838,1618-0607
27664344,1095-9513
11101526,0261-4189
25445346,1872-7492
36306796,1097-4164
24874429,1535-4989
26438104,1471-2180
36649171,1532-2548
32355284,2045-2322
26041674,1541-6100
12393267,0169-328X
11123311,0022-1767
35562899,1422-0067
26754925,2045-2322
33498474,2073-4409
23081726,1522-9602
26162078,1932-6203
32356556,1460-2083
12379213,0006-291X
16774769,0025-5564
15998638,0021-9258
33750826,2045-2322
28576878,1528-0020
38283119,1687-966X
16895583,0022-3042
20472823,1530-8561
31138683,1091-6490
24277934,1098-5549
20943953,1939-4586
24131563,1549-5469
23870127,1097-4172
29348657,2045-2322
37690994,2542-5641
35090122,2161-5063
29210473,1348-0421
15308712,0022-538X
32656810,1099-1263
31869440,1469-8137
35163512,1422-0067
16166649,0270-7306
19375426,1095-6840
16458081,1567-133X
34209408,2073-4409
14687883,0168-0102
15271929,0019-9567
18661358,1607-8438
27439469,1520-4995
19619414,1532-0820
26614076,1940-6029
27697922,1540-8140
14722749,0302-766X
20839819,1520-5207
19706488,1091-6490
19553685,0021-9258
12065417,0261-4189
12584328,0022-538X
23158927,1874-1754
34948051,1422-0067
25918166,1083-351X
16015620,0360-4012
24676100,1553-7404
32863950,1838-7640
34650211,1435-232X
15746060,1078-0432
26164207,1949-2553
36651824,1936-086X
28515276,1540-8140
30254107,1549-5477
18216012,0021-9258
24468289,1095-8657
31216474,2211-1247
10938016,1079-5642
35284671,2405-8440
34478236,2052-1707
21391900,1437-4315
38560106,2405-8440
35328051,2073-4425
32335193,1090-2139
21293035,1529-7268
34883394,1476-928X
14638695,0021-9258
31905199,1545-7885
23733617,1097-4644
16328963,0300-8177
10736105,0300-9475
18420147,1074-5521
35177083,1741-7007
10846101,0022-538X
15208391,1040-4651
27041312,1873-7072
24722451,1748-7838
15312049,1470-8728
27285981,1949-2553
25398909,1460-2075
21561734,1873-264X
37403356,2590-3462
27067377,2050-084X
23936455,1932-6203
20861304,1939-4586
33302359,2072-6651
23892783,1476-4687
19422834,1089-8638
34010654,2211-1247
33523674,1520-4804
28291250,2045-2322
33155881,1538-0254
12077238,0022-1767
33177839,1178-6930
19542429,1550-6606
36509386,1995-820X
17907788,0893-228X
10858399,0012-3692
11303751,0959-4965
28152414,1873-5835
21923881,1439-0531
20579721,1097-4172
27198032,2169-8287
32858593,2542-5641
28821212,1559-4106
33739423,1756-2651
28420677,1535-9484
36012678,1422-0067
18172857,1097-4644
16103256,1524-4539
11673471,0021-9258
25408711,1756-8935
30859665,1439-7633
37010519,1758-0463
16698994,0022-538X
17189522,0022-1554
15733918,0022-2836
27614283,1090-2449
21227758,1568-7856
23478064,1878-4186
16212429,1535-3893
26506005,1932-6203
23577115,1932-6203
24274093,1940-1744
17878535,1469-0667
33628204,1664-3224
14970552,1064-3745
25439321,1095-8673
15722483,1362-4962
11294978,1096-6080
12403468,1355-8382
18512962,1520-4995
25960253,1879-0720
33473072,1347-5215
29589748,1520-4995
27232698,1932-6203
34793974,1525-0024
26311773,1529-2401
26060181,1573-6881
37043535,1091-6490
31218623,1940-6029
11157982,0021-9525
24434802,1750-2799
15939305,1046-5928
18367717,1469-9001
25730900,0231-5882
21984208,1545-9985
32849734,1664-462X
22663254,1520-6882
26070566,1083-351X
14960378,1047-8477
11726540,1530-6860
17317615,1568-9972
21486497,1472-6807
22927825,1553-7404
15713618,0270-7306
11368547,0893-228X
22077927,1471-2156
32540097,1090-2104
25339662,1550-6606
11595938,0028-0836
37885470,2666-027X
17537456,0022-2836
26349034,2050-084X
11525733,0092-8674
11180056,0006-3525
34956208,1664-3224
28143904,1937-9145
24339975,1932-6203
24274398,1873-5576
12746535,0032-0889
33607151,1879-0631
11286888,0969-2126
26552661,1477-0539
21519143,1558-8238
22228774,1083-351X
18178558,0021-9258
27208881,1742-4658
37313686,1477-9137
35720596,1664-462X
18299995,1573-675X
12894213,1476-4687
18989529,0340-6245
32779245,1600-0625
18760309,0166-0934
27683908,1529-2401
18372119,0378-1119
33112794,1479-6805
22580696,1559-2324
21575593,0006-3002
15852352,0173-0835
32134989,1932-6203
18051523,1000-0593
18566967,1098-1004
15201667,0041-1337
20348188,1741-0134
14764090,0014-2956
17760877,1742-464X
17059559,0022-3042
21594947,1469-896X
17317089,0887-2333
33799982,1422-0067
12963723,0021-9258
10855492,0009-5915
16595909,0918-6158
22740494,1460-2350
28197529,2372-3556
21921198,1095-9203
25261310,1940-6029
23624862,1545-9985
18289347,1471-4159
37291547,1755-8794
25294809,1949-2553
33006449,1421-9778
28877405,1616-5195
18644840,1362-4962
22984444,1932-6203
33507062,1948-7193
29724885,2160-1836
33236357,1399-0004
38582263,1879-0038
16097947,0006-2979
27102765,1521-7035
15202772,0364-3190
23532252,1745-7270
22087006,1091-6490
17518767,1386-6338
30980935,1095-9513
25724269,1638-6183
30274134,1873-0191
25740998,1098-5514
16241904,1470-8728
36271596,1438-8677
27922662,1791-2423
23650349,1091-6490
28096468,1083-351X
16305643,0300-9475
38573429,1573-9368
38588427,1091-6490
16105831,0021-9258
35240344,2352-345X
19541618,1091-6490
11361098,1420-682X
23951384,1935-2735
21541315,1932-6203
11756426,0021-9258
33887226,1542-0086
27512978,1791-3004
33838472,2213-2317
16496350,1526-954X
19625256,1083-351X
19140844,1744-9987
19395380,0021-9258
32859051,1422-0067
11557072,0031-9422
15616584,0261-4189
25547285,1879-3231
28400336,1872-7980
27268383,1879-0003
36805947,1938-3673
12692190,0021-9533
17074305,0006-2952
23370434,1873-3476
33082015,1873-2518
11181928,0022-3565
28418397,2058-5276
33203752,2150-7511
11328862,0888-8809
15354437,0021-9673
31495938,1522-2683
27188427,1573-4978
20043976,1872-7972
38321347,1995-8218
12927823,0003-2697
32076015,2045-2322
23135630,1420-3049
36286429,1660-3397
11514517,0021-9193
15250942,0893-5785
20732416,1873-3913
37028941,2332-7812
32699019,1549-5469
17573539,0032-0889
26878305,1543-8392
22215143,1573-5168
25437545,2211-1247
31672029,1557-7716
12962481,0006-2960
17114439,0022-1767
38309864,1873-7145
12718883,1097-2765
19864629,1091-6490
16307051,0007-4888
29177749,1940-6029
31518447,1365-2958
28386066,2045-2322
35417709,2211-1247
33947214,1524-4628
36642411,1477-4054
22310230,1464-3405
20217572,1940-6029
37106138,1545-9985
38067132,2073-4409
10928455,0171-9335
28004105,1791-244X
37178367,2211-3436
37760946,2227-9059
22137457,1768-3254
11067844,0021-9258
28087633,1477-9129
23403394,1664-462X
16804320,1018-2438
19956972,1432-1955
38072240,2213-7173
30415466,1436-5073
20354749,1436-2236
10656789,0022-2836
28335016,1362-4962
20454685,1932-6203
11278617,0021-9258
16856944,0950-382X
27138167,1432-2013
25544858,1746-0794
36927000,2165-0497
29102800,1090-2139
29462174,1932-6203
32322926,1420-9071
12917396,0021-9258
35671835,1095-9319
34365583,1573-6881
31885422,2219-2840
34314047,1530-6860
29440511,1937-9145
12355096,1087-0156
16100512,1465-7392
16246019,0300-5127
27503513,1476-1645
17895251,0021-9258
24110280,2694-0604
29176671,1552-4469
10669413,0036-8075
32475561,1879-1344
25563346,1361-648X
26662798,1460-2083
33453282,1083-351X
37422687,1757-6512
15777675,0006-3002
17440817,1360-8185
16467876,1001-0602
23844019,1932-6203
34623443,1471-9053
33244380,2008-2258
11754818,1074-7613
32596300,2314-6141
35778533,1476-5551
31776923,1940-6029
16353946,1550-7416
10751558,0006-2952
35766864,2047-4849
19759926,1477-9234
23818485,1524-4636
23711415,1096-0805
21797243,1520-5827
29529022,1932-6203
11054289,0022-2836
26932729,2045-2322
18036563,0009-8981
23923649,0031-7144
34212514,1615-9314
32786268,1554-8937
37946295,2162-3619
35688694,1365-2184
21316572,1558-3481
11216868,0300-8177
16338376,0076-6879
32311316,1542-0086
32213612,1098-5514
32772316,1179-2000
20008333,1759-4685
21947953,1573-4978
37808757,2692-8205
12779346,0006-2960
32587106,1557-3125
17327478,1535-3702
31249375,1530-0307
36111592,1976-9148
16919501,1471-4914
14514966,1096-6080
20871482,1529-4242
38189333,2165-0497
31327661,1878-4186
21093507,1873-5169
34853308,2041-1723
29950523,1083-351X
25705092,1466-1861
24583120,0006-3002
31792448,1545-9985
29932504,2051-817X
22743331,1878-5875
31545043,1535-3907
24952377,1768-3254
31486889,1432-041X
34673424,1950-6007
24365151,1090-2104
24960549,1520-4804
32482902,1559-6095
23174015,1471-2105
32515657,1949-0984
24982031,0006-3002
17382987,0042-6822
10683336,0042-6822
18096134,1873-2968
22988110,1091-6490
15347813,0027-8424
12719424,0021-9258
36555817,1422-0067
27444932,1524-4539
16803865,0888-8809
19671135,1471-2199
16866357,0006-2960
33594008,2093-0879
26422560,1549-960X
26424796,1083-351X
19421145,1476-5594
23334184,1420-9071
16645046,1530-6860
15016824,0021-9258
29625034,1097-4164
31454551,1549-9642
37163910,1872-6844
34949659,1790-6245
12615335,0166-6851
20876759,1522-1555
36716239,1520-6882
24488077,1432-1955
12611588,0264-6021
30811632,1365-2559
15792957,0021-9258
16476078,0022-3042
32893851,1470-8728
27776337,1949-2553
34712379,1942-0994
25400026,1520-4995
22984496,1932-6203
16170852,0263-6484
34129943,1535-9484
24321768,0006-3002
18617290,0171-9335
25125172,1932-8494
22074485,1742-2094
11185581,0022-2828
23948918,1875-8908
11738252,0306-4522
37392852,1083-351X
19836126,1873-4200
27737961,1549-5477
17878237,0021-9533
21467578,1532-298X
12626412,0959-6658
16299504,1097-6256
10848880,0300-0664
10965916,0013-7227
11232023,0021-972X
21127351,1083-351X
24029917,1549-5477
29902757,1873-3557
29940854,1471-2172
25283549,1742-4658
10871357,1362-4962
31974312,1091-6490
31785482,1525-5069
35705979,1423-0127
16547135,0027-8424
19917265,0006-3002
24339919,1932-6203
15236976,0022-2836
25488298,1098-5530
38247871,2073-4409
25488808,1362-4962
12183135,0022-5193
23550120,2160-1836
11481610,0270-9139
26831938,1470-8736
12672463,1357-2725
15477593,0027-8424
23695950,1574-4647
11601908,0042-6822
14761935,0741-5400
16408057,1552-4450
19962189,1878-5905
16750894,0306-4522
34228999,1090-2430
26114964,1555-8584
16966374,0270-7306
27107145,1873-4235
12198371,0145-6008
21569681,1001-0939
34539684,1664-462X
36144863,1420-3049
11555481,0379-864X
24114839,1083-351X
36195160,1873-4596
17984366,1524-4563
31118464,2045-2322
21557716,1521-0464
23951290,1932-6203
17145812,1078-0432
28493158,1573-2592
26827827,1090-2104
15542604,0021-9258
12642097,0042-6822
24384391,1095-564X
30607150,1735-5362
24475259,1932-6203
33921479,1420-3049
34685514,2073-4409
27488642,1529-2401
19858198,1083-351X
12024954,0019-5499
15125767,0960-7412
11997523,0270-7306
17115894,1523-0864
15197578,1617-4615
38014665,2047-9980
15670774,0006-291X
19185492,1879-0445
16425036,0093-7711
19794150,1522-1563
36528064,1083-351X
17065400,0022-0795
29787476,1530-0315
28726294,1469-896X
14609339,0006-2960
29873128,1365-2958
35446577,1520-5207
26763085,1521-4141
19369250,0021-9258
12218130,0022-1767
26289405,1867-1462
21767162,1557-7716
29360106,1748-7838
12672538,0304-3940
22952062,1742-2051
15989243,0001-6209
29363275,2324-9269
25501811,1477-9137
21839264,1873-2623
33065135,1879-2642
11037881,0004-3591
27125030,0132-3423
21755556,1097-0347
30259865,1751-8849
32324760,1932-6203
15065404,1002-1892
22378749,1742-5662
11578093,0031-1820
16774926,0021-9258
25389272,1362-4962
16461368,0363-6135
16809764,0270-7306
36483916,1611-2156
19332803,1350-0872
12464433,0925-4773
35513609,1432-2307
23403867,1742-2051
10841940,0165-2478
11799157,0022-538X
38061601,1879-260X
21637712,1932-6203
11505033,0145-6008
27641334,1476-5594
32092049,1553-7404
26279448,1421-9778
16799092,1535-9476
30791486,2073-4409
25044036,1469-896X
34139556,1090-2104
33635484,1608-3105
26471128,1533-3450
18524951,1091-6490
34855620,1558-8238
25743634,1477-2566
31611393,1091-6490
14597674,1530-6860
19948189,1879-0984
10794173,0172-8083
27002144,1083-351X
27487213,1476-4687
22084309,1540-8140
15020741,0032-0889
17658545,0022-1759
17308940,0343-8651
17560040,0306-4522
21610070,1083-351X
16123145,1460-2156
30047791,1943-572X
14607909,0022-1767
12105211,0021-9258
20152885,1872-7972
34716917,1532-6535
10880769,0304-3835
22490049,1029-046X
30216071,1535-3907
35671046,1549-960X
23831332,1096-0384
28078579,1940-6029
26769337,1432-2013
30614086,1521-4095
17111238,0166-8595
11706933,0022-3069
16533397,1471-2202
19209463,1528-2511
28089687,1520-6017
11686325,0340-6245
30099093,1095-953X
35956838,1420-3049
27373733,1477-4054
24433293,1440-169X
21481793,1878-3686
15208260,1530-6860
22952997,1932-6203
25584861,1089-8638
29358324,1083-351X
22913736,1936-086X
32513959,2041-1723
27702419,1469-8730
11159343,0006-3363
17361033,1387-2877
16352593,0021-9258
19264588,0022-1317
14732407,0012-1606
26478180,1097-4172
30068654,1098-5514
18240571,0026-8984
22752214,1432-0843
12925748,1059-1524
15964666,0197-4580
29509808,1932-6203
20195693,1432-1327
31115512,1791-2423
17889915,0040-8166
16272441,0006-3495
34954392,1873-3913
26694854,1553-7374
12901837,0969-9961
34633016,2042-650X
22253730,1932-6203
31846369,1522-1555
31075178,1469-896X
34952616,1750-9378
22387217,1878-0261
23336284,1471-2164
32627689,1538-0254
16652290,0022-1899
18186084,0894-1491
17967451,0014-4827
32650974,1347-4421
30093536,1529-2401
20953064,1347-3700
36920387,1550-6606
16374427,0085-2538
23029368,1932-6203
31774723,1939-4586
28398466,1460-2083
16227987,1078-8956
26068854,1095-9203
25427527,1471-2164
32894178,1756-3305
16331994,0006-2960
22041769,2521-9855
36074087,1477-0393
34948374,1422-0067
17101234,0306-4522
28815827,1365-2958
16787938,0021-9533
22309909,1768-3254
38522716,1879-0089
17605795,1471-2180
32555663,1553-7404
18281395,1098-5530
18650384,1091-6490
14979038,0076-6879
28638935,1420-9071
26941251,1549-5469
12076835,0168-1702
28846854,1570-9639
17488285,1742-464X
20803133,1976-3786
26412298,1535-9484
26643847,1545-9985
31695077,2045-2322
35955408,1422-0067
15027050,0885-3185
18506030,0950-1991
10770936,0021-9258
37505699,2072-6651
20207230,1875-9777
33204588,2191-1363
32086516,1362-4962
30195059,1872-7573
16862609,0749-503X
16833496,1089-5639
32033570,1756-8722
20199207,1563-5279
22737208,1932-6203
35580443,1618-0372
27546214,1543-8392
31303271,1090-2104
30516382,1549-960X
11751953,0022-1767
34152815,1098-6596
17511874,1471-2148
23282405,1939-4551
20823158,1538-7445
19420779,0009-2363
36929870,1097-0282
12672464,1357-2725
38559256,2692-8205
12151345,0143-3334
14654359,1096-7192
15678607,1568-7864
19393584,1878-0261
16753569,0960-9822
12237324,0026-895X
23075566,1421-9778
17006800,1435-8603
28283573,1083-351X
11298327,0014-2980
11269944,0301-4681
11934866,0950-1991
25986608,1098-5549
37507458,2399-3669
29177905,1573-8221
30385721,2379-3708
34872250,1520-6882
30768849,1742-4658
24446170,1549-4918
33479123,1095-9203
20002523,1471-4159
23966980,1664-2392
18082613,1097-2765
21930583,1471-2970
32283211,1873-4995
11085653,0949-8257
31852961,2045-2322
12181300,0022-3751
35131445,1090-2139
23349315,1557-3265
17292540,0303-7207
15287939,0007-1048
18369420,1553-7358
25275790,1750-2799
17656441,0022-3751
12932330,0960-9822
15983374,0027-8424
30988001,1540-8140
19299420,1535-9484
23586046,2314-6141
19223549,1538-7445
20130653,1476-4687
38056157,1090-2104
21600948,1873-2518
16137684,0014-5793
19940123,1083-351X
22851171,1083-351X
23723256,1524-4539
15590830,1535-9778
22684983,1096-9861
31932427,1091-6490
28973453,1362-4962
11071914,1059-1524
20410508,1528-0020
11725487,1073-6085
21670279,1091-6490
21314736,1365-2826
22085962,1549-5477
10995251,0006-2960
35246520,2041-1723
34031698,1432-0738
10790305,0003-2697
18770642,1934-9300
30506100,1433-4909
12024051,0270-7306
30279308,1899-1505
11064268,0928-8244
14648898,0951-4198
17202223,0022-538X
16026761,0006-291X
27703003,1083-351X
38442200,1937-9145
15063739,0014-5793
33625952,1535-4989
17971870,1932-6203
11429403,0021-9258
21410792,1460-9568
32277274,1432-0983
31212179,1090-2120
38542166,1422-0067
23307031,1476-5551
19959474,1083-351X
31954160,1879-0631
26321635,2211-1247
34918137,1439-7609
16467164,0021-9746
14500727,0021-9258
21301085,1744-3091
19417104,1549-5477
25486563,1551-4005
36966166,2045-2322
16428268,1040-0605
28455403,1532-2548
10822268,1058-8388
24261574,1520-5126
22896699,1083-351X
16835242,0021-9258
15182200,0006-2960
32641388,1550-6606
22221669,1742-4658
38302246,0091-679X
23890271,1742-2094
11050385,0960-9822
32991803,1948-7193
25416481,1573-6822
32755000,1439-7633
23460610,1528-0020
28212930,1879-0003
19414608,1540-8140
20418882,1545-9985
17321687,0006-3002
37255427,2165-0497
11278316,0021-9258
17273797,1107-3756
20507346,1399-0004
32348173,1522-1563
18941951,1651-2251
28188530,1940-6029
11711677,0036-8075
36248632,1662-4548
11238120,0006-4971
24137322,1792-1074
10656831,0022-2836
11278836,0021-9258
26213900,1476-4660
24368122,1878-1705
16228490,1573-5079
16192394,1529-2401
17928347,1098-5514
24329396,1365-2818
24243018,1097-4172
17545504,0006-4971
27345166,1879-0445
11929520,0950-382X
19763356,0720-9355
21853124,1932-6203
29905462,1944-8252
12581311,0960-7412
32768737,1873-3344
33039558,1872-7980
33411856,1553-7374
24886454,1476-4598
25803810,1932-6203
11602760,0022-538X
21968941,1756-591X
24633871,1098-5530
27207946,1367-4811
29336887,1097-4172
17131381,0730-2312
32848017,1083-351X
17766440,0027-8424
30095966,1079-7114
21469344,0044-4529
30364987,1362-4962
18548243,0093-7711
11937575,0022-1767
31455742,1091-6490
15078981,1535-7163
12850137,0022-2836
33270159,1874-270X
25020147,1520-4812
26439921,1553-7404
28992329,1460-2431
28028852,1469-896X
36869592,1542-0086
14995075,0145-5680
18625708,0021-9258
30026574,1476-5551
22342748,1879-0445
38195894,1615-6102
11160312,0022-1767
22349147,1872-7492
11751027,0893-133X
21777943,1532-8392
18347060,1098-5549
38573742,2050-084X
15075245,0021-9533
11279116,0021-9258
22568780,1520-5207
18765728,1098-5522
25065758,1879-0445
26686087,1476-5594
27053106,1083-351X
24687598,1559-0283
11266514,0888-8809
30195384,1095-9939
36594740,1554-8635
23159622,1090-2104
10849000,0014-2956
31781990,1573-4951
16034442,0893-133X
21390062,2041-4889
21394810,1099-1573
28665748,1555-8576
30630949,1083-351X
16864588,0021-9258
16697553,0888-7543
24549892,1879-1123
26359300,1477-9137
31552198,2235-2988
23157284,1875-5305
27038877,1872-7786
16699032,0022-538X
21364999,1932-6203
17764661,0006-291X
18757404,1538-7445
24660775,1520-5126
26132982,1520-5207
15270950,0160-564X
38559188,2692-8205
22237657,1436-3305
33293344,1538-8514
16954596,0893-7648
37894838,1422-0067
17156797,0024-3205
36807271,1559-0305
24768164,1878-1551
31081165,1527-3350
26584926,1940-6029
20949009,1932-6203
11044092,0022-538X
17280718,0165-0378
31981628,1879-0631
21724266,1872-7603
19524512,1097-4172
29979496,1949-3592
25201548,1471-2164
23530048,1083-351X
16995740,1549-9596
35915740,1466-1861
12730327,0888-8809
23865168,1748-5673
27713736,1664-302X
22383849,1095-9203
32543371,2050-084X
10747961,0021-9258
19457675,1464-3391
11114718,0950-9232
23534929,1520-5207
38229092,1475-2867
28815970,1742-4658
34407985,1549-5469
36497117,2073-4409
30579601,1090-2104
24585381,1559-0291
16781832,0378-5173
32580638,1538-0254
24631838,2159-8290
37048137,2073-4409
26169984,1573-4919
20647342,1532-298X
18588664,1471-2180
21249447,1573-5168
28418857,1949-2553
24393721,1464-3391
33589814,1545-9985
20036819,2768-6698
30264903,2162-3279
18811620,1469-8137
18347050,1098-5522
28298488,1939-4586
19927328,1097-0134
27010636,1553-7374
26178476,1551-4005
29448036,2213-7173
28100173,1471-2229
29024336,1474-9726
25710169,1553-7374
23378535,1083-351X
31776189,1083-351X
36451854,1838-7640
16415005,0022-538X
11389888,0014-5793
28454724,1872-8057
19115252,1097-4644
12559001,0022-3042
31406332,2058-5276
19782349,1556-5653
19236879,1089-8638
17098196,0969-2126
37963819,1615-9861
26744735,2374-7943
19067130,1573-2592
34467850,2050-084X
15659797,0077-8923
17448893,0891-5849
23539188,1573-8744
30071043,1932-6203
10855539,0012-186X
22203677,1083-351X
18287175,1741-0126
25899081,1365-313X
10627469,0006-4971
33882186,1526-4998
20024589,1432-8798
21343401,1538-7445
15637058,0021-9258
22824437,1742-2094
24509503,1476-5497
24020752,1469-8137
21381862,1557-7716
17956739,0092-8674
12435397,0006-291X
35637315,1573-4978
15598841,1367-4803
30082385,1091-6490
23693141,1096-0333
21279681,1573-6830
24196187,1532-8392
18401461,1090-0535
10970843,0261-4189
24560881,1573-2509
11404170,1053-2498
11904152,0014-5793
19055644,1478-3231
20565072,1520-4995
11576529,0014-5793
24374015,1872-7980
22992115,1520-5851
28974022,2072-6643
22194595,1083-351X
33321815,1420-3049
27405765,1083-351X
19654328,1083-351X
22705352,0006-3002
15893308,0014-4886
33287884,1756-994X
18425462,1064-3745
36928089,1553-7374
24051437,2041-1723
30853821,1226-2560
12867449,0021-9193
23284638,1932-6203
16982616,0021-9258
35015240,1674-8018
33452298,2045-2322
12509296,1568-7864
22720104,1935-2735
24957609,1521-0103
36967519,1525-3163
24564321,1549-960X
12939463,1535-7163
34135003,2373-2822
21986031,1872-8359
22578098,1747-0285
14551674,0302-8933
30485416,1873-3468
11683420,0021-9533
27694445,1083-351X
24007266,1742-2094
12949188,1350-0872
18929250,1558-3597
12548552,0021-9541
15670043,1538-7933
20558776,1535-4989
12119397,0027-8424
19523934,1872-7786
15024064,0270-7306
22308406,1091-6490
34754042,2045-2322
32592188,1365-3083
18338812,0008-543X
24788043,1420-9071
20525243,1741-7007
14622091,0022-3042
26212354,1520-4995
38141410,1878-1705
35726036,1615-6102
21112296,1542-0086
18847236,1520-6106
10996792,0960-9822
15632149,0021-9258
16322092,0193-1857
20662079,1096-987X
24365128,1873-4995
19546036,1873-376X
10840066,0027-8424
19148122,1930-7381
35867001,1532-298X
25144719,2041-4889
19801650,1083-351X
37896911,1999-4915
33650415,1681-7168
37976808,1464-3391
10896774,0014-4827
22102034,1744-3091
38470714,2050-084X
24425442,1097-0134
22871039,1538-0254
21268883,0044-4529
35286747,1742-4658
35483037,1525-3163
25591775,1421-9778
27605677,1098-5514
33319069,2405-5794
11944888,0006-291X
27427585,1533-4880
21165554,1791-2423
20810990,1550-6606
33347580,1362-4962
19167227,1879-0445
15596443,0021-9258
18637026,1432-0436
30282712,1098-5514
18854415,1091-6490
19624469,1365-313X
27723268,2326-5205
15827085,0021-9533
21113465,1573-8221
27649730,1940-4344
35864508,1476-4598
23766559,1466-1861
22658591,1879-0445
28973444,1362-4962
17315921,1520-6106
36111771,1875-6190
26403970,1090-2104
37421134,1542-0086
19181843,1091-6490
12966098,0021-9258
22431093,1097-4598
32298759,1638-6183
17177794,1467-7652
22778270,1083-351X
22848090,1758-4469
37079666,1095-9203
27358408,1083-351X
11476545,0003-2697
23163606,1365-2559
24629261,1879-0909
30305629,2041-1723
33686628,1559-0291
16331973,0006-2960
22356909,1083-351X
12670986,0021-9193
16142898,0006-2960
31076723,2042-0226
31940172,1520-4812
15012937,1055-7903
15206940,0014-2956
15014068,0021-9258
22723924,1932-6203
34240733,1470-8736
17916739,1095-9203
27717059,1469-445X
11412109,0006-2960
15987737,1059-1524
16216923,0021-9525
21962692,1873-3573
22086726,1552-454X
32840322,1536-4844
32283770,1422-0067
16475812,0006-2960
17088384,0270-7306
24014093,1096-9896
15663930,0022-2836
21995764,0894-0282
17316994,0304-3940
29069651,1421-9778
20200501,1523-1755
17314099,0021-9258
32209660,1083-351X
11815615,0021-9258
25595970,1873-7544
26739507,1878-0261
14986171,1434-5161
20388904,1091-6490
20457147,1095-564X
20876224,1741-7899
22544606,1362-4962
36262283,1942-0994
26727489,1545-9985
15240688,0022-1767
23401522,1091-6490
31089419,1942-0994
15892296,0022-3069
23468890,1932-6203
23927741,1520-5827
23707757,1096-0384
17138858,0741-5400
24414536,1523-5866
25030699,1549-5477
33262293,1937-9145
28198682,1473-5644
27236804,1940-6029
23329761,0334-018X
24456166,1744-7909
17119919,0012-186X
12032156,0021-9258
22622033,1558-8238
12480527,0006-291X
25688831,0006-3002
17532509,1046-2023
11384226,0042-6822
19561082,0021-9258
22534773,1432-1351
27198619,2045-2322
10889030,0006-2960
22100227,1878-1705
35305057,1538-7836
14715079,1470-8728
20718039,1469-896X
12070089,0950-1991
23264598,1528-0020
11577081,0021-9258
27539961,1873-7064
20061534,1530-6860
31909528,1530-6860
23637173,1529-2401
23985969,1362-4962
36194637,2576-6422
25481483,1643-3750
37358269,1940-087X
18957195,1097-4172
19164521,1091-6490
11606025,1567-5769
15284231,0021-9258
16679563,1085-9195
17265689,0065-1400
20093853,1559-2308
23300112,1615-9861
21473701,1557-7716
14970204,0021-9258
21791167,1469-8730
17428608,0304-4017
35766508,1098-6596
36942479,1362-4962
18025308,1540-8140
22467861,1477-9137
17845054,1525-7797
35987808,2041-4889
21808064,1083-351X
11981034,0888-8809
36191720,1879-1026
38513658,1878-4186
34267186,2041-4889
15269436,1064-3745
27280414,1932-6203
12170330,0037-8682
19459934,1742-4658
27056913,1535-9484
16980882,1073-2322
19694452,1535-3907
18690748,1520-4995
26485478,1557-7600
23337855,0006-3002
35236515,1469-7629
24400038,1932-6203
26758274,2041-1723
36652182,1559-0305
21776959,1554-8937
19636899,1874-270X
24100351,1748-7838
30525607,1549-960X
11498537,0021-9258
16503666,0006-2960
16290986,1097-6744
12444925,0264-6021
22965909,1540-8140
19032590,1460-9568
20667476,1096-0279
34824207,2041-1723
23522082,1745-6150
34856712,0972-9062
15377788,0027-8424
24932741,1879-3150
28486664,1529-7268
21315773,0006-3002
10773462,0378-1119
24192765,2045-2322
26164657,1095-564X
29261011,0894-0282
18362126,1098-5522
29369349,1097-4652
19302157,1460-9568
35294889,2211-1247
15560136,0736-6205
23209766,1932-6203
26318993,1464-3405
30423551,1421-9778
26787325,1532-2548
11354001,0887-3585
15661365,0169-328X
34645265,1879-1123
33982369,1469-896X
36308715,1097-0177
25733871,1091-6490
17287259,0022-538X
27343349,2050-084X
21653754,1465-2099
32484903,1097-0290
17258715,0016-5085
24787133,1549-960X
22959271,1097-4164
19232508,1521-7035
36436728,1873-4596
28002737,1542-0086
19791770,1520-4995
28067272,2045-2322
16285673,0003-2700
23739335,1476-4687
11866552,1525-7797
11761017,0036-5521
17213802,0950-9232
19158086,0021-9258
38567639,1473-5644
19821035,1573-6881
17476322,1932-6203
30619345,1664-3224
19843695,1091-6490
22024722,1476-5551
19725825,1365-2141
19188260,1471-9053
11381262,1061-4036
12504572,0042-6822
20156447,1089-8638
23319608,1091-6490
38063012,1463-9084
16995881,0019-2805
35702032,1752-9867
25081216,1362-4962
24934443,1098-5549
11262186,0014-4827
19027944,1878-5905
31978385,1090-2422
32751343,1422-0067
18955503,1098-5549
22632802,1878-1551
23873792,1521-3773
37194950,1520-5207
34418283,1582-4934
33972392,1098-5549
23765977,1676-5680
38396964,1422-0067
21402891,1550-6606
20840866,1873-3913
19075474,1348-2246
26263694,0026-3656
22470339,1663-9812
19798740,1469-896X
16569633,0021-9258
17515908,1087-0156
17452358,1362-4962
10716920,0261-4189
24978374,1523-1755
18819271,0006-3029
27165097,1573-5079
24112038,1470-8728
21098099,1098-5522
27208099,1098-5336
16481285,1499-3872
35526601,1872-7786
17088487,0066-4804
36410163,1532-2785
12107071,0363-6143
22246672,1097-0010
25123650,1873-4243
16687575,1059-1524
22388888,1476-4679
27573352,1791-2423
23212785,1432-1327
23658184,1529-2401
31904510,1095-9513
18381449,1538-7445
20133729,1091-6490
24788542,1932-6203
18391212,1091-6490
28319045,1558-8238
21795523,1522-1563
12432964,1467-3037
11455658,1526-498X
34559580,1522-1539
16252281,1058-8388
10825284,0021-9533
25577340,1090-2163
15188224,0365-6233
17068200,0888-8809
23637410,1098-5514
29774655,1474-9726
33421005,1940-6029
36215302,1553-7404
12151075,0731-7085
22499667,1549-5469
37910439,1520-4804
27924484,1940-6029
24130490,1553-7374
35580866,1477-4054
23252711,1520-4804
28220423,1940-6029
25529801,1879-3177
22197770,1873-3476
31212671,1999-4915
25056543,1422-0067
32107292,1477-9137
28760669,1872-7905
31535307,1573-6776
11893080,0171-9335
33558623,2045-2322
23142642,0006-3002
18665908,1474-9726
37440061,0065-2598
16391033,0099-2240
33490292,2314-7156
29897167,1759-7714
27001157,1097-6825
20201497,1520-5207
21537670,1678-8060
18082639,0891-5849
28233792,2045-2322
29402979,2045-2322
32819581,1090-2104
14625384,0021-9533
19500826,1097-6825
20610646,1550-6606
23505371,1553-7374
16549666,1350-0872
18202368,0016-6731
21524830,1768-3254
16849681,1460-2105
22871737,1551-4005
21629268,1476-5640
16604088,1078-8956
36998400,1664-302X
15955098,0022-202X
28094252,2041-1723
18981583,0918-6158
17486078,0950-9232
12102628,0006-2960
31455230,1471-2180
10947842,1356-9597
16805788,0019-2805
32572027,2041-1723
26778773,1471-4159
12569083,0193-1849
28697476,1873-2682
36060138,2314-6141
27130907,1468-2060
11018028,0021-9258
29546036,2235-2988
23536185,1083-351X
19473345,1440-1681
17651824,0167-0115
25529982,1791-2431
15961382,0021-9258
23291003,1873-3913
16201318,0239-8508
29310243,1873-3573
15467214,0918-6158
16639713,0730-2312
22046134,1553-7374
25504931,2326-5205
15744343,0887-6924
27999164,2150-7511
11513295,0009-5915
12400008,0950-9232
36414713,1476-5578
17895512,1076-0296
12436251,1617-4615
22044520,1442-9071
29275429,1432-0614
10744068,0023-6837
15263005,0021-9258
28796254,2041-4889
16049766,0166-8595
21622559,1083-351X
19717603,1098-5530
36172386,1664-3224
19585660,1097-0134
37865287,1089-8638
20630110,1471-2172
18063688,0013-7227
32151715,1873-2747
19880507,1083-351X
15592473,1529-2908
32165676,2045-2322
15167703,0960-314X
17644760,1535-9476
18682850,1932-6203
25147334,1524-4636
26774128,1878-4186
36477205,1756-2651
24892924,1520-5827
20974961,1091-6490
17002273,0006-2960
18019342,0736-6205
17698003,0969-2126
35474897,2667-2375
16120815,0022-3565
22686293,1029-2330
33481587,2379-3694
25146501,1940-087X
35728595,1875-9777
30632265,1538-7836
19234109,1091-6490
31931046,1532-2939
31923286,1553-7374
35337840,1879-2650
26627852,1525-3198
32630435,1422-0067
23173577,1473-0766
25743379,1879-0089
20600078,1872-7905
25701646,0006-3002
21262231,1089-8638
23470754,1347-6947
19440308,1932-6203
27297105,1090-2104
26461094,1878-3686
15778290,0953-8178
12938225,0014-2980
19680555,1932-6203
24169824,1528-0020
14990996,1545-9993
37882473,1098-2795
31577954,2211-1247
14528020,1059-1524
27542230,1949-2553
16567612,0027-8424
16501225,0961-8368
26147643,1520-5126
26208969,1879-0089
28008037,1095-9203
33493168,1553-7358
11866458,0006-291X
19403032,1007-3418
32653369,1879-0003
19704783,1942-0889
15632441,1350-0872
28295271,1873-3468
27666745,1878-1551
20705587,1745-7270
31875854,1476-4687
12499545,0907-4449
20348204,1521-0103
31374094,1932-6203
26423467,2567-689X
33128167,1567-2387
32377999,1543-706X
36877222,1540-0514
35977521,2211-1247
25074805,1477-9137
10888340,0960-894X
17452335,0021-9258
35042821,1091-6490
23828607,1436-2236
11329377,0021-9533
27310313,1365-313X
10684265,0022-538X
16325774,0006-291X
14503873,0006-2960
36724943,1347-5215
16103101,0008-5472
25396424,1932-6203
22539871,1090-0535
17081288,1476-4598
21572392,1460-2075
21176359,1009-2137
15546934,1367-4803
22514275,1083-351X
24567178,1573-4919
20451617,1096-0279
24093595,1471-2105
24694537,1476-5462
22371556,1540-8140
17219397,0006-3525
16230625,0027-8424
24867973,1098-6596
16951253,0890-9369
34458835,2633-0679
20012559,1572-8781
23896733,2045-2322
36059156,1097-4687
28939765,1083-351X
21195720,1873-7064
12359726,0021-9258
17315988,0022-2623
19074903,1538-7445
19161838,1557-7988
14760757,1007-9327
19564378,1098-5522
19653303,1552-4965
25789325,2314-6141
12730118,0006-4971
27052105,1463-9084
12416631,0831-2796
11722592,0902-4441
31015322,2150-7511
23376624,1531-4332
24462113,1097-4164
31609012,1460-2075
29929400,2169-141X
30070157,1557-7422
35422102,2041-1723
22461374,1098-1004
16107145,0022-2623
29115559,1791-3004
18432628,1526-498X
15317790,0021-9193
23575864,1529-2401
12414530,0002-9440
26147502,1932-6203
36807791,1940-6029
31677451,1873-7072
11598128,0021-9258
24814927,1465-2099
34539666,1664-3224
34966395,1664-462X
17854830,0022-2836
34609125,1944-8252
28334166,1460-2199
35686985,1549-960X
22423967,1934-6069
25446529,1095-564X
17959393,1055-7903
36931350,1464-3405
10956659,0021-9258
36843134,1532-2548
29499566,2213-2317
35952372,1520-6882
12067351,0950-382X
25388570,0767-0974
15149799,0162-0134
21324985,1756-2651
19712978,1873-3344
19269354,1876-7737
12147358,0006-3002
20335652,1558-8238
33232924,1950-6007
36805396,1525-3171
22671595,1749-6632
28107521,1932-6203
37382271,2050-4527
24067654,1091-6490
37980562,2211-1247
10867230,0378-1097
28539455,1098-5514
34532478,2305-5839
35597238,1097-4164
12241558,1471-2172
36232586,1422-0067
32966529,1744-6848
36378237,1520-5126
24102245,1469-8137
10913347,0006-291X
24975930,1462-2920
38104230,2045-2322
15661609,0027-5107
19369293,1931-857X
27514788,1095-9947
27044863,1098-5549
12388714,0022-538X
17877373,0006-2960
25348343,1029-2470
35696012,1559-1182
34096975,1540-8140
22145045,1932-6203
19805365,1091-6490
18841998,1520-4995
16470372,0302-8933
28949903,1465-2099
18295797,1089-8638
18498752,1097-4164
20930307,1875-8908
16601283,1351-0088
21800163,1432-119X
35073328,1932-6203
12800877,0022-0299
30439408,1638-6183
35627262,2073-4425
18243223,0021-9673
24295685,1873-7072
14556625,0006-2960
11802744,0006-2960
10825287,0021-9533
22595670,1878-1551
31743555,1462-2920
17508725,0006-2960
18328420,1878-3686
30092538,1879-1298
19696639,1534-6080
22591843,1347-4421
22416136,1083-351X
25738322,1791-2431
30124871,1460-2083
26216222,1096-987X
11754359,0014-2980
14622008,0006-2960
22503632,1537-6605
20805243,1362-4962
15613328,0022-538X
23858457,1091-6490
38432436,1873-6351
15498458,0888-7543
33810098,1422-0067
32822096,1470-8744
15905666,0269-9370
20070585,1440-1843
33292360,2045-8118
24737751,1477-9145
12173111,1537-6591
22946308,2522-9028
35159256,2073-4409
35354120,1945-4589
38260615,2692-8205
38154528,1879-2642
12918068,0020-7136
31701966,2047-4849
11089975,0028-0836
30874462,1551-4005
23571214,1477-9129
17611388,1554-8627
18056280,0066-4804
29529367,1549-960X
11171948,0027-8424
33453189,1089-8638
15534392,0145-479X
16436383,0021-9258
10781552,0021-9193
15707973,0006-291X
21943891,1557-7988
16487928,0006-291X
15184879,0950-9232
22210828,1535-9786
24646834,0219-1032
25812118,1932-6203
19088747,0132-3423
26138485,1362-4962
18246048,0893-3952
21850718,1439-7633
23756941,1940-6029
20854261,1470-8728
23955338,1083-351X
31590044,2213-2317
21659605,1095-9203
19428564,1879-0542
11683878,0014-2956
10864819,0022-4251
28701700,2045-2322
15336505,0014-4835
10834843,0036-8075
37080074,1873-3573
24965094,2045-2322
10770959,1046-6673
21594802,1940-6029
21688572,0048-7848
28073635,1568-7856
12954773,1362-4962
20631145,1098-5514
11544223,0021-9193
20658539,1097-4652
22730437,1530-6860
25753049,1097-0282
10799823,0939-6411
19119857,1520-4995
21138941,1460-2083
21918827,1573-4919
28074070,1476-5551
33007084,1540-8140
33137177,1362-4962
20943130,1878-6146
12730613,1096-6080
34189751,1097-4652
16142929,0743-7463
10747010,0261-4189
21890634,1083-351X
11976346,0021-9258
31837313,1873-6254
12898523,0730-2312
20140750,1420-9071
15504399,0022-2836
33092202,1422-0067
16876372,0732-8893
21136646,1862-8346
23744079,1083-351X
17053159,0193-1857
30415699,1879-0445
15680153,0022-1759
19925651,1477-7827
11023911,0006-3495
33599977,1365-3040
37025097,2210-7185
36215463,1091-6490
15112054,1420-682X
22595653,1618-0429
37513351,1420-3049
27758853,1083-351X
30072441,1477-9137
11515368,0736-6205
23320956,1873-3700
30710516,1873-2968
36073971,1549-960X
32454036,1528-0012
31350420,2045-2322
24810323,2045-2322
30210305,1662-5110
11483512,0261-4189
32669663,2045-2322
21795707,1083-351X
35396498,1532-1827
25539806,1471-2180
31191540,1664-3224
28869609,1545-9985
27746116,2213-6711
30201267,1089-8638
25131094,1873-2623
22014462,1878-5905
21173115,1540-8140
16760390,0022-1317
21745413,1743-422X
24738046,2314-6141
33811988,1873-3913
10823882,0022-538X
18690711,1520-4995
23239916,2219-2840
30440128,0376-2491
20067769,1873-2968
17293379,0090-9556
32851539,1573-6830
24623408,1573-4978
28288366,1878-0407
21990939,1532-298X
36550070,1098-2825
31622878,1090-2414
18272180,1089-8638
31848244,1091-6490
34364876,1089-8638
24491776,1873-4324
10860724,0022-2836
11063745,0021-9258
16054119,0006-8993
32817097,1098-5530
15383287,1097-2765
19778580,1873-7544
29428388,1879-0003
29931837,1560-2281
27198222,1362-4962
36907131,1525-3171
22735486,2154-1256
16156642,0006-2960
22048859,1460-2423
29176547,1643-3750
37549258,1091-6490
17275024,0022-2836
32996057,1438-2199
21105022,1469-0705
11960977,0021-9258
10809954,0019-2805
15699050,0021-9258
23341540,1938-3673
24962367,1469-9001
26776519,2211-1247
28749339,2050-084X
30289354,1555-8576
18005255,1742-464X
30472693,1751-8849
31570691,2041-4889
32960677,1949-0984
26096587,1399-3054
14555757,0027-8424
16251425,0002-9440
21059944,1091-6490
21367419,1879-1484
27172159,1540-0514
16942780,0022-2836
23572558,1098-5549
23431269,1545-7885
19541853,1460-2180
31127375,1432-2048
27868157,1573-7373
36803283,1554-8635
19448429,1551-4005
37067863,1943-2631
11329257,0006-2960
30381491,1098-5514
25634959,1530-6860
34870592,2050-084X
11249190,1066-5234
19417137,1538-7445
21073876,1089-8638
22345468,1098-5514
11731620,0888-8809
33293519,2041-1723
19229319,1553-7374
12553909,0092-8674
11022000,0042-6822
19140000,0097-0549
15741340,0961-8368
20448663,1469-3178
17606991,0021-9533
35739087,2041-4889
12749405,0031-7144
11095478,0021-972X
18642672,1554-0014
11589480,1120-009X
16622420,1465-7392
16452399,0026-895X
28317950,1756-591X
35343388,1538-0254
32106601,1422-0067
12894502,0250-7005
10970735,0022-2836
30559113,1098-5530
19910515,1521-009X
20507980,1083-351X
16492776,0027-8424
36598938,1091-6490
24023061,1091-6490
17118449,0161-5890
10970796,0264-6021
20949099,1932-6203
19362423,1879-2723
28500614,1436-2236
20568998,1557-8348
17100327,1028-0987
25029038,1535-4970
18971333,1091-6490
26124772,1664-8021
28679670,1754-8411
28964783,1872-7980
29224923,1095-9157
23288461,1934-3647
21466281,1557-8348
15181373,0271-678X
17240976,1554-8937
29025730,1522-1547
29744812,1879-1123
28776259,2211-3436
37961237,2692-8205
36990450,1936-086X
19756689,1432-0886
21054076,1560-2281
22347323,1740-2530
15610005,0006-2960
17967786,1524-4571
24474693,1083-351X
30691647,1557-7988
16854844,1535-9476
16107352,0022-3050
12540838,0021-9258
24366813,1744-4292
33100904,1466-1861
28363980,1529-2401
24148120,0767-0974
33735175,1932-6203
22070747,1470-8728
32019150,1999-4923
15757272,0867-7077
24503443,1460-2180
16808463,0003-2700
18413257,0076-6879
27223329,2050-084X
27727483,1469-896X
30996091,1098-5514
18071675,0028-1298
16855401,1551-4005
21487389,1460-2075
28495446,1873-4596
28179499,2046-2441
36965616,1083-351X
30240513,1365-2958
11163203,1097-2765
29253557,1879-0089
11799186,0022-538X
32061190,2051-817X
34457052,1792-1082
19064669,1540-8140
17229838,0027-8424
11278690,0021-9258
12135916,0950-1991
36373794,1477-9137
12225371,0019-2805
22854181,1618-1328
27498580,1499-3872
15040430,0145-5680
33459174,1538-0254
15304040,1538-7933
30455303,1091-6490
18319722,1744-4292
30421551,1864-0648
25859655,1932-6203
12859964,0006-291X
26355087,1098-5514
38437062,2471-254X
18278871,0006-2960
19561129,1098-5530
28251828,1552-5015
19788194,1520-4812
25470496,1932-6203
36059970,1663-9812
37306489,1532-298X
22170151,1554-8635
16807243,0021-9258
22638969,1097-0231
35691198,1090-2414
15925565,0006-291X
24799676,1091-6490
37843130,1362-4962
26758182,2150-7511
16895559,0019-2805
29780325,1664-042X
12869106,0041-1132
12196020,0006-2960
12050112,0890-9369
25282101,1546-1718
11587641,0969-2126
20627892,1549-5469
24273242,1367-4811
26215414,2310-6972
27446532,2049-9434
15626345,1672-0229
12459719,1072-8368
17973654,1398-9219
28601151,1879-3231
16767103,1061-4036
17003458,0146-0404
19429262,0378-4274
25972538,1098-5514
15270073,1355-8145
31685918,2045-2322
22514280,1083-351X
17638851,0006-4971
22458956,1477-2566
29520864,1365-2222
25752731,1095-9327
26290287,1742-4658
28232279,1095-9947
19488704,1064-3745
30590706,1759-4685
11278602,0021-9258
11782452,0021-9258
17804140,0278-6915
27659560,1759-0914
34100862,1540-8140
28826032,1873-4243
23856768,1098-6596
27932244,1090-2104
26378780,1932-6203
28440432,1791-2431
36168774,2093-5978
30473361,1464-3391
19123345,1001-9332
25073922,1476-5381
30022582,1369-1600
17537995,0006-4971
24852251,1362-4962
20350540,1090-2422
12927542,0022-2836
23788723,1469-9001
19888822,0894-0282
26851673,1872-8359
31144377,1096-9888
28210565,2234-943X
36946995,1540-8140
12954629,0021-9258
19223581,1091-6490
20809899,1470-8728
18989045,1557-9964
35193739,1873-2259
16211522,1345-711X
10811612,0261-4189
36305765,1469-896X
14751547,0898-6568
26240379,1362-4962
29091991,1367-4811
20399098,1879-0445
15687815,1050-7256
19944400,1537-6605
21058398,1097-0134
18673450,1471-4159
23475702,1535-9786
37889540,2471-254X
36681218,1879-0003
35067943,1751-1097
12626424,0959-6658
35149681,2041-1723
27147082,1867-1462
26061769,1476-4687
25321649,1535-3907
28751236,1879-3177
11916979,0021-9525
16442529,0014-5793
28334779,1362-4962
12718882,1097-2765
30261621,1422-0067
14988501,0027-8424
36519407,1460-2075
29288530,1742-4658
22905101,1932-6203
32261341,2050-7518
27977710,1932-6203
20952585,1525-2191
25914056,1878-4186
10720796,0891-0618
12894593,0250-7005
10996795,0960-9822
25592098,2149-2271
22859906,1449-1907
21847629,1573-5001
12650588,0920-654X
16808464,0003-2700
20150898,1460-2075
35077646,1520-5126
26892518,1532-8600
17406294,1750-2799
14677171,0315-162X
15220331,0021-9258
26972799,2045-2322
22162059,1531-8249
19957712,1019-5297
16095594,0014-4886
30832682,1743-422X
20162588,1522-2683
30283131,2041-1723
17339199,1592-8721
20515410,1537-6613
29187599,1083-351X
17431003,0013-7227
18289465,1008-8830
14973069,0008-5472
36418314,2041-1723
21590746,1097-0134
28734141,1873-3344
12668724,0021-9533
19359472,1091-6490
14624240,1545-7885
26055708,1083-351X
17478549,0013-7227
12801841,1592-8721
27784538,1095-9157
22329685,1520-5207
27544634,1872-7786
31513449,1522-1601
23341778,1553-7404
30823604,1422-0067
26838466,1879-3231
10835041,0022-3751
17404107,1078-0432
21197537,1436-6215
15466594,1362-4962
18420360,0378-4274
29273580,1540-8140
30981513,1873-3778
21045561,1554-8635
24661348,1751-553X
26299339,1873-7544
17112785,1476-9271
21848403,1480-3321
34780049,1543-706X
18497978,1019-6439
25640905,1462-5822
38000607,1879-0003
35053198,2218-273X
27943184,1940-6029
16545771,0003-9861
18565185,1365-2133
23705857,1549-960X
35258174,2198-3844
20838563,1880-5086
11076541,0006-2960
29192026,1532-2548
15731390,0006-3495
11551954,0021-9258
19337031,1554-8635
36608640,1532-3072
19140931,1469-8137
18252713,0021-9258
32945502,1791-2431
21229987,1520-4995
16536628,0021-8561
11997121,0006-3002
25544695,1532-2661
24623411,1098-5514
26961672,1873-2534
21255695,1878-1705
31138855,2045-2322
11252512,0168-1605
32800562,1090-2104
23187719,1555-8584
15319443,0021-9258
24608243,1932-6203
21364629,2041-4889
22833076,2042-650X
16298756,1071-5762
11955076,0006-2960
26655079,2152-4998
31246439,1520-4995
26894898,1932-6203
34016787,1945-4589
22496373,1083-351X
21646426,1098-5549
24101723,1477-9137
30683042,0374-9096
15381924,1359-4184
21098295,1091-6490
27135646,1521-3765
29233972,2041-1723
22915857,1178-2013
30296358,1613-4133
12054896,1046-2023
25637820,1873-264X
22420783,1462-5822
17156100,1398-9219
19780048,1469-896X
15188397,1615-9853
35541921,1449-2288
33767158,2041-1723
27309814,1476-4687
21110975,1873-3468
22992739,1083-351X
20544966,1097-0134
15730390,0009-9104
33788943,1362-4962
19782035,1097-4164
17984307,1540-9538
23242944,1097-0290
37593245,2470-1343
38408765,2211-5463
33169158,1471-9053
31490997,1932-6203
23740836,1460-2180
24786828,1476-5403
27401107,1872-7549
28739166,1873-3344
34160259,1098-5514
16857233,0042-6822
22343916,1528-0020
16168438,0022-2836
26178410,1097-0134
10982508,0004-0010
25966898,1469-896X
23350547,1600-0854
37723123,1532-2548
33350486,1460-2075
17496224,1524-0215
28721200,2046-1402
16156655,0006-2960
15117195,0003-2700
29627937,1436-3305
24413452,1952-4013
23980170,1091-6490
16027725,0950-9232
24324626,1932-6203
18695233,1091-6490
26254539,1872-7980
11527400,0006-291X
36183369,1095-8355
29318551,1940-6029
12166644,1355-8382
12695117,0161-5890
22670265,1097-0045
29361547,1477-9137
37653039,2092-6413
35946355,1098-1136
27861294,1534-6080
22855461,1946-6242
34994941,1874-270X
21596317,1097-4164
15894805,0021-9258
26821678,1465-542X
16734423,0006-2960
29959386,2045-2322
38540666,2218-273X
20190736,1476-4687
31119949,1607-842X
24424421,1089-8638
30962376,1091-6490
18055457,0021-9258
15665380,0021-9258
22964045,1567-7257
27056598,1089-8638
20006838,1934-6069
15452197,0022-1295
33049228,1097-4164
18566685,1466-1861
30991162,1879-1514
26655898,2211-1247
12360943,0947-6539
30218652,1872-7905
24913217,1873-4847
35805935,1422-0067
17353359,0021-9525
21738836,1949-1042
11854353,0022-1007
21740068,1535-3907
32019910,2041-4889
27362802,2041-4889
33436508,2379-5077
21916502,1520-5118
22500638,1097-4199
35865544,1664-3224
17583757,0028-3908
22551018,1520-4804
29987727,1940-6029
21244826,1542-0086
14506735,0020-7136
11571138,0099-2240
10620302,0006-3495
25330975,1940-6029
21892831,1520-5118
27821621,1470-8728
25877331,1470-8728
31140988,1473-5636
21266190,0006-3002
22281747,1399-0047
11698306,0006-4971
31921151,1664-3224
22113292,1940-6029
20307071,1520-4995
11726652,0021-9258
16814105,0891-5849
22677647,1422-6421
25865371,1099-0461
23458407,1089-8638
34157397,1878-5875
18691126,1389-2037
18302342,0006-2960
27036480,1089-7690
35138247,2050-084X
25407734,1940-087X
11303029,0021-9258
23253816,1742-4658
12857897,0022-538X
27023508,1420-3049
32848244,1476-4687
36129407,1029-2292
27113386,2045-2322
11292651,0892-6638
38147558,1091-6490
17962360,0193-1857
18772144,0021-9258
18854427,0193-1849
11583987,0021-9258
14657501,1095-9203
26856831,1098-6596
22859960,1932-6203
17038601,1095-9203
35798723,2041-1723
33591952,2379-3708
29269412,1083-351X
12832403,0021-9258
26307326,1471-0048
26426823,1521-4095
32632813,1940-6029
37976301,1553-7358
18698758,1520-4804
32059767,1879-0445
20129935,1460-2156
23728337,1476-5594
29476059,2045-2322
12894538,0250-7005
27253378,1543-8392
26773123,1083-351X
20471946,1097-4164
24030382,1528-0020
27775892,1520-4804
32339514,1879-0712
19003761,0867-7077
12651853,0021-9258
25456076,1464-3391
27129211,1083-351X
27153540,1097-4164
25482721,1875-5992
25340846,1553-7404
15196994,0003-9861
16014933,0022-538X
16104847,0022-3042
11527413,0006-291X
23840419,1932-6203
12065600,0021-9258
36239430,1742-4658
17227757,0021-9258
29898990,1557-3265
21507943,1083-351X
18339631,0021-9258
34058191,1873-2933
11958849,0304-3940
26299517,1879-0445
31045573,2379-3708
22524041,1533-4880
15650126,0363-6119
15652358,0014-4827
21233221,1469-9001
29249658,1879-0445
29059328,1362-4962
33096672,1422-0067
33979648,2451-9448
20112238,1616-5195
36657440,1878-4186
31718447,2047-9980
29342138,1476-4687
18308613,1357-2725
36271682,1742-4658
21056908,1095-6859
20558211,1872-9428
26365245,1362-4962
11413150,0021-9258
37524807,2045-2322
16269762,0099-2240
34815386,2045-2322
37318241,1940-087X
22223611,1555-905X
37967606,1879-0003
30279189,2160-1836
30908119,1557-2536
21606964,1476-5551
19075109,1540-8140
26000483,1097-4172
33403747,1742-4658
12857751,0021-9258
16787399,1398-9219
26013289,2045-2322
11060041,0261-4189
12815174,0026-895X
12836342,
15613029,1538-7933
26720617,1526-7598
23415954,1878-1551
29224170,1940-6029
26201397,1572-9702
12941950,0021-9258
11139614,1362-4962
19580250,1520-6106
15255977,0953-816X
25062045,1932-6203
24203712,1362-4962
24659784,1083-351X
18505831,0193-1849
19448297,1361-6528
31730852,1097-4172
12673393,0582-9879
11479257,1524-4539
30982374,1525-6049
26722004,1530-6860
11529898,0954-7894
22167188,1083-351X
30664176,1791-2431
36044380,1533-4031
34882112,1533-4023
10934467,1465-7392
36982671,1422-0067
17299037,0027-8424
31104415,1738-0006
21368758,1476-4687
23700444,1932-6203
11173494,0907-4449
16870628,1079-5006
15161011,0250-7005
23756779,0006-3002
32971566,1558-9307
34230128,1791-7530
24260302,1932-6203
25689066,1932-6203
31194871,1362-4962
19640312,1743-422X
25351291,1750-1172
31427465,1532-2548
17174492,0378-5173
32687678,1748-1716
34307359,2296-634X
25340299,1420-3049
21515364,1769-7123
18787108,1530-6860
29749475,1791-2423
15118332,0916-8451
23103191,1879-0445
34101965,1474-9726
20861306,1939-4586
30146942,1538-0254
17726152,0741-5400
15950624,0014-4827
37099078,1573-7365
12387321,1044-0305
25975707,1573-5079
18455703,0006-8993
24861731,1662-8128
31041764,1940-6029
28751196,1464-3391
19015601,0916-9636
15591069,0021-9258
35069527,1664-3224
11420143,0006-3002
32429286,2072-6651
27383066,2045-2322
36012721,1422-0067
25738460,1932-7420
21937513,1362-4962
25760605,1399-0047
17145809,1078-0432
36555922,2077-0383
30307772,1530-6860
28128370,2045-2322
19152411,1096-9071
16645043,0888-8809
25204588,2041-1723
17651736,0014-5793
32526245,1873-7544
12527421,0006-3002
37265445,1540-8140
19233846,0021-9258
23475749,1479-6813
24121501,1083-351X
34912856,2297-055X
25232004,1939-4586
16103199,0022-538X
15863618,0027-8424
15578517,0016-5085
38527235,1520-5118
18359847,0032-0889
11602732,0022-538X
35906925,1522-2683
28455246,1872-7980
11264352,0022-538X
15149315,0085-2538
24860874,1742-4658
21998152,1949-2553
30242708,1940-6029
33183000,1549-960X
23132079,1940-6029
22673213,1872-9142
22162109,1521-3765
18209566,0160-2446
28669630,1878-4186
27474651,1879-1344
11311132,0264-6021
29179659,1557-8534
15562256,0026-895X
23479651,1091-6490
36380557,1520-5207
18669360,0869-8139
18275469,1399-3054
16762314,0003-9861
21726938,1873-3336
17488874,1355-8382
24803745,1466-1861
21194120,1099-1352
25788387,1936-0541
24889649,1432-0584
24375079,1573-4951
11730836,0022-1759
17442338,0022-2836
24152989,2072-6651
25466244,1476-4598
36046526,2405-8440
28967656,1463-9084
15634006,0022-2623
19204928,1098-2744
22114157,1522-1598
24342662,1879-0038
33579052,1420-3049
17085432,0021-9258
18636144,1019-6439
10986236,0021-9193
15009124,1520-541X
21765803,1545-7885
17954039,1568-7864
25449830,1876-7737
12848524,0021-8561
26522327,2045-2322
32384137,1528-0020
36289330,1476-4687
37047842,1422-0067
23861396,1083-351X
12665511,0021-9258
23329461,1940-6029
29398447,1097-4164
37678858,1078-6791
21769921,1097-4644
34384542,1097-4164
10873447,0022-2836
20504912,1521-0103
29718115,1367-4811
15588831,0022-2836
24980950,1937-3392
31253649,1540-8140
27157128,1879-0542
24294976,1756-9966
30929943,2405-9390
30214040,1476-5578
15358181,0006-291X
25031892,2093-596X
10861849,0730-2312
23650509,1932-6203
17721627,0340-6245
26246139,1550-6606
12054774,0022-2836
26818732,1532-2548
15020066,0165-5728
11297556,0021-9258
23313319,1095-953X
21242518,1550-6606
23063421,1879-0240
33649794,1791-2431
28153533,1873-7064
26524539,1878-5905
11390485,0022-1767
30755814,2156-6976
20824797,1529-0131
16046048,0301-4622
22218920,1573-6873
37695056,1098-5514
16049781,0166-8595
27698012,1550-6606
22875687,1874-270X
24890264,2041-1014
33782124,1091-6490
31525522,1090-2120
32184021,1090-2104
10698928,0261-4189
17805299,1476-4687
28041987,1872-7484
20445021,1528-0020
11673509,0022-1767
20085771,1095-8541
32692983,1095-564X
15965750,0957-4530
19061869,1090-2104
14503874,0006-2960
27150236,2213-6711
11259292,0006-3495
12388761,1059-1524
16455680,1535-9476
32931916,1096-0279
32957927,1471-2164
26453204,1940-6029
27192819,0208-0613
32696544,2366-7478
26578692,1471-9053
21168935,1618-1298
21650159,1520-4995
13678151,1524-0215
19052220,1529-2401
17292858,0006-291X
36233067,1422-0067
38452766,1097-4164
29103092,1615-6102
15699154,0022-1767
10864957,1529-2401
33895853,1432-2242
24524650,1520-4898
18436268,0028-3908
14592717,0378-1097
19727950,1432-0991
38160480,2352-3964
29247325,1432-0878
18343217,1090-2104
17098852,0032-0889
17308062,1535-7163
20543991,1545-7885
26352760,1791-2431
22452828,1743-422X
23934833,1940-6029
35486286,1573-4978
11485433,8756-7938
20543072,1098-5530
36906198,1879-0003
25197431,1944-3277
24731708,1878-5905
36229232,1538-0254
38129768,1297-9686
25790957,1432-1912
21847796,1546-1718
20154091,1083-351X
23608353,1873-2933
25759582,1178-2013
14581625,0032-0781
18832183,1096-0929
28281664,2045-2322
34031424,2041-1723
11708884,1525-0016
20231274,1083-351X
22645138,1083-351X
29366890,1879-0003
26195789,1091-6490
15833945,1071-7323
23333969,1559-2324
21193068,1878-7568
24743970,1399-3003
22515733,1520-4995
27277141,1364-3703
28355566,2211-1247
28675664,2190-6009
32282322,1669-9106
22289485,1557-3117
11739499,0022-1767
15585777,0002-9165
37096653,2410-8650
23940040,1083-351X
28890360,1878-4186
16397566,1078-8956
23962175,1753-0407
25340352,1932-6203
15879310,1524-4571
21053902,1520-5126
10801489,0969-2126
30723131,2150-7511
20844151,1477-9137
34224728,1083-351X
34324820,1520-5827
24532840,1535-9484
25823021,1476-5594
10712905,0960-9822
22247139,1098-5336
19040641,1365-2958
16411776,0006-2960
26094781,1096-1186
19486265,1471-4159
23532056,2045-2322
31614077,2192-2659
36192627,2399-3642
29266436,1521-3765
17107128,1520-6106
37716535,1879-0240
29519507,1873-2542
31357366,1873-3573
34347012,1552-5783
29969365,1942-0870
18068724,1089-8638
25064343,1879-0712
22822211,1532-2548
32156008,1422-0067
28299505,1573-675X
17875556,0021-924X
14688270,0021-9258
26314708,1549-5477
27692665,1532-3072
10644731,0021-9258
23318274,0006-3002
30994218,1098-2264
24763754,1932-6203
27555589,1091-6490
29321304,1098-5514
16209269,1001-4454
20093365,1083-351X
23692318,1535-3907
19743880,1520-4995
11078962,0378-4320
20097162,1090-2104
29909983,1097-4172
21186030,1873-3778
35791074,1738-8872
17052696,0008-6215
31037573,1568-5608
33684992,1738-0006
10819308,1079-5006
22266653,1362-4962
26030525,1476-4687
24595552,1573-6830
30037791,1098-5522
15072583,1471-2180
19421174,1476-5365
29226558,1862-8354
23229484,1098-6596
37776672,1873-2690
31163091,1439-7633
19570464,0529-567X
26225906,1520-4995
25527862,1873-1708
38055058,1436-5073
17666402,0021-9258
24509855,1083-351X
37298083,1422-0067
30109619,1940-6029
24643878,1465-2099
35150567,1362-4962
38308519,1758-2229
23583905,1095-9319
35276294,1879-0003
38254355,2076-2615
36103635,1535-3907
37675109,1664-3224
15720559,0950-382X
29451901,1553-7374
26598683,1091-6490
38259495,1664-3224
38200519,1756-9966
29874585,2211-1247
17537735,0021-9258
10913180,0270-7306
19006301,1520-5126
18794362,1098-5549
34110143,1520-510X
22998693,1520-4995
35938676,1522-1563
36368358,1879-0003
24548087,1365-3040
11907106,0022-1767
22462840,1089-7690
23918553,1573-7446
28805496,1555-8584
36129849,1545-7885
16007090,1529-2908
20398279,1466-609X
15715521,1470-8728
17927566,1470-8728
32123037,1098-5530
22122519,1943-3670
18650365,1939-327X
28936778,1573-2592
25218912,1768-3254
27163530,1878-5875
19503084,1546-1726
25337877,1476-4687
11860263,1087-1845
28253968,1557-7988
31953162,1879-0631
19930571,1471-2164
20308073,1083-351X
14527403,1097-2765
35053288,2218-273X
23305484,1520-5207
27762317,2045-2322
31894111,0973-7138
11571277,0021-9258
31345364,1878-3252
14995196,0002-7863
14672655,0022-2836
10748132,0021-9258
15289102,0022-2836
20705812,1095-9203
24377932,1557-7988
17530029,0023-6837
18729504,1520-6106
11557318,0891-5849
15355989,0021-9258
25753665,1362-4962
17493829,1046-5928
27044745,1083-351X
27708141,1939-4586
31153897,1873-4863
26452093,2050-084X
21041455,1540-9538
26878208,1525-2191
31396578,2399-3642
19040349,1431-6730
20226157,1096-0309
10700152,1087-0156
24807708,1098-5514
21094289,1878-1705
25568351,1528-0020
18287061,1091-6490
24875633,1095-8290
19250910,1097-4164
33208053,1743-1328
30875027,1874-270X
18502590,0306-4522
30407017,1535-3907
33687722,1940-6029
33202307,1876-7753
33467931,1475-6374
37172778,1878-0849
38049663,1546-1718
32943922,1179-1322
16415008,0022-538X
12825894,0385-5600
19478805,1750-2799
31209775,1557-1904
15276642,0006-3002
32781001,1090-2430
24501172,1529-7268
36130077,1469-9001
18186533,0173-0835
18698006,1528-0020
27559127,1939-4586
15644417,0006-4971
23648840,1089-8638
19401335,0021-9533
33980684,2379-5042
30567970,1532-2548
17106263,1551-4005
22039213,1532-298X
33784451,1879-1123
36545145,2041-6520
28130905,1522-2683
21469224,1521-3765
22232385,1532-2548
33862083,1083-351X
28982131,1932-6203
31062524,2051-817X
16051670,0888-8809
16130147,1552-4973
21362618,1083-351X
31020615,1559-1182
32335797,1573-7241
30718295,1550-6606
27287808,1477-9129
30373771,1083-351X
31961254,0031-949X
17698702,0003-9942
34718768,1362-4962
26974863,1520-4812
16322075,1096-6080
21402358,1934-6069
10900208,0021-9258
21368759,1476-4687
18541478,1874-3919
31447665,1663-4365
26344157,1549-960X
38466008,1802-9973
11943172,0014-5793
25947291,0219-1032
16141329,0027-8424
35066055,1878-4216
31916445,1530-6992
28669590,1873-569X
17408969,1047-8477
27438602,1553-7374
25301734,1949-2553
30141052,1940-6029
25012567,1464-3391
29728512,1550-6606
26056919,2072-6643
25034213,1096-0384
19427301,1873-2968
11585631,0165-5728
27450782,1095-9513
23510452,1365-2443
21739957,1520-4995
36550129,2041-1723
17728248,0021-9258
19153600,1460-2075
23401548,1091-6490
31276465,1643-3750
37287122,1555-8576
26581997,1098-5514
25516063,1531-8249
28737909,1520-4804
18977760,0021-9258
36118114,1662-5145
25059616,1940-6029
15952983,0009-9163
17499211,0006-291X
12815437,0028-0836
22683425,1878-1810
28602396,1618-0623
16061414,1357-2725
32112888,1569-1802
33578313,1873-6424
16475805,0006-2960
27895162,1521-0111
28933982,1551-4005
30127521,1530-0447
36357375,2041-1723
25776802,1791-3004
11148215,0021-9258
15339019,0032-5791
21047497,1872-6240
24043631,1083-351X
11709187,1534-5807
31151132,1932-7005
17567961,0006-3363
23764719,2041-1723
21814501,1553-7358
24803993,1948-7185
22233458,1747-0285
29693984,0033-2240
36233130,1422-0067
29877701,1520-4995
32256387,1664-042X
24106280,1083-351X
28948231,2375-2548
28445752,1542-0086
32889138,1095-9513
31876386,1582-4934
11397015,0012-1606
28647452,1873-7862
18458094,1525-2191
32184229,2046-6390
14993275,0270-7306
25930702,1940-6029
31263147,2041-4889
12359749,0008-5472
32298268,1553-7358
30107520,1464-3685
20623514,1099-1352
34432242,1940-6029
33933462,1090-2430
37056245,2331-8325
16043509,1355-8382
21911484,1540-7748
17761355,1618-1328
18585429,0300-483X
15054023,1465-4644
18553931,1520-4995
27571415,1932-6203
15059977,1530-6860
20055001,1756-0756
30535529,1618-2650
21184767,1878-5867
24769699,1098-5530
31412261,1089-8638
15767664,0270-7306
11453539,0040-8727
20553006,1520-6025
24172856,1878-5905
18053006,0960-7412
29412654,1520-4995
37478556,1768-3254
23707934,1872-7549
25517423,1520-6882
17942980,1469-0667
10827182,0021-9258
17895971,1932-6203
24312579,1932-6203
26878173,1558-8238
26345934,1676-5680
31969439,1098-5514
31284098,1878-7568
37443287,1476-4679
12124925,1615-9853
16260631,0270-7306
24617630,1365-313X
17496722,1744-6872
27430247,1791-2431
15166224,0021-9258
28667163,1550-6606
31145871,1530-6860
24925452,1873-3778
31930655,1582-4934
15580264,1465-7392
34734476,1582-4934
11802709,0006-2960
11704662,0021-9258
25279700,2050-084X
37653038,2092-6413
16552188,1551-4005
10805737,0270-7306
24499611,1756-3305
31474712,1347-5215
20143233,1432-0584
