publisher,journal,total_pmids
ACTA Endocrinologica Foundation,Acta Endocrinol (Buchar),1
"AEPress, s.r.o.",Bratisl Lek Listy,1
"AEPress, s.r.o.",Gen Physiol Biophys,9
"AEPress, s.r.o.",Neoplasma,13
AIP Publishing,Chaos,6
AIP Publishing,J Chem Phys,54
AIP Publishing,Rev Sci Instrum,2
ALTEX Edition,ALTEX,3
ALUNA,Pol Merkur Lekarski,6
ALUNA,Wiad Lek,6
AME Publishing Company,Ann Palliat Med,1
AME Publishing Company,Ann Transl Med,13
AME Publishing Company,Cardiovasc Diagn Ther,2
AME Publishing Company,Gland Surg,2
AME Publishing Company,J Gastrointest Oncol,4
AME Publishing Company,J Thorac Dis,2
AME Publishing Company,Transl Androl Urol,2
AME Publishing Company,Transl Cancer Res,4
AME Publishing Company,Transl Lung Cancer Res,4
APO Society of Specialists in Heart Failure,Kardiologiia,1
ARAN Ediciones,Nutr Hosp,2
ASME International,J Biomech Eng,3
AVES Publishing Co.,Balkan Med J,1
AVES YAYINCILIK A.Ş.,Turk J Gastroenterol,1
Acta Naturae Ltd,Acta Naturae,3
Acta Pharmaceutica Hungarica,Acta Pharm Hung,1
Aerospace Medical Association,Aviat Space Environ Med,1
African Journals Online (AJOL),Afr Health Sci,1
African Traditional Herbal Medicine Supporters Initiative (ATHMSI),Afr J Infect Dis,1
Aging and Disease,Aging Dis,2
Akademiai Kiado Zrt.,Acta Physiol Hung,2
Akademiai Kiado Zrt.,Eur J Microbiol Immunol (Bp),1
Akademiai Kiado Zrt.,Magy Seb,1
Akademiai Kiado Zrt.,Orv Hetil,1
Akademiai Kiado Zrt.,Physiol Int,1
Akademizdatcenter Nauka,Bioorg Khim,3
Akademizdatcenter Nauka,Fiziol Cheloveka,1
Akademizdatcenter Nauka,Genetika,8
Akademizdatcenter Nauka,Mikrobiologiia,17
Akademizdatcenter Nauka,Mol Biol (Mosk),31
Akademizdatcenter Nauka,Ontogenez,1
Akademizdatcenter Nauka,Prikl Biokhim Mikrobiol,7
Akademizdatcenter Nauka,Radiats Biol Radioecol,3
Akademizdatcenter Nauka,Zh Evol Biokhim Fiziol,3
"Allergy, Asthma, and Immunology Association of Thailand",Asian Pac J Allergy Immunol,5
American Academy of Pediatrics (AAP),Pediatrics,3
American Academy of Sleep Medicine (AASM),J Clin Sleep Med,1
American Animal Hospital Association,J Am Anim Hosp Assoc,1
American Association for Cancer Research (AACR),Cancer Discov,22
American Association for Cancer Research (AACR),Cancer Epidemiol Biomarkers Prev,6
American Association for Cancer Research (AACR),Cancer Immunol Res,8
American Association for Cancer Research (AACR),Cancer Prev Res (Phila),8
American Association for Cancer Research (AACR),Cancer Res,367
American Association for Cancer Research (AACR),Cancer Res Commun,3
American Association for Cancer Research (AACR),Clin Cancer Res,129
American Association for Cancer Research (AACR),Mol Cancer Res,64
American Association for Cancer Research (AACR),Mol Cancer Ther,80
American Association for Laboratory Animal Science,Comp Med,1
American Association for the Advancement of Science (AAAS),Research (Wash D C),2
American Association for the Advancement of Science (AAAS),Sci Adv,88
American Association for the Advancement of Science (AAAS),Sci Aging Knowledge Environ,1
American Association for the Advancement of Science (AAAS),Sci Immunol,8
American Association for the Advancement of Science (AAAS),Sci STKE,10
American Association for the Advancement of Science (AAAS),Sci Signal,118
American Association for the Advancement of Science (AAAS),Sci Transl Med,37
American Association for the Advancement of Science (AAAS),Science,338
American Association of Avian Pathologists (AAAP),Avian Dis,8
American Board of Family Medicine (ABFM),J Am Board Fam Med,1
American Chemical Society (ACS),ACS Appl Bio Mater,8
American Chemical Society (ACS),ACS Appl Mater Interfaces,76
American Chemical Society (ACS),ACS Biomater Sci Eng,3
American Chemical Society (ACS),ACS Catal,2
American Chemical Society (ACS),ACS Cent Sci,3
American Chemical Society (ACS),ACS Chem Biol,142
American Chemical Society (ACS),ACS Chem Neurosci,52
American Chemical Society (ACS),ACS Infect Dis,18
American Chemical Society (ACS),ACS Macro Lett,1
American Chemical Society (ACS),ACS Med Chem Lett,3
American Chemical Society (ACS),ACS Nano,70
American Chemical Society (ACS),ACS Omega,23
American Chemical Society (ACS),ACS Pharmacol Transl Sci,1
American Chemical Society (ACS),ACS Sens,5
American Chemical Society (ACS),ACS Synth Biol,47
American Chemical Society (ACS),Acc Chem Res,44
American Chemical Society (ACS),Acc Mater Res,1
American Chemical Society (ACS),Anal Chem,272
American Chemical Society (ACS),Biochemistry,1271
American Chemical Society (ACS),Bioconjug Chem,88
American Chemical Society (ACS),Biomacromolecules,74
American Chemical Society (ACS),Chem Res Toxicol,59
American Chemical Society (ACS),Environ Sci Technol,21
American Chemical Society (ACS),Inorg Chem,120
American Chemical Society (ACS),J Agric Food Chem,137
American Chemical Society (ACS),J Am Chem Soc,431
American Chemical Society (ACS),J Am Soc Mass Spectrom,65
American Chemical Society (ACS),J Chem Inf Model,141
American Chemical Society (ACS),J Chem Theory Comput,38
American Chemical Society (ACS),J Comb Chem,2
American Chemical Society (ACS),J Med Chem,241
American Chemical Society (ACS),J Nat Prod,15
American Chemical Society (ACS),J Org Chem,22
American Chemical Society (ACS),J Phys Chem A,23
American Chemical Society (ACS),J Phys Chem B,289
American Chemical Society (ACS),J Phys Chem Lett,32
American Chemical Society (ACS),J Proteome Res,285
American Chemical Society (ACS),JACS Au,1
American Chemical Society (ACS),Langmuir,74
American Chemical Society (ACS),Mol Pharm,55
American Chemical Society (ACS),Nano Lett,17
American Chemical Society (ACS),Org Lett,16
American College of Physicians,Ann Intern Med,1
American Dairy Science Association,J Dairy Sci,49
American Diabetes Association,Diabetes,77
American Diabetes Association,Diabetes Care,11
American Institute of Mathematical Sciences (AIMS),Math Biosci Eng,2
American Medical Association (AMA),Arch Dermatol,1
American Medical Association (AMA),Arch Gen Psychiatry,2
American Medical Association (AMA),Arch Neurol,5
American Medical Association (AMA),Arch Ophthalmol,4
American Medical Association (AMA),Arch Otolaryngol Head Neck Surg,1
American Medical Association (AMA),Arch Surg,1
American Medical Association (AMA),JAMA,1
American Medical Association (AMA),JAMA Cardiol,1
American Medical Association (AMA),JAMA Intern Med,1
American Medical Association (AMA),JAMA Netw Open,2
American Medical Association (AMA),JAMA Neurol,3
American Medical Association (AMA),JAMA Oncol,1
American Medical Association (AMA),JAMA Otolaryngol Head Neck Surg,1
American Medical Association (AMA),JAMA Surg,1
American Physical Society (APS),Phys Rev E,10
American Physical Society (APS),Phys Rev E Stat Nonlin Soft Matter Phys,39
American Physical Society (APS),Phys Rev Lett,17
American Physiological Society,Adv Physiol Educ,3
American Physiological Society,Am J Physiol Cell Physiol,141
American Physiological Society,Am J Physiol Endocrinol Metab,95
American Physiological Society,Am J Physiol Gastrointest Liver Physiol,63
American Physiological Society,Am J Physiol Heart Circ Physiol,74
American Physiological Society,Am J Physiol Lung Cell Mol Physiol,84
American Physiological Society,Am J Physiol Regul Integr Comp Physiol,47
American Physiological Society,Am J Physiol Renal Physiol,86
American Physiological Society,J Appl Physiol (1985),38
American Physiological Society,J Neurophysiol,35
American Physiological Society,Physiol Genomics,29
American Physiological Society,Physiology (Bethesda),1
American Psychiatric Association Publishing,Am J Psychiatry,4
American Psychological Association (APA),Behav Neurosci,1
American Psychological Association (APA),Can J Exp Psychol,1
American Psychological Association (APA),Exp Clin Psychopharmacol,1
American Public Health Association,Am J Public Health,1
American Scientific Publishers,J Biomed Nanotechnol,6
American Scientific Publishers,J Nanosci Nanotechnol,12
American Society for Biochemistry & Molecular Biology (ASBMB),J Biol Chem,4
American Society for Biochemistry & Molecular Biology (ASBMB),Mol Cell Proteomics,1
American Society for Cell Biology (ASCB),Mol Biol Cell,522
American Society for Clinical Investigation,J Clin Invest,153
American Society for Clinical Investigation,JCI Insight,48
American Society for Microbiology,Antimicrob Agents Chemother,109
American Society for Microbiology,Appl Environ Microbiol,161
American Society for Microbiology,Clin Diagn Lab Immunol,6
American Society for Microbiology,Clin Vaccine Immunol,19
American Society for Microbiology,EcoSal Plus,5
American Society for Microbiology,Eukaryot Cell,73
American Society for Microbiology,Genome Announc,2
American Society for Microbiology,Infect Immun,186
American Society for Microbiology,J Bacteriol,446
American Society for Microbiology,J Clin Microbiol,50
American Society for Microbiology,J Virol,889
American Society for Microbiology,Microbiol Resour Announc,1
American Society for Microbiology,Microbiol Spectr,56
American Society for Microbiology,mBio,198
American Society for Microbiology,mSphere,46
American Society for Microbiology,mSystems,14
American Society for Pharmacology & Experimental Therapeutics (ASPET),Drug Metab Dispos,44
American Society for Pharmacology & Experimental Therapeutics (ASPET),J Pharmacol Exp Ther,94
American Society for Pharmacology & Experimental Therapeutics (ASPET),Mol Pharmacol,145
American Society of Clinical Oncology (ASCO),J Clin Oncol,5
American Society of Hematology,Blood,448
American Society of Hematology,Blood Adv,23
American Society of Interventional Pain Physicians,Pain Physician,1
American Society of Neuroradiology (ASNR),AJNR Am J Neuroradiol,1
American Society of Parasitologists,J Parasitol,11
American Society of Tropical Medicine and Hygiene,Am J Trop Med Hyg,10
American Thoracic Society,Am J Respir Cell Mol Biol,55
American Thoracic Society,Am J Respir Crit Care Med,21
American Thoracic Society,Ann Am Thorac Soc,1
American Vacuum Society,Biointerphases,10
American Veterinary Medical Association (AVMA),Am J Vet Res,9
American Veterinary Medical Association (AVMA),J Am Vet Med Assoc,3
Annals of Laboratory Medicine,Ann Lab Med,3
Annals of Laboratory Medicine,Korean J Lab Med,1
Annual Reviews,Annu Rev Biochem,2
Annual Reviews,Annu Rev Biophys,2
Annual Reviews,Annu Rev Cell Dev Biol,1
Annual Reviews,Annu Rev Pharmacol Toxicol,1
Anticancer Research USA Inc.,Anticancer Res,71
Anticancer Research USA Inc.,Cancer Genomics Proteomics,5
Anticancer Research USA Inc.,In Vivo,15
"Applied Systems, srl",Discoveries (Craiova),1
Archives of Pathology and Laboratory Medicine,Arch Pathol Lab Med,4
Armenian Green Publishing Co.,Iran J Biotechnol,1
Asian Australasian Association of Animal Production Societies,Asian-Australas J Anim Sci,2
Asian Pacific Organization for Cancer Prevention,Asian Pac J Cancer Prev,14
Association for Research in Vision and Ophthalmology (ARVO),Invest Ophthalmol Vis Sci,107
Association for Research in Vision and Ophthalmology (ARVO),Transl Vis Sci Technol,1
Association of Basic Medical Sciences of FBIH,Biomol Biomed,1
Association of Basic Medical Sciences of FBIH,Bosn J Basic Med Sci,1
Association of Biomolecular Resource Facilities,J Biomol Tech,7
Autonomous non-profit scientific and medical organization - Questions of Oncology,Vopr Onkol,2
"Ayub Medical College, Abbottabad Pakistan",J Ayub Med Coll Abbottabad,1
BMJ,Ann Rheum Dis,20
BMJ,BMJ,1
BMJ,BMJ Open,2
BMJ,Br J Ophthalmol,3
BMJ,Emerg Med J,1
BMJ,Gut,28
BMJ,Heart,4
BMJ,Int J Gynecol Cancer,10
BMJ,J Clin Pathol,17
BMJ,J Immunother Cancer,14
BMJ,J Med Genet,20
BMJ,J Neurol Neurosurg Psychiatry,5
BMJ,RMD Open,1
BMJ,Sex Transm Infect,1
BMJ,Thorax,3
Baishideng Publishing Group Inc.,World J Cardiol,1
Baishideng Publishing Group Inc.,World J Gastroenterol,56
Baishideng Publishing Group Inc.,World J Gastrointest Oncol,3
Baishideng Publishing Group Inc.,World J Hepatol,1
Baishideng Publishing Group Inc.,World J Stem Cells,1
Begell House,Crit Rev Eukaryot Gene Expr,5
Begell House,Int J Med Mushrooms,5
Begell House,J Environ Pathol Toxicol Oncol,5
Begell House,J Long Term Eff Med Implants,2
Beilstein Institut,Beilstein J Org Chem,1
Bentham Science Publishers Ltd.,Anticancer Agents Med Chem,9
Bentham Science Publishers Ltd.,Antiinflamm Antiallergy Agents Med Chem,1
Bentham Science Publishers Ltd.,CNS Neurol Disord Drug Targets,2
Bentham Science Publishers Ltd.,Comb Chem High Throughput Screen,8
Bentham Science Publishers Ltd.,Curr Aging Sci,3
Bentham Science Publishers Ltd.,Curr Alzheimer Res,9
Bentham Science Publishers Ltd.,Curr Cancer Drug Targets,5
Bentham Science Publishers Ltd.,Curr Cardiol Rev,2
Bentham Science Publishers Ltd.,Curr Chem Biol,1
Bentham Science Publishers Ltd.,Curr Comput Aided Drug Des,7
Bentham Science Publishers Ltd.,Curr Diabetes Rev,2
Bentham Science Publishers Ltd.,Curr Drug Deliv,2
Bentham Science Publishers Ltd.,Curr Drug Discov Technol,4
Bentham Science Publishers Ltd.,Curr Drug Metab,3
Bentham Science Publishers Ltd.,Curr Drug Saf,1
Bentham Science Publishers Ltd.,Curr Drug Targets,2
Bentham Science Publishers Ltd.,Curr Gene Ther,2
Bentham Science Publishers Ltd.,Curr Genomics,2
Bentham Science Publishers Ltd.,Curr HIV Res,2
Bentham Science Publishers Ltd.,Curr Hypertens Rev,1
Bentham Science Publishers Ltd.,Curr Med Chem,6
Bentham Science Publishers Ltd.,Curr Mol Med,9
Bentham Science Publishers Ltd.,Curr Mol Pharmacol,2
Bentham Science Publishers Ltd.,Curr Neuropharmacol,1
Bentham Science Publishers Ltd.,Curr Neurovasc Res,7
Bentham Science Publishers Ltd.,Curr Pharm Biotechnol,2
Bentham Science Publishers Ltd.,Curr Pharm Des,5
Bentham Science Publishers Ltd.,Curr Phys Chem,1
Bentham Science Publishers Ltd.,Curr Protein Pept Sci,7
Bentham Science Publishers Ltd.,Curr Radiopharm,2
Bentham Science Publishers Ltd.,Curr Rev Clin Exp Pharmacol,1
Bentham Science Publishers Ltd.,Curr Top Med Chem,8
Bentham Science Publishers Ltd.,Curr Vasc Pharmacol,2
Bentham Science Publishers Ltd.,Drug Metab Lett,2
Bentham Science Publishers Ltd.,Endocr Metab Immune Disord Drug Targets,3
Bentham Science Publishers Ltd.,Immunol Endocr Metab Agents Med Chem,1
Bentham Science Publishers Ltd.,Inflamm Allergy Drug Targets,1
Bentham Science Publishers Ltd.,Med Chem,10
Bentham Science Publishers Ltd.,Microrna,1
Bentham Science Publishers Ltd.,Mini Rev Med Chem,2
Bentham Science Publishers Ltd.,Open Biomed Eng J,1
Bentham Science Publishers Ltd.,Open Microbiol J,1
Bentham Science Publishers Ltd.,Open Neuroendocrinol J,1
Bentham Science Publishers Ltd.,Open Neurol J,1
Bentham Science Publishers Ltd.,Protein Pept Lett,45
Bentham Science Publishers Ltd.,Recent Adv Inflamm Allergy Drug Discov,1
Bentham Science Publishers Ltd.,Recent Pat Biotechnol,1
Bilimsel Tip Publishing House,Mikrobiyol Bul,2
"Bio-Protocol, LLC",Bio Protoc,25
BioOne,Arabidopsis Book,3
Biomedical Informatics,Bioinformation,3
Biomedical Research Press,Biomed Res,4
Bionika Media,Kardiologiia,3
Bionika Media,Urologiia,2
Biophysical Society of Japan,Biophys Physicobiol,1
Biophysical Society of Japan,Biophysics (Nagoya-shi),1
Bioscientifica,Endocr Relat Cancer,16
Bioscientifica,J Endocrinol,43
Bioscientifica,J Mol Endocrinol,34
Bioscientifica,J Reprod Fertil,4
Bioscientifica,Reprod Fertil,1
Bioscientifica,Reproduction,30
Brill,Benef Microbes,2
Brill,Folia Primatol (Basel),1
Brill,Haematologia (Budap),1
British Editorial Society of Bone & Joint Surgery,Bone Joint J,1
CLOCKSS Archive,Mol Interv,1
CMB Association,Cell Mol Biol (Noisy-le-grand),24
CMV Verlag,Iran Biomed J,6
CMV Verlag,Iran J Kidney Dis,1
CSIR-National Institute of Science Communication and Policy Research (NIScPR),Indian J Biochem Biophys,8
CSIR-National Institute of Science Communication and Policy Research (NIScPR),Indian J Exp Biol,4
CSIRO Publishing,Funct Plant Biol,7
CSIRO Publishing,Reprod Fertil Dev,12
California Digital Library (CDL),Dermatol Online J,1
Cambridge University Press (CUP),Br J Nutr,25
Cambridge University Press (CUP),Bull Entomol Res,5
Cambridge University Press (CUP),CNS Spectr,2
Cambridge University Press (CUP),Can J Neurol Sci,1
Cambridge University Press (CUP),Cardiol Young,3
Cambridge University Press (CUP),Dev Psychopathol,1
Cambridge University Press (CUP),Epidemiol Infect,6
Cambridge University Press (CUP),Infect Control Hosp Epidemiol,2
Cambridge University Press (CUP),J Dairy Res,10
Cambridge University Press (CUP),J Dev Orig Health Dis,1
Cambridge University Press (CUP),J Helminthol,11
Cambridge University Press (CUP),J Laryngol Otol,1
Cambridge University Press (CUP),Parasitology,32
Cambridge University Press (CUP),Proc Nutr Soc,2
Cambridge University Press (CUP),Q Rev Biophys,4
Cambridge University Press (CUP),QRB Discov,1
Cambridge University Press (CUP),Vis Neurosci,1
Cambridge University Press (CUP),Zygote,21
Canadian Science Publishing,Appl Physiol Nutr Metab,4
Canadian Science Publishing,Biochem Cell Biol,33
Canadian Science Publishing,Can J Microbiol,16
Canadian Science Publishing,Can J Physiol Pharmacol,10
Canadian Science Publishing,Genome,15
Cell Physiol Biochem Press GmbH and Co KG,Cell Physiol Biochem,9
Cellule MathDoc/Centre Mersenne,C R Biol,3
Celsius Publishing House,Chirurgia (Bucur),1
Center for Academic Publications Japan,J Nutr Sci Vitaminol (Tokyo),6
Centers for Disease Control MMWR Office,MMWR Morb Mortal Wkly Rep,1
Centers for Disease Control and Prevention (CDC),Emerg Infect Dis,11
Central Research Institute for Epidemiology,Vopr Virusol,7
Central Research Institute for Epidemiology,Zh Mikrobiol Epidemiol Immunobiol,17
"Charles University in Prague, Karolinum Press",Folia Biol (Praha),9
China Anti-cancer Association,Cancer Biol Med,2
China Journal of Chinese Materia Medica,Zhongguo Zhong Yao Za Zhi,13
China Science Publishing & Media Ltd.,Acta Biochim Biophys Sin (Shanghai),40
China Science Publishing & Media Ltd.,Se Pu,7
China Science Publishing & Media Ltd.,Wei Sheng Wu Xue Bao,11
China Science Publishing & Media Ltd.,Yi Chuan,1
China Science Publishing & Media Ltd.,Zhejiang Da Xue Xue Bao Yi Xue Ban,3
Chinese Medical Sciences Journal,Chin Med Sci J,2
Cifra Ltd - Russian Agency for Digital Standardization (RADS),Patol Fiziol Eksp Ter,2
Clinical Laboratory Publications,Clin Lab,7
Clinical and Experimental Rheumatology,Clin Exp Rheumatol,10
Codon Publications,Allergol Immunopathol (Madr),3
Cold Spring Harbor Laboratory,CSH Protoc,5
Cold Spring Harbor Laboratory,Cold Spring Harb Mol Case Stud,1
Cold Spring Harbor Laboratory,Cold Spring Harb Perspect Biol,2
Cold Spring Harbor Laboratory,Cold Spring Harb Protoc,20
Cold Spring Harbor Laboratory,Cold Spring Harb Symp Quant Biol,7
Cold Spring Harbor Laboratory,Genes Dev,263
Cold Spring Harbor Laboratory,Genome Res,78
Cold Spring Harbor Laboratory,Learn Mem,14
Cold Spring Harbor Laboratory,RNA,228
Cold Spring Harbor Laboratory,bioRxiv,56
Cold Spring Harbor Laboratory,medRxiv,4
College of Physicians and Surgeons Pakistan,J Coll Physicians Surg Pak,2
"Computers, Materials and Continua (Tech Science Press)",Congenit Heart Dis,1
"Computers, Materials and Continua (Tech Science Press)",Oncol Res,15
Consilium Medicum,Ter Arkh,6
Croatian Anthropological Society,Coll Antropol,3
Croatian Society for Medical Biochemistry and Laboratory Medicine,Biochem Med (Zagreb),1
CryoLetters Limited Liability Partnership,Cryo Letters,1
De Gruyter,Met Ions Life Sci,4
Decker Medicine,J Otolaryngol,1
Department of Anatomy Keio University School of Medicine,Okajimas Folia Anat Jpn,1
Discovery Medicine,Discov Med,3
DoNotEdit,Arch Razi Inst,1
Dustri-Verlgag Dr. Karl Feistle,Clin Neuropathol,2
Dustri-Verlgag Dr. Karl Feistle,Int J Clin Pharmacol Ther,1
ECO-Vector LLC,Morfologiia,2
EDITORA SCIENTIFIC,Trends Psychiatry Psychother,1
EDP Sciences,J Extra Corpor Technol,1
EDP Sciences,Med Sci (Paris),11
EDP Sciences,Parasite,6
EDP Sciences,Reprod Nutr Dev,1
EDP Sciences,Vet Res,4
EKOlab,Klin Lab Diagn,12
EManuscript Technologies,Pharmacognosy Res,1
"Editorial Committee of Japanese Journal of Infectious Diseases, National Institute of Infectious Dis",Jpn J Infect Dis,2
Editorial Office of Chinese Journal of Applied Physiology,Zhongguo Ying Yong Sheng Li Xue Za Zhi,2
Editorial Office of Chinese Journal of Cancer,Chin J Cancer,2
Edizioni Minerva Medica,Int Angiol,2
Edizioni Minerva Medica,J Cardiovasc Surg (Torino),1
Edizioni Minerva Medica,Minerva Gastroenterol Dietol,1
Edizioni Minerva Medica,Panminerva Med,1
Edizioni Minerva Medica,Q J Nucl Med Mol Imaging,2
Egyptian Association of Immunologists,Egypt J Immunol,4
Egypts Presidential Specialized Council for Education and Scientific Research,J Egypt Soc Parasitol,1
Elsevier,Adv Appl Microbiol,1
Elsevier,Adv Genet,2
Elsevier,Adv Immunol,1
Elsevier,Adv Microb Physiol,2
Elsevier,Adv Protein Chem Struct Biol,6
Elsevier,Adv Virus Res,2
Elsevier,Curr Top Dev Biol,3
Elsevier,Curr Top Membr,1
Elsevier,Enzymes,1
Elsevier,Int Rev Neurobiol,2
Elsevier,Methods Cell Biol,35
Elsevier,Methods Enzymol,201
Elsevier,Prog Mol Biol Transl Sci,6
Elsevier,Vitam Horm,1
Elsevier BV,Acta Biomater,61
Elsevier BV,Acta Histochem,18
Elsevier BV,Acta Pharm Sin B,5
Elsevier BV,Acta Trop,23
Elsevier BV,Adv Biol Regul,2
Elsevier BV,Adv Enzyme Regul,2
Elsevier BV,Adv Med Sci,4
Elsevier BV,Adv Nutr,1
Elsevier BV,Alcohol,1
Elsevier BV,Allergol Int,1
Elsevier BV,Am Heart J,7
Elsevier BV,Am J Cardiol,1
Elsevier BV,Am J Clin Nutr,9
Elsevier BV,Am J Hum Genet,69
Elsevier BV,Am J Infect Control,1
Elsevier BV,Am J Kidney Dis,6
Elsevier BV,Am J Med Sci,4
Elsevier BV,Am J Obstet Gynecol,9
Elsevier BV,Am J Ophthalmol,1
Elsevier BV,Am J Orthod Dentofacial Orthop,1
Elsevier BV,Am J Otolaryngol,1
Elsevier BV,Am J Pathol,139
Elsevier BV,Am J Surg,3
Elsevier BV,Am J Transplant,14
Elsevier BV,Anaerobe,3
Elsevier BV,Anal Biochem,148
Elsevier BV,Anal Chim Acta,51
Elsevier BV,Anim Reprod Sci,5
Elsevier BV,Animal,8
Elsevier BV,Ann Allergy Asthma Immunol,6
Elsevier BV,Ann Anat,2
Elsevier BV,Ann Dermatol Venereol,2
Elsevier BV,Ann Diagn Pathol,2
Elsevier BV,Ann Endocrinol (Paris),2
Elsevier BV,Ann Hepatol,4
Elsevier BV,Ann Oncol,3
Elsevier BV,Ann Pharm Fr,1
Elsevier BV,Ann Thorac Surg,4
Elsevier BV,Ann Vasc Surg,1
Elsevier BV,Antiviral Res,27
Elsevier BV,Appl Radiat Isot,5
Elsevier BV,Aquat Toxicol,41
Elsevier BV,Arab J Chem,1
Elsevier BV,Arab J Gastroenterol,1
Elsevier BV,Arch Biochem Biophys,164
Elsevier BV,Arch Bronconeumol,1
Elsevier BV,Arch Med Res,12
Elsevier BV,Arch Oral Biol,23
Elsevier BV,Arthropod Struct Dev,1
Elsevier BV,Artif Intell Med,1
Elsevier BV,Atherosclerosis,26
Elsevier BV,Autoimmun Rev,2
Elsevier BV,Auton Neurosci,4
Elsevier BV,BBA Clin,1
Elsevier BV,Behav Brain Res,42
Elsevier BV,Best Pract Res Clin Endocrinol Metab,1
Elsevier BV,Biochem Biophys Rep,9
Elsevier BV,Biochem Biophys Res Commun,1053
Elsevier BV,Biochem Eng J,1
Elsevier BV,Biochem Pharmacol,115
Elsevier BV,Biochim Biophys Acta,617
Elsevier BV,Biochim Biophys Acta Bioenerg,57
Elsevier BV,Biochim Biophys Acta Biomembr,33
Elsevier BV,Biochim Biophys Acta Gen Subj,37
Elsevier BV,Biochim Biophys Acta Gene Regul Mech,8
Elsevier BV,Biochim Biophys Acta Mol Basis Dis,31
Elsevier BV,Biochim Biophys Acta Mol Cell Biol Lipids,12
Elsevier BV,Biochim Biophys Acta Mol Cell Res,36
Elsevier BV,Biochim Biophys Acta Proteins Proteom,24
Elsevier BV,Biochim Open,1
Elsevier BV,Biochimie,110
Elsevier BV,Bioelectrochemistry,23
Elsevier BV,Biofilm,1
Elsevier BV,Biol Blood Marrow Transplant,4
Elsevier BV,Biol Psychiatry,26
Elsevier BV,Biologicals,6
Elsevier BV,Biomater Adv,4
Elsevier BV,Biomaterials,125
Elsevier BV,Biomed Environ Sci,4
Elsevier BV,Biomed J,1
Elsevier BV,Biomed Pharmacother,72
Elsevier BV,Biomol Detect Quantif,1
Elsevier BV,Biomol Eng,1
Elsevier BV,Bioorg Chem,40
Elsevier BV,Bioorg Med Chem,126
Elsevier BV,Bioorg Med Chem Lett,117
Elsevier BV,Biophys Chem,62
Elsevier BV,Biophys J,398
Elsevier BV,Bioresour Technol,26
Elsevier BV,Biorheology,1
Elsevier BV,Biosens Bioelectron,65
Elsevier BV,Biosystems,22
Elsevier BV,Biotechnol Adv,2
Elsevier BV,Biotechnol Rep (Amst),1
Elsevier BV,Blood Cells Mol Dis,10
Elsevier BV,Bone,37
Elsevier BV,Br J Anaesth,1
Elsevier BV,Brain Behav Immun,31
Elsevier BV,Brain Dev,4
Elsevier BV,Brain Res,154
Elsevier BV,Brain Res Brain Res Protoc,1
Elsevier BV,Brain Res Bull,35
Elsevier BV,Brain Res Dev Brain Res,10
Elsevier BV,Brain Res Mol Brain Res,31
Elsevier BV,Brain Stimul,1
Elsevier BV,Braz J Infect Dis,2
Elsevier BV,Braz J Otorhinolaryngol,2
Elsevier BV,Breast,1
Elsevier BV,Bull Acad Natl Med,3
Elsevier BV,Burns,4
Elsevier BV,C R Acad Sci III,2
Elsevier BV,Can J Cardiol,3
Elsevier BV,Cancer Cell,60
Elsevier BV,Cancer Detect Prev,2
Elsevier BV,Cancer Epidemiol,1
Elsevier BV,Cancer Genet,3
Elsevier BV,Cancer Genet Cytogenet,6
Elsevier BV,Cancer Lett,114
Elsevier BV,Cancer Treat Res Commun,1
Elsevier BV,Carbohydr Polym,32
Elsevier BV,Carbohydr Res,20
Elsevier BV,Cardiovasc Pathol,3
Elsevier BV,Cardiovasc Revasc Med,1
Elsevier BV,Cell,378
Elsevier BV,Cell Calcium,22
Elsevier BV,Cell Chem Biol,39
Elsevier BV,Cell Host Microbe,30
Elsevier BV,Cell Immunol,36
Elsevier BV,Cell Metab,67
Elsevier BV,Cell Mol Gastroenterol Hepatol,12
Elsevier BV,Cell Rep,372
Elsevier BV,Cell Rep Med,4
Elsevier BV,Cell Rep Methods,5
Elsevier BV,Cell Signal,178
Elsevier BV,Cell Stem Cell,25
Elsevier BV,Cell Stress Chaperones,53
Elsevier BV,Cell Surf,1
Elsevier BV,Cell Syst,15
Elsevier BV,Cells Dev,1
Elsevier BV,Chem Biol,64
Elsevier BV,Chem Biol Interact,61
Elsevier BV,Chem Phys Lipids,10
Elsevier BV,Chemosphere,39
Elsevier BV,Chest,9
Elsevier BV,Chin J Nat Med,1
Elsevier BV,Chin J Traumatol,2
Elsevier BV,Clin Biochem,10
Elsevier BV,"Clin Biomech (Bristol, Avon)",1
Elsevier BV,Clin Breast Cancer,3
Elsevier BV,Clin Chim Acta,26
Elsevier BV,Clin Colorectal Cancer,1
Elsevier BV,Clin Gastroenterol Hepatol,2
Elsevier BV,Clin Genitourin Cancer,1
Elsevier BV,Clin Immunol,36
Elsevier BV,Clin Investig Arterioscler,1
Elsevier BV,Clin Lymphoma Myeloma Leuk,2
Elsevier BV,Clin Mass Spectrom,1
Elsevier BV,Clin Microbiol Infect,12
Elsevier BV,Clin Nutr,5
Elsevier BV,Clin Res Hepatol Gastroenterol,4
Elsevier BV,Clin Ther,1
Elsevier BV,Clinics (Sao Paulo),1
Elsevier BV,Colloids Surf B Biointerfaces,55
Elsevier BV,Comp Biochem Physiol A Mol Integr Physiol,22
Elsevier BV,Comp Biochem Physiol B Biochem Mol Biol,25
Elsevier BV,Comp Biochem Physiol C Toxicol Pharmacol,15
Elsevier BV,Comp Biochem Physiol Part D Genomics Proteomics,10
Elsevier BV,Comp Immunol Microbiol Infect Dis,6
Elsevier BV,Comput Biol Chem,38
Elsevier BV,Comput Biol Med,27
Elsevier BV,Comput Chem,1
Elsevier BV,Comput Methods Programs Biomed,2
Elsevier BV,Comput Struct Biotechnol J,6
Elsevier BV,Contraception,1
Elsevier BV,Cortex,1
Elsevier BV,Crit Care Nurs Clin North Am,1
Elsevier BV,Cryobiology,6
Elsevier BV,Curr Biol,290
Elsevier BV,Curr Opin Biotechnol,1
Elsevier BV,Curr Opin Cell Biol,2
Elsevier BV,Curr Opin Endocr Metab Res,1
Elsevier BV,Curr Opin Microbiol,1
Elsevier BV,Curr Opin Plant Biol,1
Elsevier BV,Curr Opin Struct Biol,1
Elsevier BV,Curr Opin Syst Biol,1
Elsevier BV,Curr Res Microb Sci,1
Elsevier BV,Curr Res Pharmacol Drug Discov,1
Elsevier BV,Curr Res Toxicol,1
Elsevier BV,Curr Res Transl Med,1
Elsevier BV,Cytokine,55
Elsevier BV,Cytokine Growth Factor Rev,1
Elsevier BV,Cytotherapy,13
Elsevier BV,DNA Repair (Amst),64
Elsevier BV,Data Brief,13
Elsevier BV,Dev Biol,166
Elsevier BV,Dev Cell,173
Elsevier BV,Dev Comp Immunol,55
Elsevier BV,Diabetes Metab,4
Elsevier BV,Diabetes Res Clin Pract,5
Elsevier BV,Diagn Microbiol Infect Dis,17
Elsevier BV,Differentiation,13
Elsevier BV,Dig Liver Dis,4
Elsevier BV,Domest Anim Endocrinol,3
Elsevier BV,Drug Alcohol Depend,1
Elsevier BV,Drug Discov Today,1
Elsevier BV,Drug Metab Pharmacokinet,2
Elsevier BV,Drug Resist Updat,1
Elsevier BV,EBioMedicine,36
Elsevier BV,Ecotoxicol Environ Saf,40
Elsevier BV,Enferm Infecc Microbiol Clin,2
Elsevier BV,Environ Int,4
Elsevier BV,Environ Pollut,19
Elsevier BV,Environ Res,9
Elsevier BV,Environ Toxicol Pharmacol,18
Elsevier BV,Enzyme Microb Technol,17
Elsevier BV,Epilepsy Behav,1
Elsevier BV,Epilepsy Res,8
Elsevier BV,Eur J Cancer,16
Elsevier BV,Eur J Cell Biol,48
Elsevier BV,Eur J Integr Med,1
Elsevier BV,Eur J Intern Med,1
Elsevier BV,Eur J Med Chem,103
Elsevier BV,Eur J Med Genet,3
Elsevier BV,Eur J Paediatr Neurol,1
Elsevier BV,Eur J Pharm Biopharm,21
Elsevier BV,Eur J Pharm Sci,23
Elsevier BV,Eur J Pharmacol,98
Elsevier BV,Eur J Protistol,4
Elsevier BV,Eur J Surg Oncol,2
Elsevier BV,Eur J Vasc Endovasc Surg,1
Elsevier BV,Eur Neuropsychopharmacol,8
Elsevier BV,Eur Urol,3
Elsevier BV,Exp Cell Res,194
Elsevier BV,Exp Eye Res,50
Elsevier BV,Exp Gerontol,17
Elsevier BV,Exp Hematol,31
Elsevier BV,Exp Mol Pathol,31
Elsevier BV,Exp Neurol,67
Elsevier BV,Exp Parasitol,26
Elsevier BV,Exp Toxicol Pathol,6
Elsevier BV,Farmaco,3
Elsevier BV,Fertil Steril,10
Elsevier BV,Fish Shellfish Immunol,66
Elsevier BV,Fitoterapia,6
Elsevier BV,Food Chem,100
Elsevier BV,Food Chem Toxicol,36
Elsevier BV,Food Chem X,4
Elsevier BV,Food Microbiol,9
Elsevier BV,Food Res Int,23
Elsevier BV,Forensic Sci Int,1
Elsevier BV,Free Radic Biol Med,181
Elsevier BV,Fungal Biol,17
Elsevier BV,Fungal Genet Biol,33
Elsevier BV,Gastroenterology,60
Elsevier BV,Gen Comp Endocrinol,32
Elsevier BV,Gene,170
Elsevier BV,Gene Expr Patterns,20
Elsevier BV,Gene Rep,1
Elsevier BV,Genes Dis,1
Elsevier BV,Genet Med,5
Elsevier BV,Genom Data,1
Elsevier BV,Genomics,44
Elsevier BV,Growth Horm IGF Res,9
Elsevier BV,Gynecol Oncol,12
Elsevier BV,HGG Adv,3
Elsevier BV,Harmful Algae,3
Elsevier BV,Hear Res,12
Elsevier BV,Heart Rhythm,2
Elsevier BV,Heliyon,16
Elsevier BV,Hepatobiliary Pancreat Dis Int,4
Elsevier BV,Horm Behav,5
Elsevier BV,Hum Immunol,32
Elsevier BV,Hum Mov Sci,2
Elsevier BV,Hum Pathol,27
Elsevier BV,IBRO Neurosci Rep,1
Elsevier BV,Immunity,70
Elsevier BV,Immunobiology,32
Elsevier BV,Immunol Lett,49
Elsevier BV,Immunopharmacology,1
Elsevier BV,Indian J Med Microbiol,3
Elsevier BV,Indian J Tuberc,1
Elsevier BV,Infect Genet Evol,25
Elsevier BV,Injury,2
Elsevier BV,Insect Biochem Mol Biol,58
Elsevier BV,Int Dent J,1
Elsevier BV,Int Immunopharmacol,95
Elsevier BV,Int J Antimicrob Agents,5
Elsevier BV,Int J Biochem Cell Biol,101
Elsevier BV,Int J Biol Macromol,230
Elsevier BV,Int J Cardiol,14
Elsevier BV,Int J Food Microbiol,16
Elsevier BV,Int J Infect Dis,1
Elsevier BV,Int J Mass Spectrom,1
Elsevier BV,Int J Med Microbiol,18
Elsevier BV,Int J Oral Maxillofac Surg,2
Elsevier BV,Int J Parasitol,25
Elsevier BV,Int J Parasitol Drugs Drug Resist,3
Elsevier BV,Int J Pharm,51
Elsevier BV,Int J Radiat Oncol Biol Phys,11
Elsevier BV,J Adv Res,8
Elsevier BV,J Affect Disord,3
Elsevier BV,J Allergy Clin Immunol,31
Elsevier BV,J Allergy Clin Immunol Pract,1
Elsevier BV,J Am Acad Dermatol,4
Elsevier BV,J Am Coll Cardiol,11
Elsevier BV,J Am Soc Cytopathol,2
Elsevier BV,J Autoimmun,26
Elsevier BV,J Ayurveda Integr Med,2
Elsevier BV,J Biochem Biophys Methods,11
Elsevier BV,J Biol Chem,4671
Elsevier BV,J Biomech,5
Elsevier BV,J Biomed Inform,3
Elsevier BV,J Biomed Res,1
Elsevier BV,J Biomol Screen,23
Elsevier BV,J Biosci Bioeng,21
Elsevier BV,J Biotechnol,58
Elsevier BV,J Bone Oncol,2
Elsevier BV,J Card Fail,3
Elsevier BV,J Cardiothorac Vasc Anesth,2
Elsevier BV,J Chem Neuroanat,15
Elsevier BV,J Chromatogr A,92
Elsevier BV,J Chromatogr B Analyt Technol Biomed Life Sci,41
Elsevier BV,J Chromatogr B Biomed Sci Appl,5
Elsevier BV,J Clin Densitom,1
Elsevier BV,J Clin Lipidol,2
Elsevier BV,J Clin Neurosci,8
Elsevier BV,J Clin Tuberc Other Mycobact Dis,1
Elsevier BV,J Clin Virol,10
Elsevier BV,J Colloid Interface Sci,22
Elsevier BV,J Commun Disord,1
Elsevier BV,J Comp Pathol,9
Elsevier BV,J Control Release,72
Elsevier BV,J Crit Care,1
Elsevier BV,J Cyst Fibros,4
Elsevier BV,J Dent,1
Elsevier BV,J Dermatol Sci,17
Elsevier BV,J Diabetes Complications,3
Elsevier BV,J Drug Deliv Sci Technol,1
Elsevier BV,J Electrocardiol,1
Elsevier BV,J Endod,6
Elsevier BV,J Environ Manage,2
Elsevier BV,J Environ Radioact,1
Elsevier BV,J Environ Sci (China),5
Elsevier BV,J Equine Vet Sci,1
Elsevier BV,J Ethnopharmacol,57
Elsevier BV,J Food Prot,6
Elsevier BV,J Formos Med Assoc,1
Elsevier BV,J Gastrointest Surg,4
Elsevier BV,J Genet Genomics,9
Elsevier BV,J Ginseng Res,3
Elsevier BV,J Glob Antimicrob Resist,7
Elsevier BV,J Gynecol Obstet Hum Reprod,1
Elsevier BV,J Hazard Mater,29
Elsevier BV,J Heart Lung Transplant,11
Elsevier BV,J Hepatol,30
Elsevier BV,J Hosp Infect,3
Elsevier BV,J Hum Evol,2
Elsevier BV,J Immunol Methods,76
Elsevier BV,J Infect,9
Elsevier BV,J Infect Chemother,6
Elsevier BV,J Infect Public Health,2
Elsevier BV,J Inorg Biochem,154
Elsevier BV,J Insect Physiol,14
Elsevier BV,J Invertebr Pathol,6
Elsevier BV,J Invest Dermatol,76
Elsevier BV,J Investig Dermatol Symp Proc,1
Elsevier BV,J King Saud Univ Sci,1
Elsevier BV,J Lab Clin Med,2
Elsevier BV,J Lipid Res,56
Elsevier BV,J Magn Reson,5
Elsevier BV,J Mech Behav Biomed Mater,6
Elsevier BV,J Microbiol Immunol Infect,1
Elsevier BV,J Microbiol Methods,26
Elsevier BV,J Mol Biol,947
Elsevier BV,J Mol Cell Cardiol,70
Elsevier BV,J Mol Diagn,2
Elsevier BV,J Mol Graph Model,61
Elsevier BV,J Mol Struct,1
Elsevier BV,J Neuroimmunol,40
Elsevier BV,J Neurol Sci,14
Elsevier BV,J Neurosci Methods,17
Elsevier BV,J Nutr,31
Elsevier BV,J Nutr Biochem,30
Elsevier BV,J Oral Maxillofac Surg,4
Elsevier BV,J Orthop Sci,2
Elsevier BV,J Orthop Translat,2
Elsevier BV,J Pain,6
Elsevier BV,J Pediatr,3
Elsevier BV,J Pediatr Surg,2
Elsevier BV,J Pharm Anal,3
Elsevier BV,J Pharm Biomed Anal,26
Elsevier BV,J Pharm Sci,23
Elsevier BV,J Pharmacol Sci,6
Elsevier BV,J Pharmacol Toxicol Methods,4
Elsevier BV,J Photochem Photobiol B,72
Elsevier BV,J Physiol Paris,1
Elsevier BV,J Plant Physiol,44
Elsevier BV,J Proteomics,121
Elsevier BV,J Psychiatr Res,7
Elsevier BV,J Psychosom Res,3
Elsevier BV,J Reprod Immunol,8
Elsevier BV,J Shoulder Elbow Surg,1
Elsevier BV,J Steroid Biochem Mol Biol,38
Elsevier BV,J Stroke Cerebrovasc Dis,1
Elsevier BV,J Struct Biol,135
Elsevier BV,J Surg Res,34
Elsevier BV,J Theor Biol,51
Elsevier BV,J Therm Biol,2
Elsevier BV,J Thorac Cardiovasc Surg,6
Elsevier BV,J Thorac Oncol,5
Elsevier BV,J Thromb Haemost,92
Elsevier BV,J Tissue Viability,1
Elsevier BV,J Trace Elem Med Biol,7
Elsevier BV,J Vasc Interv Radiol,4
Elsevier BV,J Vasc Surg,4
Elsevier BV,J Virol Methods,33
Elsevier BV,JACC Cardiovasc Interv,1
Elsevier BV,JID Innov,1
Elsevier BV,Jpn J Pharmacol,1
Elsevier BV,Kidney Int,73
Elsevier BV,Kidney Int Rep,1
Elsevier BV,Kidney Int Suppl,1
Elsevier BV,Lab Invest,57
Elsevier BV,Lancet,3
Elsevier BV,Lancet Oncol,1
Elsevier BV,Leuk Res,17
Elsevier BV,Life Sci,118
Elsevier BV,Life Sci Space Res (Amst),1
Elsevier BV,Lung Cancer,10
Elsevier BV,Magn Reson Imaging,1
Elsevier BV,Mar Environ Res,7
Elsevier BV,Mar Genomics,2
Elsevier BV,Mar Pollut Bull,4
Elsevier BV,Mater Sci Eng C Mater Biol Appl,18
Elsevier BV,Mater Today Bio,3
Elsevier BV,Math Biosci,6
Elsevier BV,Matrix Biol,26
Elsevier BV,Matrix Biol Plus,1
Elsevier BV,Maturitas,3
Elsevier BV,Mayo Clin Proc,1
Elsevier BV,Meat Sci,3
Elsevier BV,Mech Ageing Dev,16
Elsevier BV,Mech Dev,47
Elsevier BV,Med,3
Elsevier BV,Med Hypotheses,33
Elsevier BV,Metab Eng,24
Elsevier BV,Metabol Open,1
Elsevier BV,Metabolism,29
Elsevier BV,Methods,80
Elsevier BV,MethodsX,3
Elsevier BV,Microb Pathog,35
Elsevier BV,Microbes Infect,8
Elsevier BV,Microbiol Res,18
Elsevier BV,Micron,8
Elsevier BV,Microvasc Res,12
Elsevier BV,Mitochondrion,30
Elsevier BV,Mod Pathol,20
Elsevier BV,Mol Biochem Parasitol,63
Elsevier BV,Mol Cell,518
Elsevier BV,Mol Cell Biol Res Commun,2
Elsevier BV,Mol Cell Endocrinol,73
Elsevier BV,Mol Cell Neurosci,64
Elsevier BV,Mol Cell Probes,9
Elsevier BV,Mol Cell Proteomics,220
Elsevier BV,Mol Cells,55
Elsevier BV,Mol Genet Metab,27
Elsevier BV,Mol Genet Metab Rep,1
Elsevier BV,Mol Immunol,122
Elsevier BV,Mol Med Today,1
Elsevier BV,Mol Metab,16
Elsevier BV,Mol Phylogenet Evol,28
Elsevier BV,Mol Plant,58
Elsevier BV,Mol Ther,61
Elsevier BV,Mol Ther Nucleic Acids,14
Elsevier BV,Mucosal Immunol,20
Elsevier BV,Mult Scler Relat Disord,1
Elsevier BV,Mutat Res,24
Elsevier BV,Mycol Res,6
Elsevier BV,N Biotechnol,7
Elsevier BV,Nano Today,1
Elsevier BV,Nanomedicine,11
Elsevier BV,Neoplasia,38
Elsevier BV,Neural Netw,1
Elsevier BV,Neurobiol Aging,51
Elsevier BV,Neurobiol Dis,87
Elsevier BV,Neurobiol Learn Mem,16
Elsevier BV,Neurobiol Stress,1
Elsevier BV,Neurochem Int,55
Elsevier BV,Neuroimage,7
Elsevier BV,Neurologia (Engl Ed),1
Elsevier BV,Neuromuscul Disord,8
Elsevier BV,Neuron,116
Elsevier BV,Neuropeptides,7
Elsevier BV,Neuropharmacology,56
Elsevier BV,Neurosci Lett,100
Elsevier BV,Neurosci Res,12
Elsevier BV,Neuroscience,153
Elsevier BV,Neurotherapeutics,5
Elsevier BV,Neurotoxicol Teratol,1
Elsevier BV,Neurotoxicology,15
Elsevier BV,Nitric Oxide,22
Elsevier BV,Nucl Med Biol,22
Elsevier BV,Nutr Metab Cardiovasc Dis,4
Elsevier BV,Nutr Res,4
Elsevier BV,Nutrition,7
Elsevier BV,Obes Res Clin Pract,2
Elsevier BV,Ocul Surf,2
Elsevier BV,Ophthalmology,4
Elsevier BV,Oral Oncol,6
Elsevier BV,Oral Surg Oral Med Oral Pathol Oral Radiol Endod,1
Elsevier BV,Orthop Traumatol Surg Res,1
Elsevier BV,Osteoarthritis Cartilage,13
Elsevier BV,Pancreatology,5
Elsevier BV,Parasitol Int,15
Elsevier BV,Parkinsonism Relat Disord,1
Elsevier BV,Pathol Biol (Paris),1
Elsevier BV,Pathol Res Pract,27
Elsevier BV,Pathology,6
Elsevier BV,Pediatr Neurol,1
Elsevier BV,Peptides,38
Elsevier BV,Pestic Biochem Physiol,6
Elsevier BV,Pharmacol Biochem Behav,12
Elsevier BV,Pharmacol Res,23
Elsevier BV,Photodiagnosis Photodyn Ther,3
Elsevier BV,Phys Med,1
Elsevier BV,Physiol Behav,26
Elsevier BV,Phytochemistry,36
Elsevier BV,Phytomedicine,44
Elsevier BV,Placenta,25
Elsevier BV,Plant Commun,11
Elsevier BV,Plant Physiol Biochem,77
Elsevier BV,Plant Sci,41
Elsevier BV,Plasmid,10
Elsevier BV,Poult Sci,21
Elsevier BV,Pregnancy Hypertens,2
Elsevier BV,Presse Med,3
Elsevier BV,Prev Med,1
Elsevier BV,Prev Vet Med,4
Elsevier BV,Prim Care Diabetes,1
Elsevier BV,Prog Biophys Mol Biol,1
Elsevier BV,Prog Neurobiol,1
Elsevier BV,Prog Neuropsychopharmacol Biol Psychiatry,12
Elsevier BV,Prog Pediatr Cardiol,1
Elsevier BV,Prostaglandins Leukot Essent Fatty Acids,5
Elsevier BV,Prostaglandins Other Lipid Mediat,4
Elsevier BV,Protein Expr Purif,128
Elsevier BV,Protist,6
Elsevier BV,Psychiatry Res,5
Elsevier BV,Psychoneuroendocrinology,6
Elsevier BV,Pulm Pharmacol Ther,3
Elsevier BV,Radiother Oncol,1
Elsevier BV,Redox Biol,61
Elsevier BV,Regul Pept,16
Elsevier BV,Regul Toxicol Pharmacol,2
Elsevier BV,Rehabilitacion (Madr),1
Elsevier BV,Reprod Biol,7
Elsevier BV,Reprod Biomed Online,5
Elsevier BV,Reprod Toxicol,5
Elsevier BV,Res Microbiol,22
Elsevier BV,Res Pract Thromb Haemost,3
Elsevier BV,Res Vet Sci,18
Elsevier BV,Respir Med,1
Elsevier BV,Respir Physiol Neurobiol,6
Elsevier BV,Rev Argent Microbiol,1
Elsevier BV,Rev Assoc Med Bras (1992),1
Elsevier BV,Rev Esp Geriatr Gerontol,1
Elsevier BV,Rev Iberoam Micol,1
Elsevier BV,Rev Neurol (Paris),1
Elsevier BV,Rev Port Cardiol,1
Elsevier BV,SLAS Discov,9
Elsevier BV,SLAS Technol,3
Elsevier BV,STAR Protoc,16
Elsevier BV,Saudi Pharm J,2
Elsevier BV,Schizophr Res,10
Elsevier BV,Sci Bull (Beijing),3
Elsevier BV,Sci Total Environ,41
Elsevier BV,Seizure,2
Elsevier BV,Semin Cancer Biol,1
Elsevier BV,Semin Hematol,2
Elsevier BV,Semin Immunol,1
Elsevier BV,Sheng Wu Gong Cheng Xue Bao,9
Elsevier BV,Soc Sci Med,1
Elsevier BV,Spectrochim Acta A Mol Biomol Spectrosc,70
Elsevier BV,Spine J,3
Elsevier BV,Stem Cell Reports,36
Elsevier BV,Stem Cell Res,9
Elsevier BV,Steroids,22
Elsevier BV,Structure,308
Elsevier BV,Surg Neurol,1
Elsevier BV,Surg Obes Relat Dis,3
Elsevier BV,Surg Oncol,1
Elsevier BV,Surgery,12
Elsevier BV,Syst Appl Microbiol,4
Elsevier BV,Talanta,49
Elsevier BV,Theriogenology,40
Elsevier BV,Thromb Res,53
Elsevier BV,Ticks Tick Borne Dis,2
Elsevier BV,Tissue Cell,13
Elsevier BV,Toxicol Appl Pharmacol,59
Elsevier BV,Toxicol In Vitro,32
Elsevier BV,Toxicol Lett,50
Elsevier BV,Toxicol Rep,1
Elsevier BV,Toxicology,49
Elsevier BV,Toxicon,52
Elsevier BV,Transfus Apher Sci,2
Elsevier BV,Transl Oncol,5
Elsevier BV,Transl Res,15
Elsevier BV,Transpl Immunol,16
Elsevier BV,Transplant Cell Ther,1
Elsevier BV,Transplant Proc,13
Elsevier BV,Trends Biochem Sci,17
Elsevier BV,Trends Biotechnol,1
Elsevier BV,Trends Cancer,1
Elsevier BV,Trends Cell Biol,12
Elsevier BV,Trends Genet,3
Elsevier BV,Trends Immunol,5
Elsevier BV,Trends Microbiol,3
Elsevier BV,Trends Mol Med,4
Elsevier BV,Trends Neurosci,1
Elsevier BV,Trends Parasitol,1
Elsevier BV,Trends Pharmacol Sci,2
Elsevier BV,Trends Plant Sci,9
Elsevier BV,Tuberculosis (Edinb),10
Elsevier BV,Ultramicroscopy,5
Elsevier BV,Ultrason Sonochem,3
Elsevier BV,Ultrasound Med Biol,2
Elsevier BV,Urol Oncol,6
Elsevier BV,Urology,2
Elsevier BV,Vaccine,45
Elsevier BV,Vascul Pharmacol,7
Elsevier BV,Vet Immunol Immunopathol,27
Elsevier BV,Vet J,10
Elsevier BV,Vet Microbiol,32
Elsevier BV,Vet Parasitol,23
Elsevier BV,Vet Parasitol Reg Stud Reports,2
Elsevier BV,Virol Sin,13
Elsevier BV,Virology,215
Elsevier BV,Virus Res,74
Elsevier BV,Vision Res,2
Elsevier BV,Waste Manag,1
Elsevier BV,Water Res,9
Elsevier BV,World Allergy Organ J,1
Elsevier BV,World Neurosurg,3
Elsevier BV,Yi Chuan Xue Bao,5
Elsevier BV,Zoology (Jena),2
Elsevier BV,iScience,13
Environmental Health Perspectives,Environ Health Perspect,10
EpiSmart Science Vector Ltd,Asian Pac J Cancer Prev,8
"Esmon Publicidad, SA",J Investig Allergol Clin Immunol,2
European Cells and Materials,Eur Cell Mater,6
European Centre for Disease Control and Prevention (ECDC),Euro Surveill,4
European Respiratory Society (ERS),ERJ Open Res,2
European Respiratory Society (ERS),Eur Respir J,8
European Respiratory Society (ERS),Eur Respir Rev,1
F1000 Research Ltd,F1000Res,5
F1000 Research Ltd,Wellcome Open Res,2
FSBEI HE I.P. Pavlov SPbSMU MOH Russia,Vestn Khir Im I I Grek,2
FSBI Research Institute of Occupational Health RAMS,Med Tr Prom Ekol,2
Faculty of Food Technology and Biotechnology - University of Zagreb,Food Technol Biotechnol,2
"Faculty of Pharmacy and Pharmaceutical Sciences, University of Karachi",Pak J Pharm Sci,5
FapUNIFESP (SciELO),An Acad Bras Cienc,2
FapUNIFESP (SciELO),Arq Bras Cardiol,1
FapUNIFESP (SciELO),Braz Dent J,2
FapUNIFESP (SciELO),Braz J Infect Dis,3
FapUNIFESP (SciELO),Braz J Med Biol Res,17
FapUNIFESP (SciELO),Braz J Microbiol,2
FapUNIFESP (SciELO),Cad Saude Publica,1
FapUNIFESP (SciELO),Genet Mol Biol,3
FapUNIFESP (SciELO),Int Braz J Urol,2
FapUNIFESP (SciELO),J Appl Oral Sci,1
FapUNIFESP (SciELO),Mem Inst Oswaldo Cruz,11
FapUNIFESP (SciELO),Rev Assoc Med Bras (1992),1
FapUNIFESP (SciELO),Rev Hosp Clin Fac Med Sao Paulo,1
FapUNIFESP (SciELO),Rev Inst Med Trop Sao Paulo,1
FapUNIFESP (SciELO),Rev Soc Bras Med Trop,6
Federal Scientific Center for Hygiene F.F.Erisman,Gig Sanit,3
Federal State Budgetary Institution &quot;RIC &quot;Krasnaya Zvezda&quot; of the Ministry of Defense of Russia,Voen Med Zh,1
Ferrata Storti Foundation (Haematologica),Haematologica,33
Firenze University Press,Ital J Anat Embryol,3
Folium Publishing Company,Eksp Klin Farmakol,6
Fortune Journals,J Biotechnol Biomed,1
Forum Multimedia Publishing LLC,Eur Cell Mater,1
Forum Multimedia Publishing LLC,Heart Surg Forum,1
Frontiers Media SA,Acta Biochim Pol,24
Frontiers Media SA,Acta Virol,4
Frontiers Media SA,Exp Biol Med (Maywood),24
Frontiers Media SA,Front Aging,1
Frontiers Media SA,Front Aging Neurosci,5
Frontiers Media SA,Front Behav Neurosci,3
Frontiers Media SA,Front Bioeng Biotechnol,8
Frontiers Media SA,Front Bioinform,1
Frontiers Media SA,Front Cardiovasc Med,6
Frontiers Media SA,Front Cell Dev Biol,41
Frontiers Media SA,Front Cell Infect Microbiol,38
Frontiers Media SA,Front Cell Neurosci,8
Frontiers Media SA,Front Chem,8
Frontiers Media SA,Front Endocrinol (Lausanne),34
Frontiers Media SA,Front Epidemiol,1
Frontiers Media SA,Front Genet,28
Frontiers Media SA,Front Immunol,208
Frontiers Media SA,Front Integr Neurosci,1
Frontiers Media SA,Front Med (Lausanne),4
Frontiers Media SA,Front Microbiol,96
Frontiers Media SA,Front Mol Biosci,10
Frontiers Media SA,Front Mol Neurosci,16
Frontiers Media SA,Front Neural Circuits,4
Frontiers Media SA,Front Neuroanat,2
Frontiers Media SA,Front Neurol,6
Frontiers Media SA,Front Neurosci,11
Frontiers Media SA,Front Nutr,8
Frontiers Media SA,Front Oncol,36
Frontiers Media SA,Front Pharmacol,41
Frontiers Media SA,Front Phys,1
Frontiers Media SA,Front Physiol,30
Frontiers Media SA,Front Plant Sci,71
Frontiers Media SA,Front Psychiatry,1
Frontiers Media SA,Front Public Health,1
Frontiers Media SA,Front Synaptic Neurosci,3
Frontiers Media SA,Front Syst Neurosci,1
Frontiers Media SA,Front Trop Dis,1
Frontiers Media SA,Front Vet Sci,7
Frontiers Media SA,J Pharm Pharm Sci,2
Frontiers Media SA,Pathol Oncol Res,6
Frontiers Media SA,Transpl Int,2
"Galen, spol. s r.o.",Acta Chir Orthop Traumatol Cech,1
Galenos Yayinevi,Balkan Med J,2
Galenos Yayinevi,J Clin Res Pediatr Endocrinol,2
Galenos Yayinevi,Turkiye Parazitol Derg,3
Genetics Society of Japan,Genes Genet Syst,9
Genetics and Molecular Research,Genet Mol Res,35
Georg Thieme Verlag KG,Am J Perinatol,1
Georg Thieme Verlag KG,Arzneimittelforschung,3
Georg Thieme Verlag KG,Drug Res (Stuttg),1
Georg Thieme Verlag KG,Dtsch Med Wochenschr,1
Georg Thieme Verlag KG,Endoscopy,1
Georg Thieme Verlag KG,Exp Clin Endocrinol Diabetes,5
Georg Thieme Verlag KG,Hamostaseologie,3
Georg Thieme Verlag KG,Handchir Mikrochir Plast Chir,1
Georg Thieme Verlag KG,Horm Metab Res,7
Georg Thieme Verlag KG,Int J Sports Med,1
Georg Thieme Verlag KG,J Reconstr Microsurg,1
Georg Thieme Verlag KG,Klin Monbl Augenheilkd,1
Georg Thieme Verlag KG,Klin Padiatr,1
Georg Thieme Verlag KG,Neuropediatrics,1
Georg Thieme Verlag KG,Nuklearmedizin,1
Georg Thieme Verlag KG,Planta Med,9
Georg Thieme Verlag KG,Semin Reprod Med,1
Georg Thieme Verlag KG,Semin Thromb Hemost,6
Georg Thieme Verlag KG,TH Open,2
Georg Thieme Verlag KG,Thorac Cardiovasc Surg,2
Georg Thieme Verlag KG,Thromb Haemost,102
Georg Thieme Verlag KG,Ultraschall Med,1
Georg Thieme Verlag KG,Vet Comp Orthop Traumatol,1
Georg Thieme Verlag KG,Z Gastroenterol,1
Geotar-Media Publishing Group,Vopr Pitan,7
Gesellschaft Schweizer Tierarztinnen und Tierarzte,Schweiz Arch Tierheilkd,1
Grigore T. Popa University of Medicine and Pharmacy,Rev Med Chir Soc Med Nat Iasi,6
"HMP Communications, LLC",J Invasive Cardiol,1
Hacettepe University Institute of Child Health,Turk J Pediatr,1
Hindawi Limited,Acta Neurol Scand,3
Hindawi Limited,Adv Virol,1
Hindawi Limited,Anal Cell Pathol (Amst),3
Hindawi Limited,Andrologia,2
Hindawi Limited,Archaea,3
Hindawi Limited,Behav Neurol,2
Hindawi Limited,Biochem Res Int,1
Hindawi Limited,Bioinorg Chem Appl,1
Hindawi Limited,Biomed Res Int,74
Hindawi Limited,Breast J,1
Hindawi Limited,Cell Microbiol,65
Hindawi Limited,Cell Oncol,2
Hindawi Limited,Clin Dev Immunol,1
Hindawi Limited,Comp Funct Genomics,1
Hindawi Limited,Comput Math Methods Med,7
Hindawi Limited,Contrast Media Mol Imaging,1
Hindawi Limited,Dermatol Res Pract,1
Hindawi Limited,Dermatol Ther,1
Hindawi Limited,Dis Markers,8
Hindawi Limited,Enzyme Res,1
Hindawi Limited,Evid Based Complement Alternat Med,5
Hindawi Limited,Exp Diabetes Res,3
Hindawi Limited,Gastroenterol Res Pract,1
Hindawi Limited,Genet Res,1
Hindawi Limited,Genet Res (Camb),1
Hindawi Limited,Hum Mutat,40
Hindawi Limited,ISRN Neurol,1
Hindawi Limited,Int J Alzheimers Dis,1
Hindawi Limited,Int J Endocrinol,1
Hindawi Limited,Int J Genomics,1
Hindawi Limited,Int J Pept,1
Hindawi Limited,J Amino Acids,1
Hindawi Limited,J Anal Methods Chem,1
Hindawi Limited,J Biomed Biotechnol,3
Hindawi Limited,J Card Surg,1
Hindawi Limited,J Diabetes Res,6
Hindawi Limited,J Food Biochem,1
Hindawi Limited,J Immunol Res,13
Hindawi Limited,J Lipids,1
Hindawi Limited,J Nucleic Acids,1
Hindawi Limited,J Oncol,14
Hindawi Limited,J Parasitol Res,1
Hindawi Limited,J Signal Transduct,1
Hindawi Limited,J Tissue Eng Regen Med,15
Hindawi Limited,Mediators Inflamm,27
Hindawi Limited,Neural Plast,5
Hindawi Limited,Oxid Med Cell Longev,64
Hindawi Limited,PPAR Res,1
Hindawi Limited,Parkinsons Dis,1
Hindawi Limited,Pediatr Diabetes,2
Hindawi Limited,ScientificWorldJournal,3
Hindawi Limited,Scientifica (Cairo),1
Hindawi Limited,Stem Cells Int,5
Hindawi Limited,Transbound Emerg Dis,2
Hogrefe Publishing Group,Int J Vitam Nutr Res,1
Hogrefe Publishing Group,Vasa,1
Human Kinetics,Int J Sport Nutr Exerc Metab,2
Humana Press,Methods Mol Biol,312
Humana Press,Methods Mol Med,16
IEEE,Annu Int Conf IEEE Eng Med Biol Soc,8
IEEE,Conf Proc IEEE Eng Med Biol Soc,1
IEEE,Proc IEEE Comput Syst Bioinform Conf,1
IMR Press,Clin Exp Obstet Gynecol,1
IMR Press,Front Biosci,9
IMR Press,Front Biosci (Elite Ed),3
IMR Press,Front Biosci (Landmark Ed),13
IMR Press,Front Biosci (Schol Ed),1
IMR Press,J Integr Neurosci,2
IOP Publishing,Biofabrication,11
IOP Publishing,Biomed Mater,6
IOP Publishing,J Breath Res,1
IOP Publishing,J Neural Eng,2
IOP Publishing,J Phys Condens Matter,8
IOP Publishing,Nanotechnology,13
IOP Publishing,Phys Biol,20
IOP Publishing,Physiol Meas,1
IOS Press,Biomed Mater Eng,1
IOS Press,Biorheology,1
IOS Press,Cancer Biomark,6
IOS Press,Clin Hemorheol Microcirc,2
IOS Press,In Silico Biol,4
IOS Press,J Alzheimers Dis,61
IOS Press,J Huntingtons Dis,5
IOS Press,J Parkinsons Dis,6
IOS Press,Restor Neurol Neurosci,3
IOS Press,Technol Health Care,2
IOS Press,Tumour Biol,4
IWA Publishing,Water Sci Technol,3
Ideggyogyaszati Szemle Journal,Ideggyogy Sz,2
"Impact Journals, LLC",Aging (Albany NY),61
"Impact Journals, LLC",Oncotarget,222
Inderscience Publishers,Int J Bioinform Res Appl,1
Inderscience Publishers,Int J Comput Biol Drug Des,4
Inderscience Publishers,Int J Data Min Bioinform,1
Index Copernicus,Otolaryngol Pol,2
Index Copernicus,Pol Przegl Chir,1
Informa Healthcare,Curr Med Res Opin,1
Informa Healthcare,Expert Opin Biol Ther,2
Informa Healthcare,Expert Opin Ther Pat,1
Informa Healthcare,Expert Opin Ther Targets,1
Informa UK Limited,ASN Neuro,6
Informa UK Limited,Acta Cardiol,1
Informa UK Limited,Acta Chir Belg,1
Informa UK Limited,Acta Clin Belg,1
Informa UK Limited,Acta Otolaryngol,7
Informa UK Limited,Adipocyte,3
Informa UK Limited,Amyloid,6
Informa UK Limited,Amyotroph Lateral Scler,2
Informa UK Limited,Anim Cells Syst (Seoul),1
Informa UK Limited,Ann Med,2
Informa UK Limited,Ann Trop Med Parasitol,1
Informa UK Limited,Arch Androl,1
Informa UK Limited,Arch Anim Nutr,1
Informa UK Limited,Arch Physiol Biochem,5
Informa UK Limited,Artif Cells Blood Substit Immobil Biotechnol,2
Informa UK Limited,Artif Cells Nanomed Biotechnol,10
Informa UK Limited,Autoimmunity,19
Informa UK Limited,Autophagy,156
Informa UK Limited,Avian Pathol,2
Informa UK Limited,Bioanalysis,8
Informa UK Limited,Bioarchitecture,1
Informa UK Limited,Bioengineered,32
Informa UK Limited,Biofouling,4
Informa UK Limited,Biomarkers,4
Informa UK Limited,Biomatter,2
Informa UK Limited,Biosci Biotechnol Biochem,32
Informa UK Limited,Biotech Histochem,4
Informa UK Limited,Biotechniques,21
Informa UK Limited,Br Poult Sci,3
Informa UK Limited,Brain Inj,2
Informa UK Limited,COPD,1
Informa UK Limited,Cancer Biol Ther,33
Informa UK Limited,Cancer Invest,2
Informa UK Limited,Cancer Manag Res,19
Informa UK Limited,Cell Adh Migr,12
Informa UK Limited,Cell Adhes Commun,1
Informa UK Limited,Cell Commun Adhes,8
Informa UK Limited,Cell Cycle,221
Informa UK Limited,Channels (Austin),14
Informa UK Limited,Chimerism,1
Informa UK Limited,Chronobiol Int,3
Informa UK Limited,Clin Cosmet Investig Dermatol,1
Informa UK Limited,Clin Exp Hypertens,1
Informa UK Limited,Clin Exp Optom,1
Informa UK Limited,Clin Lipidol,1
Informa UK Limited,Commun Integr Biol,7
Informa UK Limited,Comput Methods Biomech Biomed Engin,2
Informa UK Limited,Connect Tissue Res,12
Informa UK Limited,Crit Rev Biochem Mol Biol,1
Informa UK Limited,Crit Rev Food Sci Nutr,2
Informa UK Limited,Curr Eye Res,16
Informa UK Limited,DNA Seq,11
Informa UK Limited,Diabetes Metab Syndr Obes,1
Informa UK Limited,Drug Chem Toxicol,6
Informa UK Limited,Drug Deliv,11
Informa UK Limited,Drug Des Devel Ther,13
Informa UK Limited,Drug Dev Ind Pharm,6
Informa UK Limited,Emerg Microbes Infect,12
Informa UK Limited,Endocr Res,2
Informa UK Limited,Environ Technol,1
Informa UK Limited,Epigenetics,23
Informa UK Limited,Epigenomics,8
Informa UK Limited,Exp Lung Res,9
Informa UK Limited,Expert Opin Biol Ther,1
Informa UK Limited,Expert Opin Drug Deliv,1
Informa UK Limited,Expert Opin Pharmacother,1
Informa UK Limited,Expert Opin Ther Targets,4
Informa UK Limited,Expert Rev Clin Immunol,1
Informa UK Limited,Expert Rev Clin Pharmacol,1
Informa UK Limited,Expert Rev Proteomics,2
Informa UK Limited,Fly (Austin),12
Informa UK Limited,Food Addit Contam,2
Informa UK Limited,Food Addit Contam Part A Chem Anal Control Expo Risk Assess,3
Informa UK Limited,Food Addit Contam Part B Surveill,1
Informa UK Limited,Free Radic Res,23
Informa UK Limited,Future Cardiol,1
Informa UK Limited,Future Med Chem,6
Informa UK Limited,Future Microbiol,5
Informa UK Limited,Future Oncol,3
Informa UK Limited,Future Virol,2
Informa UK Limited,Growth Factors,10
Informa UK Limited,Gut Microbes,7
Informa UK Limited,Gynecol Endocrinol,3
Informa UK Limited,HFSP J,1
Informa UK Limited,HIV AIDS (Auckl),1
Informa UK Limited,HIV Clin Trials,1
Informa UK Limited,Hematology,2
Informa UK Limited,Hemoglobin,3
Informa UK Limited,Hum Vaccin Immunother,3
Informa UK Limited,Hypertens Pregnancy,2
Informa UK Limited,Hypoxia (Auckl),2
Informa UK Limited,Immunol Invest,10
Informa UK Limited,Immunopharmacol Immunotoxicol,8
Informa UK Limited,Immunotargets Ther,1
Informa UK Limited,Immunotherapy,2
Informa UK Limited,Inhal Toxicol,7
Informa UK Limited,Int J Chron Obstruct Pulmon Dis,1
Informa UK Limited,Int J Environ Health Res,1
Informa UK Limited,Int J Food Sci Nutr,5
Informa UK Limited,Int J Hyperthermia,1
Informa UK Limited,Int J Nanomedicine,49
Informa UK Limited,Int J Neurosci,6
Informa UK Limited,Int J Occup Environ Health,1
Informa UK Limited,Int J Psychiatry Clin Pract,1
Informa UK Limited,Int J Radiat Biol,12
Informa UK Limited,Islets,5
Informa UK Limited,J Asian Nat Prod Res,1
Informa UK Limited,J Biochem Mol Biol Biophys,1
Informa UK Limited,J Biol Dyn,1
Informa UK Limited,J Biomater Sci Polym Ed,11
Informa UK Limited,J Biomol Struct Dyn,221
Informa UK Limited,J Chemother,2
Informa UK Limited,J Drug Target,14
Informa UK Limited,J Environ Sci Health A Tox Hazard Subst Environ Eng,3
Informa UK Limited,J Environ Sci Health B,1
Informa UK Limited,J Enzyme Inhib,2
Informa UK Limited,J Enzyme Inhib Med Chem,19
Informa UK Limited,J Hepatocell Carcinoma,1
Informa UK Limited,J Histotechnol,1
Informa UK Limited,J Immunoassay Immunochem,5
Informa UK Limited,J Immunotoxicol,5
Informa UK Limited,J Inflamm Res,5
Informa UK Limited,J Int Soc Sports Nutr,1
Informa UK Limited,J Liposome Res,1
Informa UK Limited,J Matern Fetal Neonatal Med,4
Informa UK Limited,J Med Eng Technol,1
Informa UK Limited,J Microencapsul,5
Informa UK Limited,J Neurogenet,5
Informa UK Limited,J Obstet Gynaecol,2
Informa UK Limited,J Oral Microbiol,1
Informa UK Limited,J Pain Res,2
Informa UK Limited,J Recept Signal Transduct Res,13
Informa UK Limited,J Toxicol Environ Health A,7
Informa UK Limited,Leuk Lymphoma,15
Informa UK Limited,MAbs,36
Informa UK Limited,Mitochondrial DNA,1
Informa UK Limited,Mitochondrial DNA A DNA Mapp Seq Anal,11
Informa UK Limited,Mol Cell Biol,658
Informa UK Limited,Mol Cell Oncol,1
Informa UK Limited,Mol Membr Biol,14
Informa UK Limited,Mycologia,12
Informa UK Limited,N Z Vet J,2
Informa UK Limited,Nanomedicine (Lond),8
Informa UK Limited,Nanotoxicology,5
Informa UK Limited,Nat Prod Res,5
Informa UK Limited,Neurol Res,9
Informa UK Limited,Neuropsychiatr Dis Treat,1
Informa UK Limited,Nucleosides Nucleotides Nucleic Acids,5
Informa UK Limited,Nucleus,22
Informa UK Limited,Nutr Cancer,9
Informa UK Limited,Nutr Neurosci,2
Informa UK Limited,Onco Targets Ther,35
Informa UK Limited,Oncoimmunology,4
Informa UK Limited,Ophthalmic Genet,1
Informa UK Limited,Pathog Glob Health,1
Informa UK Limited,Pediatr Pathol Mol Med,1
Informa UK Limited,Pharm Biol,11
Informa UK Limited,Pharm Dev Technol,2
Informa UK Limited,Pharmacogenomics,3
Informa UK Limited,Plant Signal Behav,57
Informa UK Limited,Platelets,24
Informa UK Limited,Postgrad Med,1
Informa UK Limited,Prep Biochem Biotechnol,8
Informa UK Limited,Prion,7
Informa UK Limited,RNA Biol,71
Informa UK Limited,Recept Channels,3
Informa UK Limited,Redox Rep,6
Informa UK Limited,Regen Med,2
Informa UK Limited,Ren Fail,5
Informa UK Limited,SAR QSAR Environ Res,2
Informa UK Limited,Scand Cardiovasc J,1
Informa UK Limited,Scand J Clin Lab Invest,10
Informa UK Limited,Scand J Clin Lab Invest Suppl,2
Informa UK Limited,Scand J Gastroenterol,10
Informa UK Limited,Scand J Infect Dis,2
Informa UK Limited,Scand J Rheumatol,2
Informa UK Limited,Small GTPases,7
Informa UK Limited,Stress,3
Informa UK Limited,Syst Biol Reprod Med,4
Informa UK Limited,Toxicol Mech Methods,8
Informa UK Limited,Transcription,11
Informa UK Limited,Vasc Health Risk Manag,1
Informa UK Limited,Vet Q,1
Informa UK Limited,Virulence,19
Informa UK Limited,Xenobiotica,5
Institute of Biochemistry,Biomed Khim,24
"Institute of Cytology and Genetics, SB RAS",Vavilovskii Zhurnal Genet Selektsii,3
Institute of Electrical and Electronics Engineers (IEEE),IEEE J Biomed Health Inform,2
Institute of Electrical and Electronics Engineers (IEEE),IEEE J Transl Eng Health Med,1
Institute of Electrical and Electronics Engineers (IEEE),IEEE Trans Biomed Circuits Syst,1
Institute of Electrical and Electronics Engineers (IEEE),IEEE Trans Biomed Eng,1
Institute of Electrical and Electronics Engineers (IEEE),IEEE Trans Nanobioscience,7
Institute of Electrical and Electronics Engineers (IEEE),IEEE Trans Syst Man Cybern B Cybern,1
Institute of Electrical and Electronics Engineers (IEEE),IEEE Trans Ultrason Ferroelectr Freq Control,1
Institute of Electrical and Electronics Engineers (IEEE),IEEE Trans Vis Comput Graph,1
Institute of Electrical and Electronics Engineers (IEEE),IEEE/ACM Trans Comput Biol Bioinform,29
Institute of Physiology of the Czech Academy of Sciences,Physiol Res,14
Institute of Rural Health,Ann Agric Environ Med,3
"Institute of Systematics and Evolution of Animals, Polish Academy of Sciences",Folia Biol (Krakow),5
Institution of Engineering and Technology (IET),IET Syst Biol,11
Institution of Engineering and Technology (IET),Syst Biol (Stevenage),7
Instituto Nacional de Salud (Colombia),Biomedica,3
Institutul National de Cercetare Dezvoltare Medico-Militara &quot;Cantacuzino&quot;,Roum Arch Microbiol Immunol,1
Inter-Research Science Center,Dis Aquat Organ,7
International Academic and Research Consortium,J Heart Valve Dis,3
International Association of Physical Chemists (IAPC),ADMET DMPK,1
International Heart Journal (Japanese Heart Journal),Int Heart J,3
International Heart Journal (Japanese Heart Journal),Jpn Heart J,1
International Research and Cooperation Association for Bio & Socio-Sciences Advancement (IRCA-BSSA),Biosci Trends,2
"International Scientific Information, Inc.",Med Sci Monit,30
International Society of Histology & Cytology,Arch Histol Cytol,6
International Union Against Tuberculosis and Lung Disease,Int J Tuberc Lung Dis,6
International Union of Crystallography (IUCr),Acta Crystallogr A Found Adv,1
International Union of Crystallography (IUCr),Acta Crystallogr C,2
International Union of Crystallography (IUCr),Acta Crystallogr C Struct Chem,2
International Union of Crystallography (IUCr),Acta Crystallogr D Biol Crystallogr,196
International Union of Crystallography (IUCr),Acta Crystallogr D Struct Biol,30
International Union of Crystallography (IUCr),Acta Crystallogr F Struct Biol Commun,66
International Union of Crystallography (IUCr),Acta Crystallogr Sect E Struct Rep Online,1
International Union of Crystallography (IUCr),Acta Crystallogr Sect F Struct Biol Cryst Commun,120
International Union of Crystallography (IUCr),IUCrJ,2
International Union of Crystallography (IUCr),J Synchrotron Radiat,9
Ivyspring International Publisher,Int J Biol Sci,41
Ivyspring International Publisher,Int J Med Sci,13
Ivyspring International Publisher,J Cancer,9
Ivyspring International Publisher,Theranostics,59
JMIR Publications Inc.,JMIR Res Protoc,1
JSTOR,Avian Dis,1
Japan Academy,Proc Jpn Acad Ser B Phys Biol Sci,3
Japan Antibiotics Research Association,J Antibiot (Tokyo),2
Japan Atherosclerosis Society,J Atheroscler Thromb,6
Japan Endocrine Society,Endocr J,9
Japan Oil Chemists' Society,J Oleo Sci,5
Japan Society for Cell Biology,Cell Struct Funct,13
Japan Society of Histochemistry & Cytochemistry,Acta Histochem Cytochem,1
Japanese Association for Laboratory Animal Science,Exp Anim,7
Japanese Association of Virology,Uirusu,1
Japanese Circulation Society,Circ J,5
Japanese Circulation Society,Jpn Circ J,2
Japanese Leprosy Association,Nihon Hansenbyo Gakkai Zasshi,1
Japanese Pharmacological Society,J Pharmacol Sci,8
Japanese Pharmacological Society,Nihon Yakurigaku Zasshi,1
Japanese Society for Bacteriology,Nihon Saikingaku Zasshi,1
Japanese Society for Dental Materials and Devices,Dent Mater J,1
Japanese Society for Lymphoreticular Tissue Research,J Clin Exp Hematop,1
Japanese Society for Magnetic Resonance in Medicine,Magn Reson Med Sci,1
Japanese Society for Plant Cell and Molecular Biology,Plant Biotechnol (Tokyo),1
Japanese Society of Allergology,Allergol Int,2
Japanese Society of Animal Reproduction,J Reprod Dev,12
Japanese Society of Breeding,Breed Sci,1
Japanese Society of Hypertension,Hypertens Res,3
Japanese Society of Internal Medicine,Intern Med,2
Japanese Society of Internal Medicine,Nihon Naika Gakkai Zasshi,1
Japanese Society of Microbial Ecology,Microbes Environ,2
Japanese Society of Toxicology,J Toxicol Sci,6
Japanese Society of Veterinary Science,J Vet Med Sci,15
Jaypee Brothers Medical Publishing,Indian J Chest Dis Allied Sci,1
Jaypee Brothers Medical Publishing,J Contemp Dent Pract,1
John Libbey Eurotext,Ann Biol Clin (Paris),4
John Libbey Eurotext,Eur Cytokine Netw,11
John Libbey Eurotext,Eur J Dermatol,2
John Libbey Eurotext,Magnes Res,1
John Libbey Eurotext,Orthod Fr,1
John Libbey Eurotext,Virologie (Montrouge),1
Journal of Biological Methods,J Biol Methods,1
Journal of Biomedical Research,J Biomed Res,3
Journal of Chinese Integrative Medicine Press,Zhong Xi Yi Jie He Xue Bao,3
Journal of Infection in Developing Countries,J Infect Dev Ctries,4
Journal of Injury and Violence Research,J Inj Violence Res,1
Journal of Molecular Signaling,J Mol Signal,2
Journal of Neurosurgery Publishing Group (JNSPG),J Neurosurg,6
Journal of Neurosurgery Publishing Group (JNSPG),J Neurosurg Spine,1
Journal of Neurosurgery Publishing Group (JNSPG),Neurosurg Focus,3
Journal of Pattern Recognition Research,J Proteolysis,1
Kare Publishing,Anatol J Cardiol,1
Keio Journal of Medicine,Keio J Med,1
King Faisal Specialist Hospital and Research Centre,Ann Saudi Med,2
King Faisal Specialist Hospital and Research Centre - DIGITAL COMMONS JOURNALS,Hematol Oncol Stem Cell Ther,1
Knowledge E,Acta Med Iran,1
Knowledge E,Avicenna J Med Biotechnol,1
Knowledge E,Int J Reprod Biomed,1
Knowledge E,Iran J Allergy Asthma Immunol,5
Knowledge E DMCC,Iran J Allergy Asthma Immunol,2
Knowledge Enterprise Journals,Med Res Arch,1
Korean Academy of Medical Sciences,J Korean Med Sci,6
Korean Academy of Periodontology,J Periodontal Implant Sci,1
Korean Breast Cancer Society,J Breast Cancer,1
Korean Cancer Association,Cancer Res Treat,3
Korean Diabetes Association,Diabetes Metab J,1
Korean Endocrine Society,Endocrinol Metab (Seoul),5
Korean Pharmacopuncture Institute,J Pharmacopuncture,1
Korean Society for Biochemistry and Molecular Biology - BMB Reports,BMB Rep,28
Korean Society for Biochemistry and Molecular Biology - BMB Reports,J Biochem Mol Biol,6
Korean Society for Microbiology and Biotechnology,J Microbiol Biotechnol,20
Korean Society for Parasitology,Korean J Parasitol,10
Korean Society for Parasitology,Parasites Hosts Dis,1
Korean Society for Preventive Medicine,J Prev Med Public Health,1
Korean Society for Stem Cell Research,Int J Stem Cells,1
Korean Society of Cancer Prevention,J Cancer Prev,1
Korean Society of Developmental Biology,Dev Reprod,1
Korean Society of Otorhinolaryngology-Head and Neck Surgery,Clin Exp Otorhinolaryngol,1
Kurume Medical Journal,Kurume Med J,2
LLC Global Media Technology,Eksp Klin Gastroenterol,1
LLC Information and Research Center Likarska Sprava,Lik Sprava,6
LLC Obyedinennaya Redaktsiya,Ter Arkh,5
Lavoisier,Bull Soc Pathol Exot,1
"Life Science Alliance, LLC",Life Sci Alliance,34
"Liga-Inform, Ltd.",Klin Khir,3
MDPI AG,Adv Respir Med,1
MDPI AG,Animals (Basel),12
MDPI AG,Antibiotics (Basel),7
MDPI AG,Antioxidants (Basel),13
MDPI AG,Bioengineering (Basel),2
MDPI AG,Biology (Basel),15
MDPI AG,Biomedicines,15
MDPI AG,Biomolecules,93
MDPI AG,Biosensors (Basel),4
MDPI AG,Cancers (Basel),22
MDPI AG,Cells,177
MDPI AG,Children (Basel),1
MDPI AG,Curr Issues Mol Biol,4
MDPI AG,Curr Oncol,2
MDPI AG,Diagnostics (Basel),2
MDPI AG,Foods,11
MDPI AG,Gels,1
MDPI AG,Genes (Basel),68
MDPI AG,Insects,1
MDPI AG,Int J Environ Res Public Health,11
MDPI AG,Int J Mol Sci,720
MDPI AG,J Clin Med,6
MDPI AG,J Dev Biol,1
MDPI AG,J Funct Morphol Kinesiol,1
MDPI AG,J Fungi (Basel),9
MDPI AG,Life (Basel),11
MDPI AG,Mar Drugs,20
MDPI AG,Materials (Basel),2
MDPI AG,Med Sci (Basel),1
MDPI AG,Medicina (Kaunas),3
MDPI AG,Medicines (Basel),1
MDPI AG,Membranes (Basel),2
MDPI AG,Metabolites,6
MDPI AG,Methods Protoc,1
MDPI AG,Microarrays (Basel),1
MDPI AG,Micromachines (Basel),1
MDPI AG,Microorganisms,22
MDPI AG,Molecules,198
MDPI AG,Nanomaterials (Basel),4
MDPI AG,Noncoding RNA,1
MDPI AG,Nutrients,45
MDPI AG,Pathogens,5
MDPI AG,Pharmaceuticals (Basel),8
MDPI AG,Pharmaceutics,9
MDPI AG,Plants (Basel),16
MDPI AG,Pneumonol Alergol Pol,3
MDPI AG,Polymers (Basel),11
MDPI AG,Proteomes,6
MDPI AG,Sensors (Basel),13
MDPI AG,Toxins (Basel),43
MDPI AG,Vaccines (Basel),3
MDPI AG,Viruses,85
MIT Press - Journals,Artif Life,1
MIT Press - Journals,Evol Comput,1
"MJS Publishing, Medical Journals Sweden AB",Acta Odontol Scand,1
"MJS Publishing, Medical Journals Sweden AB",Acta Oncol,1
MRE Press,Eur J Gynaecol Oncol,3
Maad Rayan Publishing Company,Bioimpacts,1
Maad Rayan Publishing Company,J Res Health Sci,1
Magnolia Press,Zootaxa,1
Malaysian Society of Parasitology and Tropical Medicine,Trop Biomed,4
Maney Publishing,Neurol Res,1
Mark Allen Group,Br J Hosp Med (Lond),1
Mark Allen Group,J Wound Care,1
Marshfield Clinic Research Institute,Clin Med Res,1
Mary Ann Liebert Inc,AIDS Res Hum Retroviruses,17
Mary Ann Liebert Inc,Adv Wound Care (New Rochelle),1
Mary Ann Liebert Inc,Antioxid Redox Signal,51
Mary Ann Liebert Inc,Antisense Nucleic Acid Drug Dev,1
Mary Ann Liebert Inc,Assay Drug Dev Technol,4
Mary Ann Liebert Inc,Brain Connect,1
Mary Ann Liebert Inc,Breastfeed Med,1
Mary Ann Liebert Inc,CRISPR J,2
Mary Ann Liebert Inc,Cancer Biother Radiopharm,11
Mary Ann Liebert Inc,Cannabis Cannabinoid Res,2
Mary Ann Liebert Inc,Cell Reprogram,6
Mary Ann Liebert Inc,Cloning Stem Cells,3
Mary Ann Liebert Inc,DNA Cell Biol,26
Mary Ann Liebert Inc,Dis Manag,1
Mary Ann Liebert Inc,Foodborne Pathog Dis,2
Mary Ann Liebert Inc,Genet Test Mol Biomarkers,8
Mary Ann Liebert Inc,Hum Gene Ther,28
Mary Ann Liebert Inc,Hum Gene Ther Methods,1
Mary Ann Liebert Inc,Hybrid Hybridomics,8
Mary Ann Liebert Inc,Hybridoma,5
Mary Ann Liebert Inc,Hybridoma (Larchmt),20
Mary Ann Liebert Inc,J Aerosol Med Pulm Drug Deliv,1
Mary Ann Liebert Inc,J Comput Biol,16
Mary Ann Liebert Inc,J Hematother Stem Cell Res,3
Mary Ann Liebert Inc,J Interferon Cytokine Res,27
Mary Ann Liebert Inc,J Med Food,6
Mary Ann Liebert Inc,J Neurotrauma,15
Mary Ann Liebert Inc,J Ocul Pharmacol Ther,1
Mary Ann Liebert Inc,Lymphat Res Biol,3
Mary Ann Liebert Inc,Microb Drug Resist,14
Mary Ann Liebert Inc,Monoclon Antib Immunodiagn Immunother,5
Mary Ann Liebert Inc,Nucleic Acid Ther,7
Mary Ann Liebert Inc,OMICS,18
Mary Ann Liebert Inc,Oligonucleotides,3
Mary Ann Liebert Inc,Rejuvenation Res,7
Mary Ann Liebert Inc,Stem Cells Dev,26
Mary Ann Liebert Inc,Surg Infect (Larchmt),2
Mary Ann Liebert Inc,Ther Hypothermia Temp Manag,1
Mary Ann Liebert Inc,Thyroid,10
Mary Ann Liebert Inc,Tissue Eng,8
Mary Ann Liebert Inc,Tissue Eng Part A,27
Mary Ann Liebert Inc,Tissue Eng Part C Methods,11
Mary Ann Liebert Inc,Vector Borne Zoonotic Dis,5
Mary Ann Liebert Inc,Viral Immunol,5
Mary Ann Liebert Inc,Zebrafish,4
Massachusetts Medical Society,N Engl J Med,9
Media Sphere Publishing Group,Arkh Patol,6
Media Sphere Publishing Group,Mol Gen Mikrobiol Virusol,2
Media Sphere Publishing Group,Stomatologiia (Mosk),1
Media Sphere Publishing Group,Sud Med Ekspert,1
Media Sphere Publishing Group,Vestn Oftalmol,2
Media Sphere Publishing Group,Vopr Kurortol Fizioter Lech Fiz Kult,1
Media Sphere Publishing Group,Zh Nevrol Psikhiatr Im S S Korsakova,7
Media Sphere Publishing House,Zh Nevrol Psikhiatr Im S S Korsakova,1
Medical Association of Nippon Medical School,J Nippon Med Sch,1
Medical Association of Zenica-Doboj,Med Glas (Zenica),1
Medical Informational Agency Publishers,Klin Med (Mosk),3
Medical Journals Sweden AB,Acta Derm Venereol,1
Medical Journals Sweden AB,Acta Orthop,1
"Medicina Oral, S.L.",Med Oral Patol Oral Cir Bucal,1
Medicinska Naklada d.o.o.,Psychiatr Danub,1
Medknow,Asian J Androl,8
Medknow,Asian Pac J Trop Med,1
Medknow,Chin J Physiol,5
Medknow,Indian J Dent Res,2
Medknow,Indian J Ophthalmol,3
Medknow,Indian J Pathol Microbiol,2
Medknow,Indian J Pharmacol,1
Medknow,Int J Mycobacteriol,6
Medknow,Int J Prev Med,1
Medknow,J Cancer Res Ther,1
Medknow,J Vector Borne Dis,3
Medknow,Middle East Afr J Ophthalmol,1
Medknow,Neural Regen Res,6
Medknow,Niger J Clin Pract,2
Medknow,Res Pharm Sci,1
Medknow,Saudi J Gastroenterol,1
Medknow,Saudi J Kidney Dis Transpl,1
Medpharm Publications,S Afr J Surg,1
Microbiology Research Foundation,J Gen Appl Microbiol,2
Microbiology Society,Int J Syst Evol Microbiol,18
Microbiology Society,J Gen Virol,106
Microbiology Society,J Med Microbiol,30
Microbiology Society,Microb Genom,11
Microbiology Society,Microbiology (Reading),126
MyJove Corporation,J Vis Exp,123
Médecine et Hygiène,Rev Med Suisse,1
National Academy of Sciences of Ukraine (Co. LTD Ukrinformnauka),Fiziol Zh (1994),10
National Academy of Sciences of Ukraine (Co. LTD Ukrinformnauka),Mikrobiol Z,7
National Academy of Sciences of Ukraine (Co. LTD Ukrinformnauka),Ukr Biochem J,1
National Academy of Sciences of Ukraine (Co. LTD Ukrinformnauka) (Publications),Exp Oncol,4
National Academy of Sciences of Ukraine (Co. LTD Ukrinformnauka) (Publications),Ukr Biochem J,1
National Institute of Industrial Health,Ind Health,1
National Institute of Public Health,Cent Eur J Public Health,1
National Institute of Public Health NIH (National Research Institute),Rocz Panstw Zakl Hig,1
National Library of Serbia,Srp Arh Celok Lek,1
National Library of Serbia,Vojnosanit Pregl,1
National Research Center for Radiation Medicine of the NAMS of Ukraine,Probl Radiac Med Radiobiol,1
Nieto Editores,Ginecol Obstet Mex,1
Nihon University School of Dentistry,J Oral Sci,2
Norwegian Medical Association,Tidsskr Nor Laegeforen,1
OMICS Publishing Group,Indian J Pharm Sci,1
OMICS Publishing Group,J Genet Syndr Gene Ther,1
Oceanside Publications Inc.,Allergy Asthma Proc,1
Optica Publishing Group,Appl Opt,1
Ovid Technologies (Wolters Kluwer Health),AIDS,15
Ovid Technologies (Wolters Kluwer Health),ASAIO J,1
Ovid Technologies (Wolters Kluwer Health),Adv Anat Pathol,2
Ovid Technologies (Wolters Kluwer Health),Adv Skin Wound Care,1
Ovid Technologies (Wolters Kluwer Health),Alzheimer Dis Assoc Disord,1
Ovid Technologies (Wolters Kluwer Health),Am J Dermatopathol,1
Ovid Technologies (Wolters Kluwer Health),Am J Forensic Med Pathol,1
Ovid Technologies (Wolters Kluwer Health),Am J Gastroenterol,9
Ovid Technologies (Wolters Kluwer Health),Am J Phys Med Rehabil,1
Ovid Technologies (Wolters Kluwer Health),Am J Surg Pathol,10
Ovid Technologies (Wolters Kluwer Health),Am J Ther,2
Ovid Technologies (Wolters Kluwer Health),Anesth Analg,13
Ovid Technologies (Wolters Kluwer Health),Anesthesiology,8
Ovid Technologies (Wolters Kluwer Health),Ann Plast Surg,1
Ovid Technologies (Wolters Kluwer Health),Ann Surg,5
Ovid Technologies (Wolters Kluwer Health),Anticancer Drugs,32
Ovid Technologies (Wolters Kluwer Health),Appl Immunohistochem Mol Morphol,10
Ovid Technologies (Wolters Kluwer Health),Arterioscler Thromb Vasc Biol,79
Ovid Technologies (Wolters Kluwer Health),Behav Pharmacol,2
Ovid Technologies (Wolters Kluwer Health),Blood Coagul Fibrinolysis,16
Ovid Technologies (Wolters Kluwer Health),Cardiol Rev,1
Ovid Technologies (Wolters Kluwer Health),Chin Med J (Engl),29
Ovid Technologies (Wolters Kluwer Health),Circ Arrhythm Electrophysiol,2
Ovid Technologies (Wolters Kluwer Health),Circ Cardiovasc Genet,5
Ovid Technologies (Wolters Kluwer Health),Circ Cardiovasc Imaging,1
Ovid Technologies (Wolters Kluwer Health),Circ Genom Precis Med,4
Ovid Technologies (Wolters Kluwer Health),Circ Heart Fail,3
Ovid Technologies (Wolters Kluwer Health),Circ Res,109
Ovid Technologies (Wolters Kluwer Health),Circulation,64
Ovid Technologies (Wolters Kluwer Health),Clin J Am Soc Nephrol,2
Ovid Technologies (Wolters Kluwer Health),Clin J Pain,1
Ovid Technologies (Wolters Kluwer Health),Clin Nucl Med,3
Ovid Technologies (Wolters Kluwer Health),Clin Orthop Relat Res,4
Ovid Technologies (Wolters Kluwer Health),Clin Spine Surg,1
Ovid Technologies (Wolters Kluwer Health),Clin Transl Gastroenterol,3
Ovid Technologies (Wolters Kluwer Health),Cornea,3
Ovid Technologies (Wolters Kluwer Health),Coron Artery Dis,3
Ovid Technologies (Wolters Kluwer Health),Crit Care Med,18
Ovid Technologies (Wolters Kluwer Health),Curr Opin HIV AIDS,1
Ovid Technologies (Wolters Kluwer Health),Curr Opin Hematol,1
Ovid Technologies (Wolters Kluwer Health),Curr Opin Nephrol Hypertens,1
Ovid Technologies (Wolters Kluwer Health),Diagn Mol Pathol,1
Ovid Technologies (Wolters Kluwer Health),Dis Colon Rectum,3
Ovid Technologies (Wolters Kluwer Health),Eur J Anaesthesiol,2
Ovid Technologies (Wolters Kluwer Health),Eur J Cancer Prev,4
Ovid Technologies (Wolters Kluwer Health),Eur J Gastroenterol Hepatol,2
Ovid Technologies (Wolters Kluwer Health),Health Phys,2
Ovid Technologies (Wolters Kluwer Health),Hepatol Commun,5
Ovid Technologies (Wolters Kluwer Health),Hepatology,79
Ovid Technologies (Wolters Kluwer Health),Hypertension,29
Ovid Technologies (Wolters Kluwer Health),Implant Dent,1
Ovid Technologies (Wolters Kluwer Health),Int J Gynecol Pathol,1
Ovid Technologies (Wolters Kluwer Health),Int J Surg,1
Ovid Technologies (Wolters Kluwer Health),Invest Radiol,3
Ovid Technologies (Wolters Kluwer Health),J Acquir Immune Defic Syndr,9
Ovid Technologies (Wolters Kluwer Health),J Am Heart Assoc,28
Ovid Technologies (Wolters Kluwer Health),J Am Soc Nephrol,55
Ovid Technologies (Wolters Kluwer Health),J Cardiovasc Med (Hagerstown),1
Ovid Technologies (Wolters Kluwer Health),J Cardiovasc Pharmacol,34
Ovid Technologies (Wolters Kluwer Health),J Cataract Refract Surg,1
Ovid Technologies (Wolters Kluwer Health),J Chin Med Assoc,2
Ovid Technologies (Wolters Kluwer Health),J Clin Gastroenterol,2
Ovid Technologies (Wolters Kluwer Health),J Clin Psychopharmacol,1
Ovid Technologies (Wolters Kluwer Health),J Craniofac Surg,2
Ovid Technologies (Wolters Kluwer Health),J Hypertens,5
Ovid Technologies (Wolters Kluwer Health),J Immunother,14
Ovid Technologies (Wolters Kluwer Health),J Neuroophthalmol,1
Ovid Technologies (Wolters Kluwer Health),J Pediatr Hematol Oncol,1
Ovid Technologies (Wolters Kluwer Health),J Pediatr Orthop,1
Ovid Technologies (Wolters Kluwer Health),J Trauma,8
Ovid Technologies (Wolters Kluwer Health),J Trauma Acute Care Surg,7
Ovid Technologies (Wolters Kluwer Health),J Urol,9
Ovid Technologies (Wolters Kluwer Health),JBI Libr Syst Rev,1
Ovid Technologies (Wolters Kluwer Health),Kidney360,2
Ovid Technologies (Wolters Kluwer Health),Liver Transpl,7
Ovid Technologies (Wolters Kluwer Health),Med Sci Sports Exerc,8
Ovid Technologies (Wolters Kluwer Health),Medicine (Baltimore),12
Ovid Technologies (Wolters Kluwer Health),Melanoma Res,4
Ovid Technologies (Wolters Kluwer Health),Menopause,3
Ovid Technologies (Wolters Kluwer Health),Mod Pathol,1
Ovid Technologies (Wolters Kluwer Health),Neurol Genet,2
Ovid Technologies (Wolters Kluwer Health),Neurol Neuroimmunol Neuroinflamm,8
Ovid Technologies (Wolters Kluwer Health),Neurology,22
Ovid Technologies (Wolters Kluwer Health),Neuroreport,29
Ovid Technologies (Wolters Kluwer Health),Neurosurgery,4
Ovid Technologies (Wolters Kluwer Health),Obstet Gynecol,2
Ovid Technologies (Wolters Kluwer Health),Optom Vis Sci,1
Ovid Technologies (Wolters Kluwer Health),Otol Neurotol,1
Ovid Technologies (Wolters Kluwer Health),Pain,16
Ovid Technologies (Wolters Kluwer Health),Pancreas,18
Ovid Technologies (Wolters Kluwer Health),Pediatr Infect Dis J,2
Ovid Technologies (Wolters Kluwer Health),Pharmacogenet Genomics,4
Ovid Technologies (Wolters Kluwer Health),Pharmacogenetics,3
Ovid Technologies (Wolters Kluwer Health),Plast Reconstr Surg,8
Ovid Technologies (Wolters Kluwer Health),Psychiatr Genet,4
Ovid Technologies (Wolters Kluwer Health),Psychosom Med,2
Ovid Technologies (Wolters Kluwer Health),Sex Transm Dis,1
Ovid Technologies (Wolters Kluwer Health),Shock,38
Ovid Technologies (Wolters Kluwer Health),Spine (Phila Pa 1976),8
Ovid Technologies (Wolters Kluwer Health),Stroke,9
Ovid Technologies (Wolters Kluwer Health),Ther Drug Monit,1
Ovid Technologies (Wolters Kluwer Health),Transplantation,45
Oxford University Press (OUP),Alcohol Alcohol,4
Oxford University Press (OUP),Am J Clin Pathol,11
Oxford University Press (OUP),Am J Health Syst Pharm,1
Oxford University Press (OUP),Am J Hypertens,2
Oxford University Press (OUP),Ann Bot,13
Oxford University Press (OUP),BJS Open,1
Oxford University Press (OUP),Bioinformatics,100
Oxford University Press (OUP),Biol Methods Protoc,1
Oxford University Press (OUP),Biol Reprod,101
Oxford University Press (OUP),Biometrics,1
Oxford University Press (OUP),Biosci Biotechnol Biochem,27
Oxford University Press (OUP),Biostatistics,2
Oxford University Press (OUP),Br J Dermatol,21
Oxford University Press (OUP),Br J Radiol,1
Oxford University Press (OUP),Br J Surg,1
Oxford University Press (OUP),Brain,50
Oxford University Press (OUP),Brain Commun,1
Oxford University Press (OUP),Brief Bioinform,20
Oxford University Press (OUP),Brief Funct Genomic Proteomic,3
Oxford University Press (OUP),Brief Funct Genomics,1
Oxford University Press (OUP),Carcinogenesis,75
Oxford University Press (OUP),Cardiovasc Res,78
Oxford University Press (OUP),Cereb Cortex,22
Oxford University Press (OUP),Chem Senses,7
Oxford University Press (OUP),Clin Chem,24
Oxford University Press (OUP),Clin Exp Dermatol,2
Oxford University Press (OUP),Clin Exp Immunol,63
Oxford University Press (OUP),Clin Infect Dis,5
Oxford University Press (OUP),Clin Kidney J,1
Oxford University Press (OUP),DNA Res,5
Oxford University Press (OUP),Database (Oxford),10
Oxford University Press (OUP),Dis Esophagus,1
Oxford University Press (OUP),Environ Entomol,2
Oxford University Press (OUP),Environ Epigenet,1
Oxford University Press (OUP),Eur Heart J,6
Oxford University Press (OUP),Eur J Cardiothorac Surg,4
Oxford University Press (OUP),Eur J Endocrinol,8
Oxford University Press (OUP),Eur J Prev Cardiol,1
Oxford University Press (OUP),Europace,1
Oxford University Press (OUP),FEMS Immunol Med Microbiol,12
Oxford University Press (OUP),FEMS Microbes,1
Oxford University Press (OUP),FEMS Microbiol Ecol,15
Oxford University Press (OUP),FEMS Microbiol Lett,65
Oxford University Press (OUP),FEMS Microbiol Rev,1
Oxford University Press (OUP),FEMS Yeast Res,24
Oxford University Press (OUP),Function (Oxf),1
Oxford University Press (OUP),G3 (Bethesda),54
Oxford University Press (OUP),Genetics,172
Oxford University Press (OUP),Genome Biol Evol,28
Oxford University Press (OUP),Genomics Proteomics Bioinformatics,9
Oxford University Press (OUP),Gigascience,1
Oxford University Press (OUP),Glycobiology,86
Oxford University Press (OUP),Hortic Res,13
Oxford University Press (OUP),Hum Mol Genet,251
Oxford University Press (OUP),Hum Reprod,39
Oxford University Press (OUP),ILAR J,1
Oxford University Press (OUP),ISME J,18
Oxford University Press (OUP),Inflamm Bowel Dis,20
Oxford University Press (OUP),Int Immunol,50
Oxford University Press (OUP),Int J Epidemiol,2
Oxford University Press (OUP),Int J Neuropsychopharmacol,7
Oxford University Press (OUP),Integr Biol (Camb),17
Oxford University Press (OUP),Integr Comp Biol,4
Oxford University Press (OUP),J AOAC Int,1
Oxford University Press (OUP),J Anal Toxicol,1
Oxford University Press (OUP),J Anim Sci,22
Oxford University Press (OUP),J Antimicrob Chemother,41
Oxford University Press (OUP),J Appl Lab Med,2
Oxford University Press (OUP),J Appl Microbiol,18
Oxford University Press (OUP),J Biochem,86
Oxford University Press (OUP),J Bone Miner Res,38
Oxford University Press (OUP),J Burn Care Res,1
Oxford University Press (OUP),J Chromatogr Sci,3
Oxford University Press (OUP),J Crohns Colitis,16
Oxford University Press (OUP),J Econ Entomol,5
Oxford University Press (OUP),J Evol Biol,3
Oxford University Press (OUP),J Exp Bot,133
Oxford University Press (OUP),J Gerontol A Biol Sci Med Sci,15
Oxford University Press (OUP),J Hered,4
Oxford University Press (OUP),J Ind Microbiol Biotechnol,17
Oxford University Press (OUP),J Infect Dis,51
Oxford University Press (OUP),J Insect Sci,11
Oxford University Press (OUP),J Leukoc Biol,79
Oxford University Press (OUP),J Med Entomol,4
Oxford University Press (OUP),J Mol Cell Biol,24
Oxford University Press (OUP),J Natl Cancer Inst,28
Oxford University Press (OUP),J Neuropathol Exp Neurol,38
Oxford University Press (OUP),J Pediatr Psychol,2
Oxford University Press (OUP),J Pharm Pharmacol,15
Oxford University Press (OUP),J Radiat Res,5
Oxford University Press (OUP),J Sex Med,3
Oxford University Press (OUP),JNCI Cancer Spectr,1
Oxford University Press (OUP),Jpn J Clin Oncol,1
Oxford University Press (OUP),Lett Appl Microbiol,8
Oxford University Press (OUP),Life Metab,1
Oxford University Press (OUP),Math Med Biol,3
Oxford University Press (OUP),Med Mycol,15
Oxford University Press (OUP),Metallomics,47
Oxford University Press (OUP),Microsc Microanal,5
Oxford University Press (OUP),Mil Med,1
Oxford University Press (OUP),Mod Rheumatol,2
Oxford University Press (OUP),Mol Biol Evol,69
Oxford University Press (OUP),Mol Hum Reprod,29
Oxford University Press (OUP),Mutagenesis,8
Oxford University Press (OUP),NAR Cancer,2
Oxford University Press (OUP),NAR Genom Bioinform,1
Oxford University Press (OUP),Natl Sci Rev,2
Oxford University Press (OUP),Nephrol Dial Transplant,22
Oxford University Press (OUP),Neuro Oncol,23
Oxford University Press (OUP),Neurooncol Adv,1
Oxford University Press (OUP),Nucleic Acids Res,920
Oxford University Press (OUP),Nucleic Acids Res Suppl,1
Oxford University Press (OUP),Nucleic Acids Symp Ser,1
Oxford University Press (OUP),Nucleic Acids Symp Ser (Oxf),12
Oxford University Press (OUP),Oncologist,1
Oxford University Press (OUP),Open Forum Infect Dis,1
Oxford University Press (OUP),Pain Med,2
Oxford University Press (OUP),Pathog Dis,4
Oxford University Press (OUP),Plant Cell,236
Oxford University Press (OUP),Plant Cell Physiol,132
Oxford University Press (OUP),Plant Physiol,345
Oxford University Press (OUP),Poult Sci,1
Oxford University Press (OUP),Protein Cell,24
Oxford University Press (OUP),Protein Eng,22
Oxford University Press (OUP),Protein Eng Des Sel,19
Oxford University Press (OUP),QJM,2
Oxford University Press (OUP),Radiat Prot Dosimetry,3
Oxford University Press (OUP),Rheumatology (Oxford),31
Oxford University Press (OUP),Schizophr Bull,5
Oxford University Press (OUP),Sleep,3
Oxford University Press (OUP),Soc Cogn Affect Neurosci,1
Oxford University Press (OUP),Stem Cells,50
Oxford University Press (OUP),Stem Cells Transl Med,3
Oxford University Press (OUP),Syst Biol,1
Oxford University Press (OUP),Toxicol Res (Camb),1
Oxford University Press (OUP),Toxicol Sci,65
Oxford University Press (OUP),Tree Physiol,15
PAGEPress Publications,Arch Ital Urol Androl,1
PAGEPress Publications,Eur J Histochem,11
PAGEPress Publications,Eur J Transl Myol,1
PAGEPress Publications,Pediatr Med Chir,1
PAGEPress Publications,Reumatismo,1
Paediatrician Publishers LLC,Vestn Ross Akad Med Nauk,4
Pakistan Medical Association,J Pak Med Assoc,1
Pan African Medical Journal,Pan Afr Med J,1
"Parenteral Drug Association, Inc.",PDA J Pharm Sci Technol,1
PeerJ,PeerJ,32
Pensoft Publishers,Folia Med (Plovdiv),1
Pharmaceutical Society of Japan,Biol Pharm Bull,57
Pharmaceutical Society of Japan,Chem Pharm Bull (Tokyo),14
Pharmaceutical Society of Japan,Yakugaku Zasshi,1
Pisa University Press,Arch Ital Biol,1
Pleiades Publishing Ltd,Biochemistry (Mosc),72
Pleiades Publishing Ltd,Biofizika,26
Pleiades Publishing Ltd,Bioorg Khim,11
Pleiades Publishing Ltd,Dokl Biochem Biophys,23
Pleiades Publishing Ltd,Dokl Biol Sci,2
Pleiades Publishing Ltd,Genetika,1
Pleiades Publishing Ltd,Mol Biol,1
Pleiades Publishing Ltd,Mol Biol (Mosk),2
Pleiades Publishing Ltd,Prikl Biokhim Mikrobiol,7
Pleiades Publishing Ltd,Russ J Gen Chem,1
Pleiades Publishing Ltd,Tsitologiia,26
Polish Academy of Sciences Chancellery,Pol J Vet Sci,4
Polish Pharmaceutical Society,Acta Pol Pharm,3
Polish Society of Microbiologists,Pol J Microbiol,1
Polskie Towarzystwo Biochemiczne (Polish Biochemical Society),Postepy Biochem,1
Polskie Towarzystwo Kardiologiczne,Kardiol Pol,1
Portico,Eur J Morphol,1
Portico,Methods Find Exp Clin Pharmacol,1
Portland Press Ltd.,Biochem J,436
Portland Press Ltd.,Biochem Soc Symp,3
Portland Press Ltd.,Biochem Soc Trans,48
Portland Press Ltd.,Biosci Rep,46
Portland Press Ltd.,Clin Sci (Lond),22
Portland Press Ltd.,Emerg Top Life Sci,4
Portland Press Ltd.,Essays Biochem,4
Proceedings of the National Academy of Sciences,Autophagy,1
Proceedings of the National Academy of Sciences,Proc Natl Acad Sci U S A,2000
Public Library of Science (PLoS),PLOS Digit Health,1
Public Library of Science (PLoS),PLoS Biol,111
Public Library of Science (PLoS),PLoS Comput Biol,152
Public Library of Science (PLoS),PLoS Genet,292
Public Library of Science (PLoS),PLoS Med,4
Public Library of Science (PLoS),PLoS Negl Trop Dis,41
Public Library of Science (PLoS),PLoS One,2300
Public Library of Science (PLoS),PLoS Pathog,281
"Publicidad Permanyer, SLU",Bol Med Hosp Infant Mex,1
"Publicidad Permanyer, SLU",Gac Med Mex,2
Publishing House OKI,Antibiot Khimioter,2
Quintessence Publishing,Int J Oral Maxillofac Implants,1
Quintessence Publishing,J Orofac Pain,1
Radiation Research Society,Radiat Res,23
Research Square Platform LLC,Res Sq,9
Rockefeller University Press,J Cell Biol,443
Rockefeller University Press,J Exp Med,125
Rockefeller University Press,J Gen Physiol,34
Romanian Society of Gastroenterology and Hepatology,J Gastrointestin Liver Dis,1
Royal College of Psychiatrists,Eur Psychiatry,2
Royal Society of Chemistry (RSC),Anal Methods,3
Royal Society of Chemistry (RSC),Analyst,50
Royal Society of Chemistry (RSC),Biomater Sci,17
Royal Society of Chemistry (RSC),Chem Commun (Camb),64
Royal Society of Chemistry (RSC),Chem Sci,20
Royal Society of Chemistry (RSC),Chem Soc Rev,1
Royal Society of Chemistry (RSC),Dalton Trans,89
Royal Society of Chemistry (RSC),Faraday Discuss,5
Royal Society of Chemistry (RSC),Food Funct,30
Royal Society of Chemistry (RSC),Inorg Chem Front,1
Royal Society of Chemistry (RSC),J Environ Monit,1
Royal Society of Chemistry (RSC),J Mater Chem B,22
Royal Society of Chemistry (RSC),Lab Chip,30
Royal Society of Chemistry (RSC),Mater Horiz,1
Royal Society of Chemistry (RSC),Mol Biosyst,85
Royal Society of Chemistry (RSC),Mol Omics,1
Royal Society of Chemistry (RSC),Nanoscale,35
Royal Society of Chemistry (RSC),Nanoscale Adv,3
Royal Society of Chemistry (RSC),Nanoscale Horiz,1
Royal Society of Chemistry (RSC),Org Biomol Chem,37
Royal Society of Chemistry (RSC),Phys Chem Chem Phys,97
Royal Society of Chemistry (RSC),RSC Adv,7
Royal Society of Chemistry (RSC),RSC Chem Biol,5
Royal Society of Chemistry (RSC),Soft Matter,16
S. Karger AG,Acta Haematol,2
S. Karger AG,Am J Nephrol,2
S. Karger AG,Ann Nutr Metab,3
S. Karger AG,Audiol Neurootol,2
S. Karger AG,Biol Neonate,2
S. Karger AG,Blood Purif,3
S. Karger AG,Brain Behav Evol,3
S. Karger AG,Cardiorenal Med,1
S. Karger AG,Caries Res,1
S. Karger AG,Cell Physiol Biochem,83
S. Karger AG,Cells Tissues Organs,13
S. Karger AG,Cerebrovasc Dis,2
S. Karger AG,Cerebrovasc Dis Extra,1
S. Karger AG,Chemotherapy,1
S. Karger AG,Contrib Nephrol,1
S. Karger AG,Curr Probl Dermatol,1
S. Karger AG,Cytogenet Cell Genet,3
S. Karger AG,Cytogenet Genome Res,14
S. Karger AG,Dement Geriatr Cogn Disord,1
S. Karger AG,Dermatology,2
S. Karger AG,Dev Neurosci,3
S. Karger AG,Dig Dis,2
S. Karger AG,Endocr Dev,1
S. Karger AG,Eur Neurol,1
S. Karger AG,Eur Surg Res,4
S. Karger AG,Exp Nephrol,1
S. Karger AG,Gerontology,2
S. Karger AG,Gynecol Obstet Invest,1
S. Karger AG,Haemostasis,1
S. Karger AG,Horm Res,2
S. Karger AG,Horm Res Paediatr,5
S. Karger AG,Hum Hered,1
S. Karger AG,Int Arch Allergy Immunol,12
S. Karger AG,Intervirology,5
S. Karger AG,J Innate Immun,10
S. Karger AG,J Mol Microbiol Biotechnol,14
S. Karger AG,J Nutrigenet Nutrigenomics,1
S. Karger AG,J Vasc Res,10
S. Karger AG,Kidney Blood Press Res,5
S. Karger AG,Med Princ Pract,1
S. Karger AG,Microb Physiol,2
S. Karger AG,Mod Trends Pharmacopsychiatry,1
S. Karger AG,Mol Syndromol,1
S. Karger AG,Monogr Oral Sci,1
S. Karger AG,Neonatology,3
S. Karger AG,Nephron,5
S. Karger AG,Nephron Exp Nephrol,6
S. Karger AG,Nephron Physiol,2
S. Karger AG,Neurodegener Dis,4
S. Karger AG,Neuroendocrinology,7
S. Karger AG,Neuroimmunomodulation,8
S. Karger AG,Neurosignals,1
S. Karger AG,ORL J Otorhinolaryngol Relat Spec,2
S. Karger AG,Obes Facts,1
S. Karger AG,Oncology,3
S. Karger AG,Ophthalmic Res,2
S. Karger AG,Ophthalmologica,2
S. Karger AG,Pathobiology,3
S. Karger AG,Pathophysiol Haemost Thromb,2
S. Karger AG,Pharmacology,6
S. Karger AG,Respiration,2
S. Karger AG,Sex Dev,1
S. Karger AG,Skin Pharmacol Appl Skin Physiol,1
S. Karger AG,Skin Pharmacol Physiol,1
S. Karger AG,Transfus Med Hemother,1
S. Karger AG,Urol Int,1
S.C.  JURNALUL PENTRU MEDICINA SI VIATA S.R.L,J Med Life,6
SAGE Publications,Acupunct Med,1
SAGE Publications,Adv Dent Res,1
SAGE Publications,Am J Rhinol Allergy,4
SAGE Publications,Am J Sports Med,4
SAGE Publications,Anaesth Intensive Care,1
SAGE Publications,Angiology,1
SAGE Publications,Ann Clin Biochem,8
SAGE Publications,Ann Otol Rhinol Laryngol,7
SAGE Publications,Ann Pharmacother,1
SAGE Publications,Antivir Chem Chemother,3
SAGE Publications,Antivir Ther,3
SAGE Publications,Appl Spectrosc,2
SAGE Publications,Asia Pac J Public Health,1
SAGE Publications,Asian Cardiovasc Thorac Ann,1
SAGE Publications,Bioinform Biol Insights,2
SAGE Publications,Biol Res Nurs,1
SAGE Publications,Breast Cancer (Auckl),1
SAGE Publications,Cancer Control,1
SAGE Publications,Cartilage,2
SAGE Publications,Cell Transplant,7
SAGE Publications,Cephalalgia,1
SAGE Publications,Chronic Illn,1
SAGE Publications,Cleft Palate Craniofac J,1
SAGE Publications,Clin Appl Thromb Hemost,7
SAGE Publications,Eur J Mass Spectrom (Chichester),5
SAGE Publications,Eur J Ophthalmol,1
SAGE Publications,Eval Health Prof,1
SAGE Publications,Evol Bioinform Online,1
SAGE Publications,Food Sci Technol Int,1
SAGE Publications,Gene Regul Syst Bio,1
SAGE Publications,Genes Cancer,3
SAGE Publications,Hip Int,1
SAGE Publications,Hum Exp Toxicol,11
SAGE Publications,Innate Immun,8
SAGE Publications,Int J Artif Organs,3
SAGE Publications,Int J Biol Markers,1
SAGE Publications,Int J Immunopathol Pharmacol,12
SAGE Publications,Int J Psychiatry Med,2
SAGE Publications,Int J Surg Pathol,1
SAGE Publications,Int J Toxicol,1
SAGE Publications,Integr Cancer Ther,3
SAGE Publications,J Am Psychiatr Nurses Assoc,1
SAGE Publications,J Biol Rhythms,3
SAGE Publications,J Biomater Appl,2
SAGE Publications,J Cardiovasc Pharmacol Ther,4
SAGE Publications,J Cereb Blood Flow Metab,27
SAGE Publications,J Child Neurol,3
SAGE Publications,J Cutan Med Surg,1
SAGE Publications,J Dent Res,25
SAGE Publications,J Diabetes Sci Technol,3
SAGE Publications,J Endotoxin Res,5
SAGE Publications,J Endovasc Ther,1
SAGE Publications,J Histochem Cytochem,33
SAGE Publications,J Int Med Res,3
SAGE Publications,J Investig Med,2
SAGE Publications,J Nephrol,1
SAGE Publications,J Oncol Pharm Pract,1
SAGE Publications,J Orthop Surg (Hong Kong),2
SAGE Publications,J Otolaryngol Head Neck Surg,1
SAGE Publications,J Psychopharmacol,4
SAGE Publications,J Renin Angiotensin Aldosterone Syst,1
SAGE Publications,J Vet Diagn Invest,6
SAGE Publications,Lab Anim,3
SAGE Publications,Lupus,14
SAGE Publications,Mol Imaging,3
SAGE Publications,Mol Pain,9
SAGE Publications,Mult Scler,5
SAGE Publications,Nat Prod Commun,1
SAGE Publications,Neurorehabil Neural Repair,2
SAGE Publications,Neuroscientist,1
SAGE Publications,Pediatr Dev Pathol,2
SAGE Publications,Perfusion,1
SAGE Publications,Perspect Medicin Chem,1
SAGE Publications,Pharmacogn Mag,2
SAGE Publications,Sci Prog,1
SAGE Publications,Technol Cancer Res Treat,7
SAGE Publications,Ther Adv Cardiovasc Dis,1
SAGE Publications,Toxicol Ind Health,4
SAGE Publications,Toxicol Pathol,9
SAGE Publications,Tumori,1
SAGE Publications,Vasc Endovascular Surg,1
SAGE Publications,Vet Pathol,11
SAGE Publications,Waste Manag Res,1
SAGE Publications,Wilderness Environ Med,1
SPIE-Intl Soc Optical Eng,J Biomed Opt,13
Saint Petersburg Institute of Bioregulation and Gerontology,Adv Gerontol,2
SanovaWorks,J Drugs Dermatol,2
Saudi Medical Journal,Saudi Med J,2
SciELO Agencia Nacional de Investigacion y Desarrollo (ANID),Biol Res,2
SciELO Agencia Nacional de Investigacion y Desarrollo (ANID),Rev Med Chil,2
SciELO Espana/Repisalud,Rev Esp Enferm Dig,1
Science Alert,Pak J Biol Sci,4
"Science China Press., Co. Ltd.",Sci China C Life Sci,1
"Scientific Research Publishing, Inc.",Adv Biosci Biotechnol,1
"Scientific Research Publishing, Inc.",Am J Mol Biol,1
"Scientific Research Publishing, Inc.","Cellbio (Irvine, Calif)",1
"Scientific Research Publishing, Inc.",J Cancer Ther,1
Scientific Scholar,Indian J Dermatol Venereol Leprol,1
Scientific Scholar,Indian J Med Res,7
Scientific Scholar,Indian J Physiol Pharmacol,2
Scientific Societies,Mol Plant Microbe Interact,40
Scientific Societies,Phytopathology,13
Scientific Societies,Plant Dis,10
ScopeMed,Acta Inform Med,1
ScopeMed,J Adv Vet Anim Res,1
ScopeMed,Med Arch,1
ScopeMed,Open Vet J,1
Servier International,Heart Metab,1
Shared Science Publishers OG,Microb Cell,9
Sin-Chn Scientific Press Pte. Ltd (Singapore) (Publications),Mol Cell Biomech,1
Slovenian Chemical Society,Acta Chim Slov,2
Sociedad Espanola de Patologia Digestiva (SEPD),Rev Esp Enferm Dig,2
Sociedade Beneficente Israelita Brasileira Hospital Albert Einstein,Einstein (Sao Paulo),1
Societas Neurologica Japonica,Rinsho Shinkeigaku,2
Societatea Romana de Morfologie,Rom J Morphol Embryol,5
Society for Neuroscience,J Neurosci,376
Society for Neuroscience,eNeuro,19
Society of Nuclear Medicine,J Nucl Med,29
Society of Nuclear Medicine,J Nucl Med Technol,1
Solen s.r.o.,Vnitr Lek,1
South African Medical Association NPC,S Afr Med J,2
Spandidos Publications,Biomed Rep,1
Spandidos Publications,Exp Ther Med,25
Spandidos Publications,Int J Mol Med,98
Spandidos Publications,Int J Oncol,88
Spandidos Publications,Mol Med Rep,88
Spandidos Publications,Oncol Lett,19
Spandidos Publications,Oncol Rep,90
Springer Berlin Heidelberg,Adv Biochem Eng Biotechnol,1
Springer Berlin Heidelberg,Cancer Treat Res,1
Springer Berlin Heidelberg,Ernst Schering Res Found Workshop,1
Springer Berlin Heidelberg,Prog Mol Subcell Biol,2
Springer International Publishing,Adv Biochem Eng Biotechnol,1
Springer International Publishing,Adv Exp Med Biol,21
Springer International Publishing,Adv Neurobiol,1
Springer International Publishing,Curr Top Microbiol Immunol,2
Springer International Publishing,Exp Suppl,1
Springer International Publishing,Handb Exp Pharmacol,2
Springer International Publishing,JIMD Rep,1
Springer International Publishing,Prog Mol Subcell Biol,1
Springer International Publishing,Results Probl Cell Differ,1
Springer International Publishing,Subcell Biochem,6
Springer Japan,Adv Exp Med Biol,1
Springer Nature Switzerland,Adv Exp Med Biol,2
Springer Netherlands,Adv Exp Med Biol,4
Springer Netherlands,Met Ions Life Sci,3
Springer New York,Adv Exp Med Biol,13
Springer New York,Methods Mol Biol,357
Springer Science and Business Media LLC,3 Biotech,7
Springer Science and Business Media LLC,AAPS J,9
Springer Science and Business Media LLC,AAPS PharmSci,5
Springer Science and Business Media LLC,AAPS PharmSciTech,9
Springer Science and Business Media LLC,AMB Express,3
Springer Science and Business Media LLC,Acta Biol Hung,4
Springer Science and Business Media LLC,Acta Diabetol,4
Springer Science and Business Media LLC,Acta Neurochir (Wien),3
Springer Science and Business Media LLC,Acta Neurol Belg,2
Springer Science and Business Media LLC,Acta Neuropathol,37
Springer Science and Business Media LLC,Acta Neuropathol Commun,28
Springer Science and Business Media LLC,Acta Parasitol,3
Springer Science and Business Media LLC,Acta Pharmacol Sin,42
Springer Science and Business Media LLC,Acta Vet Scand,2
Springer Science and Business Media LLC,Adv Rheumatol,1
Springer Science and Business Media LLC,Age (Dordr),3
Springer Science and Business Media LLC,Alzheimers Res Ther,9
Springer Science and Business Media LLC,Amino Acids,37
Springer Science and Business Media LLC,Anal Bioanal Chem,54
Springer Science and Business Media LLC,Anal Sci,14
Springer Science and Business Media LLC,Anat Embryol (Berl),5
Springer Science and Business Media LLC,Angiogenesis,6
Springer Science and Business Media LLC,Ann Biomed Eng,11
Springer Science and Business Media LLC,Ann Hematol,8
Springer Science and Business Media LLC,Ann Surg Oncol,6
Springer Science and Business Media LLC,Antimicrob Resist Infect Control,2
Springer Science and Business Media LLC,Antonie Van Leeuwenhoek,9
Springer Science and Business Media LLC,Apoptosis,41
Springer Science and Business Media LLC,Appl Biochem Biotechnol,41
Springer Science and Business Media LLC,Appl Bioinformatics,1
Springer Science and Business Media LLC,Appl Microbiol Biotechnol,93
Springer Science and Business Media LLC,Arch Dermatol Res,12
Springer Science and Business Media LLC,Arch Environ Contam Toxicol,1
Springer Science and Business Media LLC,Arch Gynecol Obstet,5
Springer Science and Business Media LLC,Arch Microbiol,32
Springer Science and Business Media LLC,Arch Pharm Res,19
Springer Science and Business Media LLC,Arch Toxicol,24
Springer Science and Business Media LLC,Arch Virol,46
Springer Science and Business Media LLC,Arthritis Res,3
Springer Science and Business Media LLC,Arthritis Res Ther,38
Springer Science and Business Media LLC,BMC Anesthesiol,1
Springer Science and Business Media LLC,BMC Biochem,27
Springer Science and Business Media LLC,BMC Bioinformatics,110
Springer Science and Business Media LLC,BMC Biol,49
Springer Science and Business Media LLC,BMC Biophys,1
Springer Science and Business Media LLC,BMC Biotechnol,21
Springer Science and Business Media LLC,BMC Cancer,72
Springer Science and Business Media LLC,BMC Cardiovasc Disord,4
Springer Science and Business Media LLC,BMC Cell Biol,28
Springer Science and Business Media LLC,BMC Chem,1
Springer Science and Business Media LLC,BMC Complement Altern Med,12
Springer Science and Business Media LLC,BMC Complement Med Ther,3
Springer Science and Business Media LLC,BMC Dermatol,1
Springer Science and Business Media LLC,BMC Dev Biol,20
Springer Science and Business Media LLC,BMC Ecol Evol,1
Springer Science and Business Media LLC,BMC Endocr Disord,3
Springer Science and Business Media LLC,BMC Evol Biol,31
Springer Science and Business Media LLC,BMC Gastroenterol,5
Springer Science and Business Media LLC,BMC Genet,13
Springer Science and Business Media LLC,BMC Genom Data,1
Springer Science and Business Media LLC,BMC Genomics,205
Springer Science and Business Media LLC,BMC Immunol,18
Springer Science and Business Media LLC,BMC Infect Dis,16
Springer Science and Business Media LLC,BMC Med,3
Springer Science and Business Media LLC,BMC Med Genet,12
Springer Science and Business Media LLC,BMC Med Genomics,9
Springer Science and Business Media LLC,BMC Med Inform Decis Mak,1
Springer Science and Business Media LLC,BMC Microbiol,64
Springer Science and Business Media LLC,BMC Mol Biol,25
Springer Science and Business Media LLC,BMC Mol Cell Biol,5
Springer Science and Business Media LLC,BMC Musculoskelet Disord,4
Springer Science and Business Media LLC,BMC Nephrol,4
Springer Science and Business Media LLC,BMC Neurol,4
Springer Science and Business Media LLC,BMC Neurosci,34
Springer Science and Business Media LLC,BMC Ophthalmol,2
Springer Science and Business Media LLC,BMC Pediatr,1
Springer Science and Business Media LLC,BMC Pharmacol,2
Springer Science and Business Media LLC,BMC Pharmacol Toxicol,3
Springer Science and Business Media LLC,BMC Physiol,1
Springer Science and Business Media LLC,BMC Plant Biol,83
Springer Science and Business Media LLC,BMC Psychiatry,1
Springer Science and Business Media LLC,BMC Public Health,1
Springer Science and Business Media LLC,BMC Pulm Med,6
Springer Science and Business Media LLC,BMC Res Notes,20
Springer Science and Business Media LLC,BMC Struct Biol,23
Springer Science and Business Media LLC,BMC Syst Biol,74
Springer Science and Business Media LLC,BMC Urol,1
Springer Science and Business Media LLC,BMC Vet Res,9
Springer Science and Business Media LLC,BMC Womens Health,2
Springer Science and Business Media LLC,Basic Res Cardiol,11
Springer Science and Business Media LLC,Behav Brain Funct,1
Springer Science and Business Media LLC,Behav Genet,2
Springer Science and Business Media LLC,BioData Min,1
Springer Science and Business Media LLC,BioDrugs,1
Springer Science and Business Media LLC,Bioanal Rev,1
Springer Science and Business Media LLC,Biochem Genet,7
Springer Science and Business Media LLC,Biochemistry (Mosc),21
Springer Science and Business Media LLC,Biodegradation,3
Springer Science and Business Media LLC,Biogerontology,14
Springer Science and Business Media LLC,Biol Direct,8
Springer Science and Business Media LLC,Biol Futur,1
Springer Science and Business Media LLC,Biol Res,7
Springer Science and Business Media LLC,Biol Sex Differ,2
Springer Science and Business Media LLC,Biol Trace Elem Res,21
Springer Science and Business Media LLC,Biomark Res,4
Springer Science and Business Media LLC,Biomech Model Mechanobiol,2
Springer Science and Business Media LLC,Biomed Eng Online,3
Springer Science and Business Media LLC,Biomed Microdevices,2
Springer Science and Business Media LLC,Biometals,24
Springer Science and Business Media LLC,Biomol NMR Assign,37
Springer Science and Business Media LLC,Bioorg Khim,3
Springer Science and Business Media LLC,Biophys Rep,1
Springer Science and Business Media LLC,Biophys Rev,1
Springer Science and Business Media LLC,Bioprocess Biosyst Eng,8
Springer Science and Business Media LLC,Bioresour Bioprocess,1
Springer Science and Business Media LLC,Biotechnol Biofuels,3
Springer Science and Business Media LLC,Biotechnol Biofuels Bioprod,5
Springer Science and Business Media LLC,Biotechnol Lett,24
Springer Science and Business Media LLC,Blood Cancer J,3
Springer Science and Business Media LLC,Bone Marrow Transplant,4
Springer Science and Business Media LLC,Br J Cancer,68
Springer Science and Business Media LLC,Brain Cell Biol,1
Springer Science and Business Media LLC,Brain Struct Funct,21
Springer Science and Business Media LLC,Brain Topogr,1
Springer Science and Business Media LLC,Braz J Microbiol,2
Springer Science and Business Media LLC,Breast Cancer,2
Springer Science and Business Media LLC,Breast Cancer Res,31
Springer Science and Business Media LLC,Breast Cancer Res Treat,27
Springer Science and Business Media LLC,Bull Environ Contam Toxicol,3
Springer Science and Business Media LLC,Bull Exp Biol Med,54
Springer Science and Business Media LLC,Bull Math Biol,10
Springer Science and Business Media LLC,Calcif Tissue Int,11
Springer Science and Business Media LLC,Can J Anaesth,1
Springer Science and Business Media LLC,Cancer Cell Int,34
Springer Science and Business Media LLC,Cancer Chemother Pharmacol,13
Springer Science and Business Media LLC,Cancer Gene Ther,22
Springer Science and Business Media LLC,Cancer Immunol Immunother,23
Springer Science and Business Media LLC,Cancer Metab,2
Springer Science and Business Media LLC,Cardiovasc Diabetol,9
Springer Science and Business Media LLC,Cardiovasc Drugs Ther,4
Springer Science and Business Media LLC,Cardiovasc Toxicol,7
Springer Science and Business Media LLC,Cell Biochem Biophys,16
Springer Science and Business Media LLC,Cell Biol Toxicol,8
Springer Science and Business Media LLC,Cell Biosci,11
Springer Science and Business Media LLC,Cell Commun Signal,53
Springer Science and Business Media LLC,Cell Death Differ,113
Springer Science and Business Media LLC,Cell Death Dis,225
Springer Science and Business Media LLC,Cell Death Discov,16
Springer Science and Business Media LLC,Cell Discov,3
Springer Science and Business Media LLC,Cell Mol Bioeng,1
Springer Science and Business Media LLC,Cell Mol Biol Lett,20
Springer Science and Business Media LLC,Cell Mol Immunol,17
Springer Science and Business Media LLC,Cell Mol Life Sci,98
Springer Science and Business Media LLC,Cell Mol Neurobiol,30
Springer Science and Business Media LLC,Cell Oncol,1
Springer Science and Business Media LLC,Cell Oncol (Dordr),18
Springer Science and Business Media LLC,Cell Res,57
Springer Science and Business Media LLC,Cell Tissue Res,59
Springer Science and Business Media LLC,Cerebellum,2
Springer Science and Business Media LLC,Cerebrospinal Fluid Res,1
Springer Science and Business Media LLC,Chem Zvesti,1
Springer Science and Business Media LLC,Childs Nerv Syst,1
Springer Science and Business Media LLC,Chin J Integr Med,6
Springer Science and Business Media LLC,Chin Med,1
Springer Science and Business Media LLC,Chin Neurosurg J,1
Springer Science and Business Media LLC,Chirurg,1
Springer Science and Business Media LLC,Chromosoma,26
Springer Science and Business Media LLC,Chromosome Res,10
Springer Science and Business Media LLC,Clin Drug Investig,1
Springer Science and Business Media LLC,Clin Epigenetics,14
Springer Science and Business Media LLC,Clin Exp Med,2
Springer Science and Business Media LLC,Clin Exp Metastasis,10
Springer Science and Business Media LLC,Clin Oral Investig,4
Springer Science and Business Media LLC,Clin Pharmacokinet,2
Springer Science and Business Media LLC,Clin Proteomics,7
Springer Science and Business Media LLC,Clin Res Cardiol,1
Springer Science and Business Media LLC,Clin Res Cardiol Suppl,1
Springer Science and Business Media LLC,Clin Rev Allergy Immunol,1
Springer Science and Business Media LLC,Clin Rheumatol,4
Springer Science and Business Media LLC,Clin Transl Oncol,3
Springer Science and Business Media LLC,Commun Biol,86
Springer Science and Business Media LLC,Commun Chem,2
Springer Science and Business Media LLC,Crit Care,6
Springer Science and Business Media LLC,Cureus,1
Springer Science and Business Media LLC,Curr Atheroscler Rep,1
Springer Science and Business Media LLC,Curr Cardiol Rep,1
Springer Science and Business Media LLC,Curr Diab Rep,1
Springer Science and Business Media LLC,Curr Genet,31
Springer Science and Business Media LLC,Curr Med Sci,3
Springer Science and Business Media LLC,Curr Microbiol,27
Springer Science and Business Media LLC,Curr Rheumatol Rep,1
Springer Science and Business Media LLC,Cytotechnology,2
Springer Science and Business Media LLC,Daru,1
Springer Science and Business Media LLC,Dev Genes Evol,11
Springer Science and Business Media LLC,Diabetol Metab Syndr,2
Springer Science and Business Media LLC,Diabetologia,38
Springer Science and Business Media LLC,Diagn Pathol,3
Springer Science and Business Media LLC,Dig Dis Sci,26
Springer Science and Business Media LLC,Discov Oncol,1
Springer Science and Business Media LLC,Doc Ophthalmol,1
Springer Science and Business Media LLC,Dokl Biochem Biophys,4
Springer Science and Business Media LLC,Dokl Biol Sci,2
Springer Science and Business Media LLC,Drug Deliv Transl Res,6
Springer Science and Business Media LLC,Drugs Aging,1
Springer Science and Business Media LLC,EJNMMI Radiopharm Chem,1
Springer Science and Business Media LLC,EMBO J,540
Springer Science and Business Media LLC,EMBO Mol Med,29
Springer Science and Business Media LLC,EMBO Rep,148
Springer Science and Business Media LLC,EURASIP J Bioinform Syst Biol,1
Springer Science and Business Media LLC,Eat Weight Disord,1
Springer Science and Business Media LLC,Ecotoxicology,4
Springer Science and Business Media LLC,Endocr Pathol,2
Springer Science and Business Media LLC,Endocrine,10
Springer Science and Business Media LLC,Environ Health,1
Springer Science and Business Media LLC,Environ Sci Pollut Res Int,18
Springer Science and Business Media LLC,Epigenetics Chromatin,8
Springer Science and Business Media LLC,Eur Arch Otorhinolaryngol,4
Springer Science and Business Media LLC,Eur Arch Paediatr Dent,1
Springer Science and Business Media LLC,Eur Arch Psychiatry Clin Neurosci,2
Springer Science and Business Media LLC,Eur Biophys J,40
Springer Science and Business Media LLC,Eur Child Adolesc Psychiatry,1
Springer Science and Business Media LLC,Eur J Appl Physiol,6
Springer Science and Business Media LLC,Eur J Clin Microbiol Infect Dis,7
Springer Science and Business Media LLC,Eur J Clin Nutr,1
Springer Science and Business Media LLC,Eur J Clin Pharmacol,1
Springer Science and Business Media LLC,Eur J Drug Metab Pharmacokinet,1
Springer Science and Business Media LLC,Eur J Epidemiol,2
Springer Science and Business Media LLC,Eur J Health Econ,1
Springer Science and Business Media LLC,Eur J Hum Genet,30
Springer Science and Business Media LLC,Eur J Med Res,4
Springer Science and Business Media LLC,Eur J Nucl Med Mol Imaging,11
Springer Science and Business Media LLC,Eur J Nutr,8
Springer Science and Business Media LLC,Eur J Pediatr,2
Springer Science and Business Media LLC,Eur J Trauma Emerg Surg,1
Springer Science and Business Media LLC,Eur Phys J E Soft Matter,3
Springer Science and Business Media LLC,Eur Radiol,1
Springer Science and Business Media LLC,Evodevo,1
Springer Science and Business Media LLC,Exp Appl Acarol,7
Springer Science and Business Media LLC,Exp Brain Res,6
Springer Science and Business Media LLC,Exp Hematol Oncol,2
Springer Science and Business Media LLC,Exp Mol Med,52
Springer Science and Business Media LLC,Extremophiles,22
Springer Science and Business Media LLC,Eye (Lond),3
Springer Science and Business Media LLC,Eye Vis (Lond),1
Springer Science and Business Media LLC,Fam Cancer,1
Springer Science and Business Media LLC,Fibrogenesis Tissue Repair,1
Springer Science and Business Media LLC,Fish Physiol Biochem,10
Springer Science and Business Media LLC,Fluids Barriers CNS,4
Springer Science and Business Media LLC,Folia Microbiol (Praha),15
Springer Science and Business Media LLC,Forensic Sci Med Pathol,1
Springer Science and Business Media LLC,Front Med,1
Springer Science and Business Media LLC,Funct Integr Genomics,15
Springer Science and Business Media LLC,Gastric Cancer,4
Springer Science and Business Media LLC,Gene Ther,35
Springer Science and Business Media LLC,Genes Genomics,4
Springer Science and Business Media LLC,Genes Immun,16
Springer Science and Business Media LLC,Genet Sel Evol,4
Springer Science and Business Media LLC,Genet Vaccines Ther,1
Springer Science and Business Media LLC,Genetica,3
Springer Science and Business Media LLC,Genome Biol,55
Springer Science and Business Media LLC,Genome Med,4
Springer Science and Business Media LLC,Geroscience,3
Springer Science and Business Media LLC,Glycoconj J,22
Springer Science and Business Media LLC,Graefes Arch Clin Exp Ophthalmol,7
Springer Science and Business Media LLC,Gut Pathog,2
Springer Science and Business Media LLC,HNO,1
Springer Science and Business Media LLC,Hautarzt,1
Springer Science and Business Media LLC,Head Face Med,2
Springer Science and Business Media LLC,Heart Vessels,2
Springer Science and Business Media LLC,Hematol J,1
Springer Science and Business Media LLC,Hepatol Int,2
Springer Science and Business Media LLC,Hereditas,2
Springer Science and Business Media LLC,Heredity (Edinb),8
Springer Science and Business Media LLC,Herpesviridae,1
Springer Science and Business Media LLC,Hist Philos Life Sci,1
Springer Science and Business Media LLC,Histochem Cell Biol,38
Springer Science and Business Media LLC,Histochem J,2
Springer Science and Business Media LLC,Horm Cancer,3
Springer Science and Business Media LLC,Hormones (Athens),4
Springer Science and Business Media LLC,Hum Cell,10
Springer Science and Business Media LLC,Hum Genet,25
Springer Science and Business Media LLC,Hum Genomics,4
Springer Science and Business Media LLC,Hypertens Res,4
Springer Science and Business Media LLC,IMA Fungus,2
Springer Science and Business Media LLC,Immun Ageing,3
Springer Science and Business Media LLC,Immunogenetics,30
Springer Science and Business Media LLC,Immunol Res,7
Springer Science and Business Media LLC,In Silico Pharmacol,3
Springer Science and Business Media LLC,In Vitro Cell Dev Biol Anim,21
Springer Science and Business Media LLC,Indian J Microbiol,3
Springer Science and Business Media LLC,Indian J Virol,2
Springer Science and Business Media LLC,Infect Agent Cancer,1
Springer Science and Business Media LLC,Infection,1
Springer Science and Business Media LLC,Inflamm Res,20
Springer Science and Business Media LLC,Inflammation,21
Springer Science and Business Media LLC,Inflammopharmacology,6
Springer Science and Business Media LLC,Int J Behav Nutr Phys Act,1
Springer Science and Business Media LLC,Int J Biometeorol,2
Springer Science and Business Media LLC,Int J Clin Lab Res,1
Springer Science and Business Media LLC,Int J Colorectal Dis,6
Springer Science and Business Media LLC,Int J Gastrointest Cancer,1
Springer Science and Business Media LLC,Int J Hematol,9
Springer Science and Business Media LLC,Int J Legal Med,1
Springer Science and Business Media LLC,Int J Obes (Lond),11
Springer Science and Business Media LLC,Int J Oral Sci,3
Springer Science and Business Media LLC,Int J Pept Res Ther,2
Springer Science and Business Media LLC,Int Microbiol,7
Springer Science and Business Media LLC,Int Orthop,2
Springer Science and Business Media LLC,Int Urogynecol J Pelvic Floor Dysfunct,1
Springer Science and Business Media LLC,Int Urol Nephrol,4
Springer Science and Business Media LLC,Intensive Care Med,1
Springer Science and Business Media LLC,Interdiscip Sci,13
Springer Science and Business Media LLC,Intern Emerg Med,1
Springer Science and Business Media LLC,Invert Neurosci,1
Springer Science and Business Media LLC,Invest New Drugs,4
Springer Science and Business Media LLC,Ir J Med Sci,1
Springer Science and Business Media LLC,Ital J Pediatr,1
Springer Science and Business Media LLC,J Anesth,1
Springer Science and Business Media LLC,J Anim Sci Biotechnol,1
Springer Science and Business Media LLC,J Antibiot (Tokyo),10
Springer Science and Business Media LLC,J Appl Genet,4
Springer Science and Business Media LLC,J Assist Reprod Genet,3
Springer Science and Business Media LLC,J Assoc Res Otolaryngol,4
Springer Science and Business Media LLC,J Bioenerg Biomembr,51
Springer Science and Business Media LLC,J Biol,4
Springer Science and Business Media LLC,J Biol Eng,2
Springer Science and Business Media LLC,J Biol Inorg Chem,90
Springer Science and Business Media LLC,J Biol Phys,4
Springer Science and Business Media LLC,J Biomed Sci,40
Springer Science and Business Media LLC,J Biomed Semantics,1
Springer Science and Business Media LLC,J Biomol NMR,40
Springer Science and Business Media LLC,J Biosci,19
Springer Science and Business Media LLC,J Bone Miner Metab,6
Springer Science and Business Media LLC,J Cancer Res Clin Oncol,24
Springer Science and Business Media LLC,J Cardiothorac Surg,1
Springer Science and Business Media LLC,J Chem Ecol,9
Springer Science and Business Media LLC,J Clin Immunol,13
Springer Science and Business Media LLC,J Clin Monit Comput,2
Springer Science and Business Media LLC,J Community Genet,1
Springer Science and Business Media LLC,J Comp Physiol A Neuroethol Sens Neural Behav Physiol,3
Springer Science and Business Media LLC,J Comp Physiol B,4
Springer Science and Business Media LLC,J Comput Aided Mol Des,39
Springer Science and Business Media LLC,J Comput Neurosci,4
Springer Science and Business Media LLC,J Diabetes Metab Disord,1
Springer Science and Business Media LLC,J Endocrinol Invest,12
Springer Science and Business Media LLC,J Epidemiol Glob Health,1
Springer Science and Business Media LLC,J Exp Clin Cancer Res,75
Springer Science and Business Media LLC,J Expo Anal Environ Epidemiol,1
Springer Science and Business Media LLC,J Fluoresc,10
Springer Science and Business Media LLC,J Gastroenterol,5
Springer Science and Business Media LLC,J Gastrointest Cancer,4
Springer Science and Business Media LLC,J Genet,3
Springer Science and Business Media LLC,J Headache Pain,3
Springer Science and Business Media LLC,J Hematol Oncol,18
Springer Science and Business Media LLC,J Huazhong Univ Sci Technolog Med Sci,8
Springer Science and Business Media LLC,J Hum Genet,9
Springer Science and Business Media LLC,J Hum Hypertens,1
Springer Science and Business Media LLC,J Inflamm (Lond),3
Springer Science and Business Media LLC,J Inorg Organomet Polym Mater,1
Springer Science and Business Media LLC,J Interv Card Electrophysiol,1
Springer Science and Business Media LLC,J Mammary Gland Biol Neoplasia,1
Springer Science and Business Media LLC,J Mater Sci Mater Med,9
Springer Science and Business Media LLC,J Math Biol,8
Springer Science and Business Media LLC,J Maxillofac Oral Surg,1
Springer Science and Business Media LLC,J Membr Biol,23
Springer Science and Business Media LLC,J Microbiol,10
Springer Science and Business Media LLC,J Mol Evol,22
Springer Science and Business Media LLC,J Mol Histol,15
Springer Science and Business Media LLC,J Mol Med (Berl),30
Springer Science and Business Media LLC,J Mol Model,70
Springer Science and Business Media LLC,J Mol Neurosci,49
Springer Science and Business Media LLC,J Muscle Res Cell Motil,11
Springer Science and Business Media LLC,J Nanobiotechnology,13
Springer Science and Business Media LLC,J Nat Med,2
Springer Science and Business Media LLC,J Nephrol,3
Springer Science and Business Media LLC,J Neural Transm (Vienna),9
Springer Science and Business Media LLC,J Neurocytol,2
Springer Science and Business Media LLC,J Neuroimmune Pharmacol,16
Springer Science and Business Media LLC,J Neuroinflammation,55
Springer Science and Business Media LLC,J Neurol,10
Springer Science and Business Media LLC,J Neurooncol,14
Springer Science and Business Media LLC,J Neurovirol,22
Springer Science and Business Media LLC,J Orofac Orthop,1
Springer Science and Business Media LLC,J Orthop Surg Res,5
Springer Science and Business Media LLC,J Ovarian Res,6
Springer Science and Business Media LLC,J Perinatol,1
Springer Science and Business Media LLC,J Pharmacokinet Pharmacodyn,3
Springer Science and Business Media LLC,J Physiol Biochem,6
Springer Science and Business Media LLC,J Physiol Sci,4
Springer Science and Business Media LLC,J Plant Res,7
Springer Science and Business Media LLC,J Protein Chem,11
Springer Science and Business Media LLC,J Soc Gynecol Investig,2
Springer Science and Business Media LLC,J Struct Funct Genomics,11
Springer Science and Business Media LLC,J Thromb Thrombolysis,7
Springer Science and Business Media LLC,J Tongji Med Univ,1
Springer Science and Business Media LLC,J Transl Med,48
Springer Science and Business Media LLC,Jpn J Ophthalmol,2
Springer Science and Business Media LLC,Langenbecks Arch Surg,1
Springer Science and Business Media LLC,Lasers Med Sci,2
Springer Science and Business Media LLC,Leukemia,69
Springer Science and Business Media LLC,Lipids Health Dis,11
Springer Science and Business Media LLC,Lung,3
Springer Science and Business Media LLC,MAGMA,2
Springer Science and Business Media LLC,Malar J,19
Springer Science and Business Media LLC,Mamm Genome,15
Springer Science and Business Media LLC,Mar Biotechnol (NY),13
Springer Science and Business Media LLC,Med Biol Eng Comput,2
Springer Science and Business Media LLC,Med Microbiol Immunol,6
Springer Science and Business Media LLC,Med Mol Morphol,2
Springer Science and Business Media LLC,Med Oncol,12
Springer Science and Business Media LLC,Metab Brain Dis,17
Springer Science and Business Media LLC,Metabolomics,3
Springer Science and Business Media LLC,Microb Cell Fact,48
Springer Science and Business Media LLC,Microb Ecol,6
Springer Science and Business Media LLC,Microbiome,7
Springer Science and Business Media LLC,Mikrochim Acta,8
Springer Science and Business Media LLC,Mil Med Res,3
Springer Science and Business Media LLC,Mol Autism,9
Springer Science and Business Media LLC,Mol Biol Rep,75
Springer Science and Business Media LLC,Mol Biotechnol,31
Springer Science and Business Media LLC,Mol Brain,14
Springer Science and Business Media LLC,Mol Breed,1
Springer Science and Business Media LLC,Mol Cancer,60
Springer Science and Business Media LLC,Mol Cell Biochem,119
Springer Science and Business Media LLC,Mol Diagn Ther,2
Springer Science and Business Media LLC,Mol Divers,11
Springer Science and Business Media LLC,Mol Gen Genet,6
Springer Science and Business Media LLC,Mol Genet Genomics,52
Springer Science and Business Media LLC,Mol Imaging Biol,4
Springer Science and Business Media LLC,Mol Med,40
Springer Science and Business Media LLC,Mol Neurobiol,68
Springer Science and Business Media LLC,Mol Neurodegener,15
Springer Science and Business Media LLC,Mol Psychiatry,41
Springer Science and Business Media LLC,Mol Syst Biol,42
Springer Science and Business Media LLC,Mycopathologia,6
Springer Science and Business Media LLC,Mycorrhiza,1
Springer Science and Business Media LLC,Mycotoxin Res,1
Springer Science and Business Media LLC,NPJ Biofilms Microbiomes,1
Springer Science and Business Media LLC,NPJ Breast Cancer,1
Springer Science and Business Media LLC,NPJ Regen Med,1
Springer Science and Business Media LLC,NPJ Schizophr,1
Springer Science and Business Media LLC,NPJ Syst Biol Appl,4
Springer Science and Business Media LLC,Nanomicro Lett,1
Springer Science and Business Media LLC,Nanoscale Res Lett,3
Springer Science and Business Media LLC,Nat Aging,3
Springer Science and Business Media LLC,Nat Biomed Eng,1
Springer Science and Business Media LLC,Nat Biotechnol,39
Springer Science and Business Media LLC,Nat Cancer,5
Springer Science and Business Media LLC,Nat Cell Biol,170
Springer Science and Business Media LLC,Nat Chem,29
Springer Science and Business Media LLC,Nat Chem Biol,85
Springer Science and Business Media LLC,Nat Clin Pract Nephrol,1
Springer Science and Business Media LLC,Nat Commun,948
Springer Science and Business Media LLC,Nat Ecol Evol,2
Springer Science and Business Media LLC,Nat Genet,75
Springer Science and Business Media LLC,Nat Immunol,92
Springer Science and Business Media LLC,Nat Mater,6
Springer Science and Business Media LLC,Nat Med,53
Springer Science and Business Media LLC,Nat Metab,12
Springer Science and Business Media LLC,Nat Methods,37
Springer Science and Business Media LLC,Nat Microbiol,35
Springer Science and Business Media LLC,Nat Nanotechnol,7
Springer Science and Business Media LLC,Nat Neurosci,57
Springer Science and Business Media LLC,Nat Plants,27
Springer Science and Business Media LLC,Nat Protoc,52
Springer Science and Business Media LLC,Nat Rev Cancer,2
Springer Science and Business Media LLC,Nat Rev Drug Discov,2
Springer Science and Business Media LLC,Nat Rev Immunol,1
Springer Science and Business Media LLC,Nat Rev Microbiol,2
Springer Science and Business Media LLC,Nat Rev Mol Cell Biol,6
Springer Science and Business Media LLC,Nat Rev Neurosci,1
Springer Science and Business Media LLC,Nat Rev Rheumatol,2
Springer Science and Business Media LLC,Nat Rev Urol,1
Springer Science and Business Media LLC,Nat Struct Biol,50
Springer Science and Business Media LLC,Nat Struct Mol Biol,261
Springer Science and Business Media LLC,Nature,545
Springer Science and Business Media LLC,Naunyn Schmiedebergs Arch Pharmacol,20
Springer Science and Business Media LLC,Neotrop Entomol,2
Springer Science and Business Media LLC,Neural Dev,12
Springer Science and Business Media LLC,Neurochem Res,68
Springer Science and Business Media LLC,Neurocrit Care,1
Springer Science and Business Media LLC,Neurogenetics,6
Springer Science and Business Media LLC,Neuroinformatics,2
Springer Science and Business Media LLC,Neurol Sci,3
Springer Science and Business Media LLC,Neuromolecular Med,6
Springer Science and Business Media LLC,Neuropsychopharmacology,26
Springer Science and Business Media LLC,Neurosci Behav Physiol,8
Springer Science and Business Media LLC,Neurosci Bull,8
Springer Science and Business Media LLC,Neurotox Res,23
Springer Science and Business Media LLC,Nucl Recept,2
Springer Science and Business Media LLC,Nutr Metab (Lond),1
Springer Science and Business Media LLC,Obes Surg,1
Springer Science and Business Media LLC,Oncogene,447
Springer Science and Business Media LLC,Oncogenesis,2
Springer Science and Business Media LLC,Orig Life Evol Biosph,5
Springer Science and Business Media LLC,Orphanet J Rare Dis,9
Springer Science and Business Media LLC,Osteoporos Int,2
Springer Science and Business Media LLC,Parasit Vectors,37
Springer Science and Business Media LLC,Parasitol Res,45
Springer Science and Business Media LLC,Part Fibre Toxicol,3
Springer Science and Business Media LLC,Pathogenetics,1
Springer Science and Business Media LLC,Pathol Oncol Res,12
Springer Science and Business Media LLC,Pediatr Cardiol,4
Springer Science and Business Media LLC,Pediatr Nephrol,8
Springer Science and Business Media LLC,Pediatr Res,25
Springer Science and Business Media LLC,Pflugers Arch,47
Springer Science and Business Media LLC,Pharm Res,31
Springer Science and Business Media LLC,Pharmacogenomics J,4
Springer Science and Business Media LLC,Pharmacol Rep,11
Springer Science and Business Media LLC,Photochem Photobiol Sci,31
Springer Science and Business Media LLC,Photosynth Res,198
Springer Science and Business Media LLC,Physiol Mol Biol Plants,2
Springer Science and Business Media LLC,Pituitary,1
Springer Science and Business Media LLC,Plant Cell Rep,37
Springer Science and Business Media LLC,Plant Foods Hum Nutr,2
Springer Science and Business Media LLC,Plant Methods,2
Springer Science and Business Media LLC,Plant Mol Biol,78
Springer Science and Business Media LLC,Plant Reprod,2
Springer Science and Business Media LLC,Planta,77
Springer Science and Business Media LLC,Porcine Health Manag,1
Springer Science and Business Media LLC,Probiotics Antimicrob Proteins,7
Springer Science and Business Media LLC,Prostate Cancer Prostatic Dis,1
Springer Science and Business Media LLC,Protein Cell,1
Springer Science and Business Media LLC,Protein J,25
Springer Science and Business Media LLC,Proteome Sci,8
Springer Science and Business Media LLC,Protoplasma,18
Springer Science and Business Media LLC,Psychopharmacology (Berl),16
Springer Science and Business Media LLC,Purinergic Signal,3
Springer Science and Business Media LLC,Radiat Environ Biophys,2
Springer Science and Business Media LLC,Radiat Oncol,1
Springer Science and Business Media LLC,Reprod Biol Endocrinol,27
Springer Science and Business Media LLC,Reprod Sci,24
Springer Science and Business Media LLC,Respir Res,18
Springer Science and Business Media LLC,Retrovirology,31
Springer Science and Business Media LLC,Rheumatol Int,2
Springer Science and Business Media LLC,Rice (N Y),1
Springer Science and Business Media LLC,Scand J Trauma Resusc Emerg Med,1
Springer Science and Business Media LLC,Sci China C Life Sci,7
Springer Science and Business Media LLC,Sci China Life Sci,10
Springer Science and Business Media LLC,Sci Data,4
Springer Science and Business Media LLC,Sci Rep,1191
Springer Science and Business Media LLC,Signal Transduct Target Ther,11
Springer Science and Business Media LLC,Skelet Muscle,7
Springer Science and Business Media LLC,Spinal Cord,2
Springer Science and Business Media LLC,Springerplus,1
Springer Science and Business Media LLC,Stand Genomic Sci,2
Springer Science and Business Media LLC,Stem Cell Res Ther,17
Springer Science and Business Media LLC,Stem Cell Rev Rep,6
Springer Science and Business Media LLC,Strahlenther Onkol,2
Springer Science and Business Media LLC,Stress Biol,1
Springer Science and Business Media LLC,Struct Chem,1
Springer Science and Business Media LLC,Surg Endosc,2
Springer Science and Business Media LLC,Surg Today,1
Springer Science and Business Media LLC,Syst Parasitol,2
Springer Science and Business Media LLC,Target Oncol,1
Springer Science and Business Media LLC,Tech Coloproctol,1
Springer Science and Business Media LLC,Theor Appl Genet,12
Springer Science and Business Media LLC,Theor Biol Med Model,5
Springer Science and Business Media LLC,Theory Biosci,2
Springer Science and Business Media LLC,Thromb J,2
Springer Science and Business Media LLC,Tissue Eng Regen Med,1
Springer Science and Business Media LLC,Toxicol Res,1
Springer Science and Business Media LLC,Transgenic Res,11
Springer Science and Business Media LLC,Transl Neurodegener,1
Springer Science and Business Media LLC,Transl Psychiatry,23
Springer Science and Business Media LLC,Transl Stroke Res,2
Springer Science and Business Media LLC,Trop Anim Health Prod,3
Springer Science and Business Media LLC,Tumour Biol,45
Springer Science and Business Media LLC,Urol Res,1
Springer Science and Business Media LLC,Vet Res,4
Springer Science and Business Media LLC,Vet Res Commun,5
Springer Science and Business Media LLC,Virchows Arch,13
Springer Science and Business Media LLC,Virol J,45
Springer Science and Business Media LLC,Virus Genes,29
Springer Science and Business Media LLC,Virusdisease,1
Springer Science and Business Media LLC,Wien Klin Wochenschr,1
Springer Science and Business Media LLC,World J Microbiol Biotechnol,12
Springer Science and Business Media LLC,World J Pediatr,1
Springer Science and Business Media LLC,World J Surg Oncol,4
Springer Science and Business Media LLC,World J Urol,1
Springer Science and Business Media LLC,Z Rheumatol,1
Springer Singapore,Adv Exp Med Biol,1
Springer Singapore,Subcell Biochem,3
Springer US,Adv Exp Med Biol,16
Springer US,Methods Mol Biol,197
Springer Vienna,Acta Neurochir Suppl,1
Springer-Verlag,Adv Exp Med Biol,1
Stichting Nase,Rhinology,2
Swiss Chemical Society,Chimia (Aarau),4
Termedia Sp. z.o.o.,Arch Med Sci,2
Termedia Sp. z.o.o.,BioTechnologia (Pozn),1
Termedia Sp. z.o.o.,Cent Eur J Immunol,1
Termedia Sp. z.o.o.,Clin Exp Hepatol,1
Termedia Sp. z.o.o.,Folia Neuropathol,4
Termedia Sp. z.o.o.,Pol J Pathol,4
The American Association of Immunologists,Immunohorizons,8
The American Association of Immunologists,J Immunol,626
The American Mosquito Control Association,J Am Mosq Control Assoc,1
The Company of Biologists,Biol Open,31
The Company of Biologists,Development,262
The Company of Biologists,Dis Model Mech,34
The Company of Biologists,J Cell Sci,472
The Company of Biologists,J Exp Biol,36
The Endocrine Society,Endocrinology,162
The Endocrine Society,J Clin Endocrinol Metab,51
The Endocrine Society,J Endocr Soc,2
The Endocrine Society,Mol Endocrinol,133
The Japan Geriatrics Society,Nihon Ronen Igakkai Zasshi,1
The Japan Society of Coloproctology,J Anus Rectum Colon,1
The Japanese Association for Infectious Diseases,Kansenshogaku Zasshi,1
The Japanese Society of Applied Glycoscience,J Appl Glycosci (1999),1
"The Journal of Food and Drug Analysis (JFDA), Food and Drug Administration, Taiwan (TFDA)",J Food Drug Anal,1
The Journal of Rheumatology,J Rheumatol,12
"The Korean Academy of Asthma, Allergy and Clinical Immunology and The Korean Academy of Pediatric Al",Allergy Asthma Immunol Res,1
The Korean Nutrition Society and The Korean Society of Community Nutrition,Nutr Res Pract,1
The Korean Physiological Society and The Korean Society of Pharmacology,Korean J Physiol Pharmacol,4
The Korean Society for Brain and Neural Science,Exp Neurobiol,1
The Korean Society of Applied Pharmacology,Biomol Ther (Seoul),2
The Korean Society of Gastroenterology,Korean J Gastroenterol,1
The Korean Society of Neurogastroenterology and Motility,J Neurogastroenterol Motil,1
The Korean Society of Veterinary Science,J Vet Sci,4
The Korean Spinal Neurosurgery Society,Neurospine,1
The Korean Urological Association,Investig Clin Urol,1
"The Nencki Institute of Experimental Biology, Polish Academy of Sciences",Acta Neurobiol Exp (Wars),1
The Optical Society,Opt Express,1
The Royal Society,Biol Lett,3
The Royal Society,Interface Focus,1
The Royal Society,J R Soc Interface,25
The Royal Society,Open Biol,37
The Royal Society,Philos Trans A Math Phys Eng Sci,5
The Royal Society,Philos Trans R Soc Lond B Biol Sci,23
The Royal Society,Proc Biol Sci,5
The Royal Society,R Soc Open Sci,6
The Russian Academy of Sciences,Genetika,5
The Russian Academy of Sciences,Izv Akad Nauk Ser Biol,4
The Russian Academy of Sciences,Mol Biol (Mosk),5
The Russian Academy of Sciences,Radiats Biol Radioecol,2
The Russian Academy of Sciences,Ross Fiziol Zh Im I M Sechenova,5
The Russian Academy of Sciences,Zh Evol Biokhim Fiziol,3
The Russian Academy of Sciences,Zh Obshch Biol,1
The Scientific and Technological Research Council of Turkey (TUBITAK-ULAKBIM) - DIGITAL COMMONS JOURNALS,Turk J Biol,1
The Scientific and Technological Research Council of Turkey (TUBITAK-ULAKBIM) - DIGITAL COMMONS JOURNALS,Turk J Med Sci,3
"The Society for Antibacterial and Antifungal Agents, Japan",Biocontrol Sci,1
The Society for Free Radical Research Japan,J Clin Biochem Nutr,1
The Society for the Study of Evolution,Evolution,2
"The Stomatological Society, Japan",Kokubyo Gakkai Zasshi,1
Tohoku University Medical Press,Tohoku J Exp Med,9
Tottori University Faculty of Medicine,Yonago Acta Med,1
"Translational Medicine, University of Salerno",Transl Med UniSa,1
Triveni Enterprises,J Environ Biol,1
Turkish Neurosurgical Society,Turk Neurosurg,2
UPV/EHU Press,Int J Dev Biol,18
"Ubiquity Press, Ltd.",Glob Heart,1
Undersea and Hyperbaric Medical Society (UHMS),Undersea Hyperb Med,1
Universa BV,Acta Orthop Belg,1
Universidad Nacional de Cordoba,Rev Fac Cien Med Univ Nac Cordoba,1
Universidad del Zulia,Invest Clin,3
University of Chicago Press,Biol Bull,5
University of Chicago Press,Curr Anthropol,1
University of Chicago Press,Physiol Biochem Zool,6
University of Tokushima Faculty of Medicine,J Med Invest,2
Uniwersytet Przyrodniczy w Poznaniu (Poznan University of Life Sciences),Acta Sci Pol Technol Aliment,1
Update Medical Publishing,Hepatogastroenterology,9
Uppsala Medical Society,Ups J Med Sci,4
VM Media Group sp. z o.o,Folia Histochem Cytobiol,1
VM Media Group sp. z o.o,Folia Morphol (Warsz),2
VM Media SP. zo.o VM Group SK,Cardiol J,1
VM Media SP. zo.o VM Group SK,Endokrynol Pol,1
VM Media SP. zo.o VM Group SK,Folia Histochem Cytobiol,5
VM Media SP. zo.o VM Group SK,Ginekol Pol,3
Veterinary World,Vet World,2
WORLD SCIENTIFIC,Pac Symp Biocomput,2
Walter de Gruyter GmbH,Acta Parasitol,4
Walter de Gruyter GmbH,Acta Pharm,2
Walter de Gruyter GmbH,Arch Immunol Ther Exp (Warsz),5
Walter de Gruyter GmbH,Arh Hig Rada Toksikol,2
Walter de Gruyter GmbH,Biol Chem,57
Walter de Gruyter GmbH,Biomol Concepts,1
Walter de Gruyter GmbH,Cell Mol Biol Lett,4
Walter de Gruyter GmbH,Clin Chem Lab Med,20
Walter de Gruyter GmbH,Endocr Regul,2
Walter de Gruyter GmbH,Horm Mol Biol Clin Investig,1
Walter de Gruyter GmbH,Immunohematology,1
Walter de Gruyter GmbH,Interdiscip Toxicol,2
Walter de Gruyter GmbH,J Basic Clin Physiol Pharmacol,6
Walter de Gruyter GmbH,J Complement Integr Med,1
Walter de Gruyter GmbH,J Integr Bioinform,1
Walter de Gruyter GmbH,J Pediatr Endocrinol Metab,6
Walter de Gruyter GmbH,J Perinat Med,1
Walter de Gruyter GmbH,Open Med (Wars),4
Walter de Gruyter GmbH,Postepy Hig Med Dosw (Online),5
Walter de Gruyter GmbH,Radiol Oncol,1
Walter de Gruyter GmbH,Rom J Intern Med,1
Walter de Gruyter GmbH,Scand J Pain,1
Walter de Gruyter GmbH,Stat Appl Genet Mol Biol,3
Walter de Gruyter GmbH,Z Naturforsch C J Biosci,18
Wildlife Disease Association,J Wildl Dis,7
Wiley,ACR Open Rheumatol,1
Wiley,ANZ J Surg,2
Wiley,APMIS,10
Wiley,Acta Anaesthesiol Scand,2
Wiley,Acta Neurol Scand Suppl,1
Wiley,Acta Obstet Gynecol Scand,3
Wiley,Acta Ophthalmol,2
Wiley,Acta Ophthalmol Scand,1
Wiley,Acta Paediatr,1
Wiley,Acta Physiol (Oxf),11
Wiley,Acta Physiol Scand,2
Wiley,Addict Biol,2
Wiley,Adv Biol (Weinh),2
Wiley,Adv Biosyst,3
Wiley,Adv Funct Mater,2
Wiley,Adv Healthc Mater,24
Wiley,Adv Mater,17
Wiley,Adv Sci (Weinh),29
Wiley,Aging Cell,37
Wiley,Alcohol Clin Exp Res,17
Wiley,Aliment Pharmacol Ther,5
Wiley,Allergy,12
Wiley,Alzheimers Dement,6
Wiley,Alzheimers Dement (Amst),2
Wiley,Alzheimers Dement (N Y),1
Wiley,Am J Hematol,12
Wiley,Am J Hum Biol,1
Wiley,Am J Med Genet,1
Wiley,Am J Med Genet A,16
Wiley,Am J Med Genet B Neuropsychiatr Genet,2
Wiley,Am J Reprod Immunol,14
Wiley,Anat Histol Embryol,4
Wiley,Anat Rec,1
Wiley,Anat Rec (Hoboken),11
Wiley,Anat Rec A Discov Mol Cell Evol Biol,5
Wiley,Andrologia,2
Wiley,Andrology,6
Wiley,Angew Chem Int Ed Engl,116
Wiley,Angew Chem Weinheim Bergstr Ger,3
Wiley,Anim Genet,5
Wiley,Anim Sci J,5
Wiley,Animal Model Exp Med,1
Wiley,Ann Chim,1
Wiley,Ann Clin Transl Neurol,1
Wiley,Ann Hum Genet,3
Wiley,Ann N Y Acad Sci,51
Wiley,Ann Neurol,37
Wiley,Arch Insect Biochem Physiol,7
Wiley,Arch Pharm (Weinheim),7
Wiley,Arthritis Care Res (Hoboken),1
Wiley,Arthritis Rheum,70
Wiley,Arthritis Rheumatol,24
Wiley,Artif Organs,5
Wiley,Asia Pac Psychiatry,1
Wiley,Aust N Z J Obstet Gynaecol,3
Wiley,Aust Vet J,3
Wiley,Autism Res,4
Wiley,BJU Int,5
Wiley,Basic Clin Pharmacol Toxicol,5
Wiley,Biochem Mol Biol Educ,6
Wiley,Bioelectromagnetics,2
Wiley,Bioeng Transl Med,1
Wiley,Bioessays,24
Wiley,Biofactors,11
Wiley,Biol Cell,19
Wiley,Biomed Chromatogr,9
Wiley,Biomed Res Int,3
Wiley,Biopharm Drug Dispos,3
Wiley,Biopolymers,52
Wiley,Biotechnol Appl Biochem,25
Wiley,Biotechnol Bioeng,80
Wiley,Biotechnol J,18
Wiley,Biotechnol Prog,40
Wiley,Bipolar Disord,5
Wiley,Birth Defects Res,2
Wiley,Birth Defects Res A Clin Mol Teratol,1
Wiley,Birth Defects Res B Dev Reprod Toxicol,1
Wiley,Br J Clin Pharmacol,2
Wiley,Br J Haematol,49
Wiley,Br J Pharmacol,82
Wiley,Brain Behav,5
Wiley,Brain Pathol,14
Wiley,CNS Neurosci Ther,15
Wiley,CPT Pharmacometrics Syst Pharmacol,3
Wiley,Cancer,14
Wiley,Cancer Commun (Lond),3
Wiley,Cancer Med,30
Wiley,Cancer Rep (Hoboken),1
Wiley,Cancer Sci,57
Wiley,Catheter Cardiovasc Interv,1
Wiley,Cell Biochem Funct,24
Wiley,Cell Biol Int,49
Wiley,Cell Motil Cytoskeleton,26
Wiley,Cell Prolif,35
Wiley,Chem Asian J,12
Wiley,Chem Biodivers,20
Wiley,Chem Biol Drug Des,53
Wiley,Chem Rec,1
Wiley,ChemMedChem,49
Wiley,ChemSusChem,3
Wiley,Chembiochem,121
Wiley,Chemistry,96
Wiley,ChemistryOpen,2
Wiley,ChemistrySelect,1
Wiley,Chemphyschem,17
Wiley,Child Care Health Dev,1
Wiley,Chirality,3
Wiley,Clin Cardiol,2
Wiley,Clin Dev Immunol,1
Wiley,Clin Endocrinol (Oxf),10
Wiley,Clin Exp Allergy,16
Wiley,Clin Exp Neuroimmunol,1
Wiley,Clin Exp Ophthalmol,3
Wiley,Clin Exp Pharmacol Physiol,17
Wiley,Clin Genet,13
Wiley,Clin Implant Dent Relat Res,2
Wiley,Clin Oral Implants Res,2
Wiley,Clin Pharmacol Ther,8
Wiley,Clin Respir J,2
Wiley,Clin Transl Immunology,1
Wiley,Clin Transl Med,21
Wiley,Clin Transl Sci,3
Wiley,Colorectal Dis,1
Wiley,Compr Rev Food Sci Food Saf,3
Wiley,Contact Dermatitis,2
Wiley,Contrast Media Mol Imaging,1
Wiley,Curr Protoc,10
Wiley,Curr Protoc Bioinformatics,3
Wiley,Curr Protoc Cell Biol,6
Wiley,Curr Protoc Chem Biol,4
Wiley,Curr Protoc Cytom,3
Wiley,Curr Protoc Immunol,6
Wiley,Curr Protoc Mol Biol,9
Wiley,Curr Protoc Neurosci,2
Wiley,Curr Protoc Nucleic Acid Chem,2
Wiley,Curr Protoc Pharmacol,3
Wiley,Curr Protoc Plant Biol,1
Wiley,Curr Protoc Protein Sci,9
Wiley,Curr Protoc Toxicol,1
Wiley,Cytometry,4
Wiley,Cytometry A,21
Wiley,Cytometry B Clin Cytom,6
Wiley,Cytopathology,1
Wiley,Cytoskeleton (Hoboken),24
Wiley,Dev Dyn,53
Wiley,Dev Growth Differ,11
Wiley,Dev Neurobiol,14
Wiley,Dev Psychobiol,1
Wiley,Diabet Med,4
Wiley,Diabetes Metab Res Rev,2
Wiley,Diabetes Obes Metab,5
Wiley,Diagn Cytopathol,1
Wiley,Drug Dev Res,3
Wiley,Drug Test Anal,7
Wiley,ESC Heart Fail,2
Wiley,Ecol Evol,2
Wiley,Ecology,1
Wiley,Electrophoresis,86
Wiley,Endod Topics,1
Wiley,Environ Microbiol,56
Wiley,Environ Microbiol Rep,5
Wiley,Environ Mol Mutagen,11
Wiley,Environ Toxicol,15
Wiley,Environ Toxicol Chem,6
Wiley,Epilepsia,14
Wiley,Equine Vet J,3
Wiley,Eur J Biochem,117
Wiley,Eur J Clin Invest,10
Wiley,Eur J Haematol,9
Wiley,Eur J Heart Fail,3
Wiley,Eur J Immunogenet,2
Wiley,Eur J Immunol,117
Wiley,Eur J Neurol,3
Wiley,Eur J Neurosci,69
Wiley,Eur J Oral Sci,3
Wiley,Eur J Pain,4
Wiley,Eur J Sport Sci,2
Wiley,Evol Dev,10
Wiley,Evolution,11
Wiley,Exp Dermatol,32
Wiley,Exp Physiol,17
Wiley,FASEB Bioadv,3
Wiley,FASEB J,274
Wiley,FEBS J,277
Wiley,FEBS Lett,449
Wiley,FEBS Open Bio,26
Wiley,Food Sci Nutr,3
Wiley,Fundam Clin Pharmacol,6
Wiley,Genes Brain Behav,8
Wiley,Genes Cells,96
Wiley,Genes Chromosomes Cancer,18
Wiley,Genesis,23
Wiley,Genet Epidemiol,2
Wiley,Geobiology,2
Wiley,Geriatr Gerontol Int,1
Wiley,Glia,57
Wiley,Glob Chang Biol,1
Wiley,HLA,1
Wiley,Haemophilia,9
Wiley,Head Neck,5
Wiley,Headache,2
Wiley,Helicobacter,10
Wiley,Hematol Oncol,5
Wiley,Hepatol Res,4
Wiley,Hippocampus,11
Wiley,Histopathology,22
Wiley,Hum Brain Mapp,1
Wiley,IUBMB Life,30
Wiley,Immun Inflamm Dis,5
Wiley,Immunol Cell Biol,20
Wiley,Immunology,52
Wiley,Influenza Other Respir Viruses,1
Wiley,Insect Mol Biol,12
Wiley,Insect Sci,6
Wiley,Int Endod J,2
Wiley,Int Forum Allergy Rhinol,1
Wiley,Int J Androl,5
Wiley,Int J Cancer,119
Wiley,Int J Cosmet Sci,4
Wiley,Int J Dev Neurosci,12
Wiley,Int J Eat Disord,1
Wiley,Int J Exp Pathol,4
Wiley,Int J Gynaecol Obstet,2
Wiley,Int J Immunogenet,1
Wiley,Int J Lab Hematol,9
Wiley,Int J Numer Method Biomed Eng,3
Wiley,Int J Rheum Dis,2
Wiley,Int J Urol,1
Wiley,J Anat,9
Wiley,J Androl,5
Wiley,J Anim Breed Genet,2
Wiley,J Anim Physiol Anim Nutr (Berl),3
Wiley,J Appl Toxicol,10
Wiley,J Aquat Anim Health,3
Wiley,J Basic Microbiol,7
Wiley,J Biochem Mol Toxicol,30
Wiley,J Biomed Biotechnol,6
Wiley,J Biomed Mater Res A,42
Wiley,J Biomed Mater Res B Appl Biomater,12
Wiley,J Biophotonics,5
Wiley,J Cachexia Sarcopenia Muscle,10
Wiley,J Cardiovasc Electrophysiol,4
Wiley,J Cell Biochem,202
Wiley,J Cell Commun Signal,4
Wiley,J Cell Mol Med,90
Wiley,J Cell Physiol,182
Wiley,J Chem Technol Biotechnol,1
Wiley,J Clin Lab Anal,15
Wiley,J Clin Periodontol,2
Wiley,J Clin Pharmacol,2
Wiley,J Comp Neurol,87
Wiley,J Comput Chem,45
Wiley,J Cosmet Dermatol,4
Wiley,J Cutan Pathol,9
Wiley,J Dermatol,2
Wiley,J Diabetes,2
Wiley,J Diabetes Investig,3
Wiley,J Dig Dis,2
Wiley,J Environ Qual,3
Wiley,J Eukaryot Microbiol,7
Wiley,J Eur Acad Dermatol Venereol,4
Wiley,J Exp Ther Oncol,5
Wiley,J Exp Zool,5
Wiley,J Exp Zool A Comp Exp Biol,2
Wiley,J Exp Zool A Ecol Genet Physiol,2
Wiley,J Exp Zool A Ecol Integr Physiol,1
Wiley,J Exp Zool B Mol Dev Evol,7
Wiley,J Extracell Biol,1
Wiley,J Extracell Vesicles,13
Wiley,J Fish Biol,2
Wiley,J Fish Dis,4
Wiley,J Food Sci,20
Wiley,J Forensic Sci,1
Wiley,J Gastroenterol Hepatol,14
Wiley,J Gene Med,38
Wiley,J Hum Nutr Diet,1
Wiley,J Inherit Metab Dis,17
Wiley,J Integr Plant Biol,32
Wiley,J Intern Med,4
Wiley,J Invest Dermatol,1
Wiley,J Magn Reson Imaging,1
Wiley,J Mass Spectrom,12
Wiley,J Med Primatol,1
Wiley,J Med Virol,24
Wiley,J Microsc,6
Wiley,J Mol Recognit,49
Wiley,J Morphol,5
Wiley,J Neurobiol,7
Wiley,J Neurochem,301
Wiley,J Neuroendocrinol,10
Wiley,J Neurosci Res,83
Wiley,J Obstet Gynaecol Res,3
Wiley,J Ophthalmol,1
Wiley,J Oral Pathol Med,7
Wiley,J Oral Rehabil,1
Wiley,J Orthop Res,13
Wiley,J Paediatr Child Health,1
Wiley,J Pathol,53
Wiley,J Pathol Clin Res,1
Wiley,J Pediatr Gastroenterol Nutr,8
Wiley,J Pept Res,7
Wiley,J Pept Sci,19
Wiley,J Periodontal Res,12
Wiley,J Periodontol,2
Wiley,J Phycol,6
Wiley,J Physiol,79
Wiley,J Pineal Res,16
Wiley,J Public Health Dent,1
Wiley,J Raman Spectrosc,1
Wiley,J Sci Food Agric,28
Wiley,J Sep Sci,19
Wiley,J Sleep Res,1
Wiley,J Surg Oncol,1
Wiley,J Tissue Eng Regen Med,1
Wiley,J Vet Intern Med,2
Wiley,J Vet Med B Infect Dis Vet Public Health,3
Wiley,J Vet Pharmacol Ther,1
Wiley,J Viral Hepat,9
Wiley,JPEN J Parenter Enteral Nutr,2
Wiley,Jpn J Cancer Res,3
Wiley,Kaohsiung J Med Sci,7
Wiley,Laryngoscope,4
Wiley,Laryngoscope Investig Otolaryngol,1
Wiley,Lasers Surg Med,3
Wiley,Lipids,6
Wiley,Liver,2
Wiley,Liver Int,15
Wiley,Luminescence,9
Wiley,Macromol Biosci,24
Wiley,Macromol Rapid Commun,4
Wiley,Magn Reson Chem,3
Wiley,Magn Reson Med,3
Wiley,Med Phys,2
Wiley,Med Res Rev,1
Wiley,Med Vet Entomol,5
Wiley,MedComm (2020),2
Wiley,Mediators Inflamm,6
Wiley,Microb Biotechnol,7
Wiley,Microbiol Immunol,15
Wiley,Microbiologyopen,16
Wiley,Microsc Res Tech,7
Wiley,Mol Carcinog,49
Wiley,Mol Ecol,20
Wiley,Mol Ecol Resour,2
Wiley,Mol Genet Genomic Med,5
Wiley,Mol Inform,4
Wiley,Mol Microbiol,338
Wiley,Mol Nutr Food Res,15
Wiley,Mol Oncol,32
Wiley,Mol Oral Microbiol,5
Wiley,Mol Plant Pathol,38
Wiley,Mol Reprod Dev,56
Wiley,Mov Disord,11
Wiley,Muscle Nerve,16
Wiley,Mycoses,4
Wiley,NMR Biomed,2
Wiley,Nephrology (Carlton),6
Wiley,Neurogastroenterol Motil,6
Wiley,Neuropathol Appl Neurobiol,11
Wiley,Neuropathology,5
Wiley,Neurourol Urodyn,2
Wiley,New Phytol,114
Wiley,Novartis Found Symp,2
Wiley,Nutr Clin Pract,1
Wiley,Obes Res,3
Wiley,Obesity (Silver Spring),17
Wiley,Oral Dis,10
Wiley,Oral Microbiol Immunol,2
Wiley,Orthod Craniofac Res,1
Wiley,Orthop Surg,1
Wiley,Oxid Med Cell Longev,1
Wiley,PPAR Res,1
Wiley,Pacing Clin Electrophysiol,1
Wiley,Parasite Immunol,7
Wiley,Pathol Int,6
Wiley,Pediatr Allergy Immunol,7
Wiley,Pediatr Blood Cancer,1
Wiley,Pediatr Int,1
Wiley,Pediatr Transplant,3
Wiley,Pest Manag Sci,17
Wiley,Pharmacol Res Perspect,4
Wiley,Pharmacol Toxicol,2
Wiley,Photochem Photobiol,23
Wiley,Photodermatol Photoimmunol Photomed,1
Wiley,Physiol Plant,45
Wiley,Physiol Rep,29
Wiley,Phytochem Anal,2
Wiley,Phytother Res,19
Wiley,Pigment Cell Melanoma Res,14
Wiley,Pigment Cell Res,6
Wiley,Plant Biol (Stuttg),17
Wiley,Plant Biotechnol J,24
Wiley,Plant Cell Environ,47
Wiley,Plant Direct,2
Wiley,Plant Genome,1
Wiley,Plant J,240
Wiley,Prenat Diagn,3
Wiley,Proc Soc Exp Biol Med,1
Wiley,Prostate,29
Wiley,Protein Sci,247
Wiley,Proteins,271
Wiley,Proteomics,201
Wiley,Proteomics Clin Appl,16
Wiley,Psychiatry Clin Neurosci,2
Wiley,Pulm Circ,1
Wiley,Quant Biol,1
Wiley,Rapid Commun Mass Spectrom,56
Wiley,Reprod Domest Anim,16
Wiley,Respirology,2
Wiley,Scand J Immunol,36
Wiley,Scand J Med Sci Sports,1
Wiley,Scanning,1
Wiley,ScientificWorldJournal,2
Wiley,Small,20
Wiley,Small Methods,1
Wiley,Stat Med,1
Wiley,Synapse,8
Wiley,Teratog Carcinog Mutagen,1
Wiley,Ther Apher Dial,1
Wiley,Thorac Cancer,5
Wiley,Tissue Antigens,15
Wiley,Traffic,117
Wiley,Transfus Med,2
Wiley,Transfusion,14
Wiley,Trop Med Int Health,2
Wiley,Ultrasound Obstet Gynecol,1
Wiley,United European Gastroenterol J,1
Wiley,Vet Clin Pathol,1
Wiley,Vet Comp Oncol,3
Wiley,Vet Dermatol,3
Wiley,Vet Med Sci,1
Wiley,Vet Rec,4
Wiley,Vox Sang,10
Wiley,Water Environ Res,1
Wiley,Wien Med Wochenschr,1
Wiley,Wiley Interdiscip Rev RNA,1
Wiley,Wiley Interdiscip Rev Syst Biol Med,1
Wiley,World J Surg,4
Wiley,Wound Repair Regen,9
Wiley,Xenotransplantation,5
Wiley,Yeast,34
Wiley,Zoonoses Public Health,1
World Scientific Pub Co Pte Lt,Am J Chin Med,11
World Scientific Pub Co Pte Lt,J Bioinform Comput Biol,15
World Scientific Pub Co Pte Lt,J Integr Neurosci,1
World Scientific Pub Co Pte Ltd,Am J Chin Med,2
World Scientific Pub Co Pte Ltd,J Bioinform Comput Biol,3
Wroclaw Medical University,Adv Clin Exp Med,5
Wroclaw Medical University,Polim Med,1
XMLink,J Gynecol Oncol,1
XMLink,J Korean Med Sci,1
XMLink,J Vet Sci,2
XMLink,Yonsei Med J,3
Xia & He Publishing,Gene Expr,2
Xia & He Publishing,J Clin Transl Hepatol,3
Yale Journal of Biology and Medicine,Yale J Biol Med,2
Yonsei University College of Medicine,Yonsei Med J,5
Zhejiang University Press,J Zhejiang Univ Sci,1
Zhejiang University Press,J Zhejiang Univ Sci B,8
Zoological Research,Zool Res,3
Zoological Society of Japan,Zoolog Sci,11
e-Century Publishing Corporation,Am J Cancer Res,14
e-Century Publishing Corporation,Am J Transl Res,14
e-Century Publishing Corporation,Int J Biochem Mol Biol,2
e-Century Publishing Corporation,Int J Clin Exp Pathol,18
e-Century Publishing Corporation,Int J Physiol Pathophysiol Pharmacol,1
"eLife Sciences Publications, Ltd",Elife,379
