pmid,journal,doi,issn,publisher
15725418,Brain Res,10.1016/j.brainres.2004.11.056,0006-8993,Elsevier BV
18837167,Folia Microbiol (Praha),,0015-5632,Springer Science and Business Media LLC
34353416,Biomed Environ Sci,10.3967/bes2021.073,2214-0190,
17487399,Oncol Rep,,1021-335X,Spandidos Publications
12894873,Arch Immunol Ther Exp (Warsz),,0004-069X,Walter de Gruyter GmbH
19816148,Plant Signal Behav,10.1093/jxb/erp009,1559-2324,Informa UK Limited
15588140,Physiol Res,,0862-8408,Institute of Physiology of the Czech Academy of Sciences
25593506,Mol Vis,,1090-0535,
16448026,Proc IEEE Comput Syst Bioinform Conf,,1551-7497,
18357784,Ukr Biokhim Zh (1999),,,
15717629,Ren Fail,,0886-022X,Informa UK Limited
23705366,Zhong Yao Cai,,1001-4454,
12552230,Med Sci Monit,,1234-1010,"International Scientific Information, Inc."
18522317,Mikrobiologiia,,0026-3656,Akademizdatcenter Nauka
15730731,Zhonghua Nei Ke Za Zhi,,0578-1426,
19505049,Tsitologiia,,0041-3771,Pleiades Publishing Ltd
21090248,Mol Biol (Mosk),,0026-8984,Akademizdatcenter Nauka
18845083,Xi Bao Yu Fen Zi Mian Yi Xue Za Zhi,,1007-8738,
14607699,Hepatobiliary Pancreat Dis Int,,1499-3872,Elsevier BV
21870744,Rev Med Chir Soc Med Nat Iasi,,0048-7848,Grigore T. Popa University of Medicine and Pharmacy
30858298,J Bacteriol,10.1128/JB.00742-18,1098-5530,American Society for Microbiology
12591739,Cancer Res,,0008-5472,American Association for Cancer Research (AACR)
16736579,Wei Sheng Wu Xue Bao,,0001-6209,China Science Publishing & Media Ltd.
23967743,Zhonghua Gan Zang Bing Za Zhi,,1007-3418,
16083071,J Egypt Soc Parasitol,,1110-0583,Egypts Presidential Specialized Council for Education and Scientific Research
32269710,Am J Transl Res,,1943-8141,e-Century Publishing Corporation
22272439,Fiziol Zh (1994),,2522-9028,National Academy of Sciences of Ukraine (Co. LTD Ukrinformnauka)
22366279,J Struct Biol,10.1016/j.jsb.2012.02.004,1095-8657,Elsevier BV
11507035,Cancer Res,,0008-5472,American Association for Cancer Research (AACR)
17557508,Pediatr Med Chir,,0391-5387,PAGEPress Publications
23106891,Chin Med J (Engl),,2542-5641,Ovid Technologies (Wolters Kluwer Health)
28868265,Int J Mol Cell Med,,2251-9637,
24340612,Patol Fiziol Eksp Ter,,0031-2991,Cifra Ltd - Russian Agency for Digital Standardization (RADS)
23401660,Mol Vis,,1090-0535,
26927381,Xi Bao Yu Fen Zi Mian Yi Xue Za Zhi,,1007-8738,
15862139,Xi Bao Yu Fen Zi Mian Yi Xue Za Zhi,,1007-8738,
11522658,Cancer Res,,0008-5472,American Association for Cancer Research (AACR)
10892729,Electrophoresis,10.1002/1522-2683(20000601)21:11<2180::AID-ELPS2180>3.0.CO;2-#,0173-0835,Wiley
12429929,Cell Cycle,,1538-4101,Informa UK Limited
25427372,Radiats Biol Radioecol,,0869-8031,The Russian Academy of Sciences
33624481,Zhongguo Xiu Fu Chong Jian Wai Ke Za Zhi,10.7507/1002-1892.202005086,1002-1892,
35545358,Zhong Nan Da Xue Xue Bao Yi Xue Ban,10.11817/j.issn.1672-7347.2022.210244,1672-7347,
21700706,J Biol Chem,10.1074/jbc.M111.241760,1083-351X,Elsevier BV
25924424,Sichuan Da Xue Xue Bao Yi Xue Ban,,1672-173X,
12006994,Sheng Wu Hua Xue Yu Sheng Wu Wu Li Xue Bao (Shanghai),,0582-9879,
10631312,FEBS Lett,10.1016/s0014-5793(99)01733-0,0014-5793,Wiley
17094454,Anticancer Res,,0250-7005,Anticancer Research USA Inc.
16267391,Mol Cells,,1016-8478,Elsevier BV
31894109,J Biosci,,0973-7138,Springer Science and Business Media LLC
16954561,J Nucl Med,,0161-5505,Society of Nuclear Medicine
17786371,Oncol Rep,,1021-335X,Spandidos Publications
10949039,Mol Cell,,1097-2765,Elsevier BV
19140324,Mol Biol (Mosk),,0026-8984,Akademizdatcenter Nauka
12208749,Cancer Res,,0008-5472,American Association for Cancer Research (AACR)
18425351,Int J Mol Med,,1107-3756,Spandidos Publications
22582640,Guang Pu Xue Yu Guang Pu Fen Xi,,1000-0593,
22523288,In Vivo,,1791-7549,Anticancer Research USA Inc.
24461182,Zhongguo Dang Dai Er Ke Za Zhi,,1008-8830,
25638378,Neuro Endocrinol Lett,,0172-780X,
19499796,Sheng Wu Yi Xue Gong Cheng Xue Za Zhi,,1001-5515,
21045270,Dis Markers,10.3233/DMA-2010-0732,1875-8630,Hindawi Limited
24796740,Xi Bao Yu Fen Zi Mian Yi Xue Za Zhi,,1007-8738,
22489458,Wei Sheng Wu Xue Bao,,0001-6209,China Science Publishing & Media Ltd.
19404544,Thromb Haemost,,0340-6245,Georg Thieme Verlag KG
23106778,Curr Comput Aided Drug Des,,1875-6697,Bentham Science Publishers Ltd.
26045842,Int J Clin Exp Pathol,,1936-2625,e-Century Publishing Corporation
17003921,Thromb Haemost,,0340-6245,Georg Thieme Verlag KG
15665304,Cancer Res,,0008-5472,American Association for Cancer Research (AACR)
16865282,Int J Oncol,,1019-6439,Spandidos Publications
19338204,Ginekol Pol,,0017-0011,VM Media SP. zo.o VM Group SK
16476736,J Biol Chem,10.1074/jbc.M512502200,0021-9258,Elsevier BV
12765337,Mol Med,,1076-1551,Springer Science and Business Media LLC
16755512,Genet Mol Res,,1676-5680,Genetics and Molecular Research
25924081,Plant Signal Behav,10.1080/15592324.2015.1011937,1559-2324,Informa UK Limited
15601896,Mol Biol Cell,10.1091/mbc.e04-10-0927,1059-1524,American Society for Cell Biology (ASCB)
35082969,Oxid Med Cell Longev,10.1155/2022/6419695,1942-0994,Hindawi Limited
12516957,Mol Cancer Ther,,1535-7163,American Association for Cancer Research (AACR)
19236749,Zhongguo Shi Yan Xue Ye Xue Za Zhi,,1009-2137,
11038408,Exp Physiol,,0958-0670,Wiley
19462896,Sichuan Da Xue Xue Bao Yi Xue Ban,,1672-173X,
15999806,Novartis Found Symp,,1528-2511,
18353217,Zhonghua Yi Xue Za Zhi,,0376-2491,
16080574,Anticancer Res,,0250-7005,Anticancer Research USA Inc.
16869291,Ross Fiziol Zh Im I M Sechenova,,0869-8139,The Russian Academy of Sciences
20586271,Tsitologiia,,0041-3771,Pleiades Publishing Ltd
15862135,Xi Bao Yu Fen Zi Mian Yi Xue Za Zhi,,1007-8738,
20681117,J Reprod Fertil Suppl,,0449-3087,
11023518,Blood,,0006-4971,American Society of Hematology
10600643,Biochem J,,0264-6021,Portland Press Ltd.
16008886,Zhonghua Fu Chan Ke Za Zhi,,0529-567X,
28219860,Nan Fang Yi Ke Da Xue Xue Bao,10.3969/j.issn.1673-4254.2017.02.06,1673-4254,
15858238,Med Wieku Rozwoj,,,
35355481,Sheng Wu Gong Cheng Xue Bao,10.13345/j.cjb.210162,1872-2075,Elsevier BV
11195644,Avian Dis,,0005-2086,JSTOR
22882854,Chin Med J (Engl),,2542-5641,Ovid Technologies (Wolters Kluwer Health)
10839983,Biochem J,,0264-6021,Portland Press Ltd.
27667278,Zhonghua Xin Xue Guan Bing Za Zhi,10.3760/cma.j.issn.0253-3758.2016.09.011,0253-3758,
29466622,Indian J Exp Biol,,0019-5189,CSIR-National Institute of Science Communication and Policy Research (NIScPR)
17173247,J Nephrol,,1121-8428,Springer Science and Business Media LLC
37932063,Biomed Environ Sci,10.3967/bes2023.080,2214-0190,
17940570,Beijing Da Xue Xue Bao Yi Xue Ban,,1671-167X,
23113357,Mol Biol (Mosk),,0026-8984,Akademizdatcenter Nauka
10601551,Int J Oncol,,1019-6439,Spandidos Publications
17287171,Hepatobiliary Pancreat Dis Int,,1499-3872,Elsevier BV
19432234,Urologiia,,1728-2985,Bionika Media
16927838,Med Tr Prom Ekol,,1026-9428,FSBI Research Institute of Occupational Health RAMS
16244578,Exp Oncol,,1812-9269,National Academy of Sciences of Ukraine (Co. LTD Ukrinformnauka) (Publications)
11743114,Plant Physiol,,0032-0889,Oxford University Press (OUP)
19283668,Histol Histopathol,10.14670/HH-24.599,1699-5848,
17068635,Acta Biochim Pol,,0001-527X,Frontiers Media SA
17929631,Alaska Med,,0002-4538,
10768486,Membr Cell Biol,,1023-6597,
24060068,Zhonghua Bing Li Xue Za Zhi,10.3760/cma.j.issn.0529-5807.2013.06.003,0529-5807,
17706016,Folia Biol (Praha),,0015-5500,"Charles University in Prague, Karolinum Press"
15140942,Mol Cancer Res,,1541-7786,American Association for Cancer Research (AACR)
16328009,Int J Mol Med,,1107-3756,Spandidos Publications
12529757,Thromb Haemost,,0340-6245,Georg Thieme Verlag KG
24701830,Sheng Wu Gong Cheng Xue Bao,,1000-3061,
14577176,Ukr Biokhim Zh (1999),,,
11873944,Acta Med Okayama,10.18926/AMO/31727,0386-300X,
15736059,Histol Histopathol,10.14670/HH-20.537,0213-3911,
21539082,Morfologiia,,1026-3543,ECO-Vector LLC
15107609,Cell Cycle,,1538-4101,Informa UK Limited
17853694,Izv Akad Nauk Ser Biol,,1026-3470,The Russian Academy of Sciences
11110696,Blood,,0006-4971,American Society of Hematology
10994080,Tsitologiia,,0041-3771,Pleiades Publishing Ltd
22812098,Zhongguo Gu Shang,,1003-0034,
11866900,Zhonghua Bing Li Xue Za Zhi,,0529-5807,
15254699,Oncol Rep,,1021-335X,Spandidos Publications
23319881,Archaea,10.1155/2012/721869,1472-3654,Hindawi Limited
21880216,J Biol Regul Homeost Agents,,0393-974X,
32016997,Eur Rev Med Pharmacol Sci,10.26355/eurrev_202001_20075,2284-0729,
36325785,Zhongguo Yi Xue Ke Xue Yuan Xue Bao,10.3881/j.issn.1000.503X.14299,1000-503X,
16170383,Oncogene,10.1038/sj.onc.1208814,0950-9232,Springer Science and Business Media LLC
34150180,Am J Transl Res,,1943-8141,e-Century Publishing Corporation
34238413,Zhongguo Yi Xue Ke Xue Yuan Xue Bao,10.3881/j.issn.1000-503X.13096,1000-503X,
19942317,Neurobiol Aging,10.1016/j.neurobiolaging.2009.10.014,1558-1497,
12414630,Cancer Res,,0008-5472,American Association for Cancer Research (AACR)
31813137,Zhonghua Yi Xue Yi Chuan Xue Za Zhi,10.3760/cma.j.issn.1003-9406.2019.12.002,1003-9406,
16943765,Mol Vis,,1090-0535,
15816539,Anticancer Res,,0250-7005,Anticancer Research USA Inc.
19774823,Acta Orthop Belg,,0001-6462,Universa BV
10702521,Clin Chem,,0009-9147,Oxford University Press (OUP)
22303719,Zhongguo Zhong Xi Yi Jie He Za Zhi,,1003-5370,
25329104,Rom J Morphol Embryol,,2066-8279,Societatea Romana de Morfologie
33243860,Science,10.1126/science.abb5872,1095-9203,American Association for the Advancement of Science (AAAS)
22806202,World J Microbiol Biotechnol,10.1007/s11274-012-1087-1,1573-0972,Springer Science and Business Media LLC
38379415,Aging Cell,10.1111/acel.14098,1474-9726,Wiley
15329281,Zhonghua Yi Xue Za Zhi,,0376-2491,
12227070,Vopr Onkol,,0507-3758,Autonomous non-profit scientific and medical organization - Questions of Oncology
12917021,Ai Zheng,,,
15623929,Biomed Mater Eng,,0959-2989,IOS Press
18776994,Acta Biochim Biophys Sin (Shanghai),,1745-7270,China Science Publishing & Media Ltd.
12125819,J Mol Microbiol Biotechnol,,1464-1801,S. Karger AG
34204142,Molecules,10.3390/molecules26113449,1420-3049,MDPI AG
15543991,J Chromatogr A,,0021-9673,Elsevier BV
17564309,Res Commun Mol Pathol Pharmacol,,1078-0297,
19528482,Anticancer Res,,0250-7005,Anticancer Research USA Inc.
15507754,Jpn J Infect Dis,,1344-6304,"Editorial Committee of Japanese Journal of Infectious Diseases, National Institute of Infectious Dis"
17672125,Zh Mikrobiol Epidemiol Immunobiol,,0372-9311,Central Research Institute for Epidemiology
23923579,Indian J Biochem Biophys,,0301-1208,CSIR-National Institute of Science Communication and Policy Research (NIScPR)
11764210,J Rheumatol,,0315-162X,The Journal of Rheumatology
25011959,Zhong Nan Da Xue Xue Bao Yi Xue Ban,10.11817/j.issn.1672-7347.2014.06.001,1672-7347,
24818507,Tsitol Genet,,0564-3783,
24059064,Sheng Wu Yi Xue Gong Cheng Xue Za Zhi,,1001-5515,
11776306,Thromb Haemost,,0340-6245,Georg Thieme Verlag KG
18426644,Zhongguo Shi Yan Xue Ye Xue Za Zhi,,1009-2137,
26400522,Eur Rev Med Pharmacol Sci,,2284-0729,
14650189,Wei Sheng Yan Jiu,,1000-8020,
15773403,Zh Mikrobiol Epidemiol Immunobiol,,0372-9311,Central Research Institute for Epidemiology
15255289,J Exp Ther Oncol,,1359-4117,Wiley
30024692,Zhonghua Zheng Xing Wai Ke Za Zhi,,1009-4598,
15944936,Histol Histopathol,10.14670/HH-20.857,0213-3911,
29019189,Sheng Wu Gong Cheng Xue Bao,10.13345/j.cjb.160137,1000-3061,
21657027,Ying Yong Sheng Tai Xue Bao,,1001-9332,
27055303,Genetika,,0016-6758,Akademizdatcenter Nauka
23831369,Mol Biochem Parasitol,10.1016/j.molbiopara.2013.06.004,1872-9428,
37452627,J Inj Violence Res,10.5249/jivr.v15i2.1681,2008-4072,Journal of Injury and Violence Research
16329506,Guang Pu Xue Yu Guang Pu Fen Xi,,1000-0593,
16008045,Ned Tijdschr Geneeskd,,0028-2162,
10627463,Blood,,0006-4971,American Society of Hematology
17068624,Beijing Da Xue Xue Bao Yi Xue Ban,,1671-167X,
17924608,J Rheumatol,,0315-162X,The Journal of Rheumatology
19619414,Comp Med,,1532-0820,American Association for Laboratory Animal Science
18989529,Thromb Haemost,,0340-6245,Georg Thieme Verlag KG
18051523,Guang Pu Xue Yu Guang Pu Fen Xi,,1000-0593,
17518767,In Silico Biol,,1386-6338,IOS Press
11181928,J Pharmacol Exp Ther,,0022-3565,American Society for Pharmacology & Experimental Therapeutics (ASPET)
33244380,Gastroenterol Hepatol Bed Bench,,2008-2258,
23923649,Pharmazie,,0031-7144,
32786268,ACS Chem Biol,10.1021/acschembio.0c00419,1554-8937,American Chemical Society (ACS)
17327478,Exp Biol Med (Maywood),,1535-3702,Frontiers Media SA
23948918,J Alzheimers Dis,10.3233/JAD-130728,1875-8908,IOS Press
10848880,Clin Endocrinol (Oxf),,0300-0664,Wiley
21569681,Zhonghua Jie He He Hu Xi Za Zhi,10.3760/cma.j.issn1001-0939.2011.03.004,1001-0939,
12198371,Alcohol Clin Exp Res,10.1097/01.ALC.0000026830.27338.23,0145-6008,Wiley
12024954,Indian J Physiol Pharmacol,,0019-5499,Scientific Scholar
15989243,Wei Sheng Wu Xue Bao,,0001-6209,China Science Publishing & Media Ltd.
15065404,Zhongguo Xiu Fu Chong Jian Wai Ke Za Zhi,,1002-1892,
36483916,EXCLI J,10.17179/excli2022-5298,1611-2156,
11505033,Alcohol Clin Exp Res,,0145-6008,Wiley
11686325,Thromb Haemost,,0340-6245,Georg Thieme Verlag KG
18240571,Mol Biol (Mosk),,0026-8984,Akademizdatcenter Nauka
22041769,Trop Biomed,,2521-9855,Malaysian Society of Parasitology and Tropical Medicine
30279308,J Physiol Pharmacol,10.26402/jpp.2018.3.11,1899-1505,
17273797,Int J Mol Med,,1107-3756,Spandidos Publications
19763356,Hamostaseologie,,0720-9355,Georg Thieme Verlag KG
21469344,Zh Evol Biokhim Fiziol,,0044-4529,Akademizdatcenter Nauka
15078981,Mol Cancer Ther,,1535-7163,American Association for Cancer Research (AACR)
14995075,Cell Mol Biol (Noisy-le-grand),,0145-5680,CMB Association
10627469,Blood,,0006-4971,American Society of Hematology
18401461,Mol Vis,,1090-0535,
12939463,Mol Cancer Ther,,1535-7163,American Association for Cancer Research (AACR)
21268883,Zh Evol Biokhim Fiziol,,0044-4529,The Russian Academy of Sciences
26263694,Mikrobiologiia,,0026-3656,Akademizdatcenter Nauka
18819271,Biofizika,,0006-3029,Pleiades Publishing Ltd
16481285,Hepatobiliary Pancreat Dis Int,,1499-3872,Elsevier BV
12432964,Curr Issues Mol Biol,,1467-3037,MDPI AG
27001157,J Allergy Clin Immunol,10.1016/j.jaci.2015.12.1332,1097-6825,
16201318,Folia Histochem Cytobiol,,0239-8508,VM Media SP. zo.o VM Group SK
19403032,Zhonghua Gan Zang Bing Za Zhi,,1007-3418,
22539871,Mol Vis,,1090-0535,
21176359,Zhongguo Shi Yan Xue Ye Xue Za Zhi,,1009-2137,
11722592,Eur J Haematol,,0902-4441,Wiley
22946308,Fiziol Zh (1994),,2522-9028,National Academy of Sciences of Ukraine (Co. LTD Ukrinformnauka)
21688572,Rev Med Chir Soc Med Nat Iasi,,0048-7848,Grigore T. Popa University of Medicine and Pharmacy
30440128,Zhonghua Yi Xue Za Zhi,10.3760/cma.j.issn.0376-2491.2018.41.013,0376-2491,
12749405,Pharmazie,,0031-7144,
12894502,Anticancer Res,,0250-7005,Anticancer Research USA Inc.
17118449,Mol Immunol,10.1016/j.molimm.2006.10.014,0161-5890,Elsevier BV
10970796,Biochem J,,0264-6021,Portland Press Ltd.
17100327,Mikrobiol Z,,1028-0987,National Academy of Sciences of Ukraine (Co. LTD Ukrinformnauka)
15757272,Pneumonol Alergol Pol,,0867-7077,MDPI AG
15040430,Cell Mol Biol (Noisy-le-grand),,0145-5680,CMB Association
19123345,Ying Yong Sheng Tai Xue Bao,,1001-9332,
12894593,Anticancer Res,,0250-7005,Anticancer Research USA Inc.
14677171,J Rheumatol,,0315-162X,The Journal of Rheumatology
19957712,Lik Sprava,,1019-5297,LLC Information and Research Center Likarska Sprava
18289465,Zhongguo Dang Dai Er Ke Za Zhi,,1008-8830,
12801841,Haematologica,,1592-8721,Ferrata Storti Foundation (Haematologica)
18497978,Int J Oncol,,1019-6439,Spandidos Publications
17496224,J Biomol Tech,,1524-0215,Association of Biomolecular Resource Facilities
23980170,Proc Natl Acad Sci U S A,10.1073/pnas.1308651110,1091-6490,Proceedings of the National Academy of Sciences
12894538,Anticancer Res,,0250-7005,Anticancer Research USA Inc.
19003761,Pneumonol Alergol Pol,,0867-7077,MDPI AG
25482721,Anticancer Agents Med Chem,,1875-5992,Bentham Science Publishers Ltd.
12673393,Sheng Wu Hua Xue Yu Sheng Wu Wu Li Xue Bao (Shanghai),,0582-9879,
15161011,Anticancer Res,,0250-7005,Anticancer Research USA Inc.
15591069,J Biol Chem,10.1074/jbc.M411668200,0021-9258,Elsevier BV
18669360,Ross Fiziol Zh Im I M Sechenova,,0869-8139,The Russian Academy of Sciences
18636144,Int J Oncol,,1019-6439,Spandidos Publications
37678858,Altern Ther Health Med,,1078-6791,
30214040,Mol Psychiatry,10.1038/s41380-018-0234-y,1476-5578,Springer Science and Business Media LLC
17721627,Thromb Haemost,,0340-6245,Georg Thieme Verlag KG
30755814,Am J Cancer Res,,2156-6976,e-Century Publishing Corporation
27192819,Mol Gen Mikrobiol Virusol,,0208-0613,Media Sphere Publishing Group
21168935,Eur J Cell Biol,10.1016/j.ejcb.2010.10.013,1618-1298,
13678151,J Biomol Tech,,1524-0215,Association of Biomolecular Resource Facilities
32282322,Medicina (B Aires),,1669-9106,
16209269,Zhong Yao Cai,,1001-4454,
19570464,Zhonghua Fu Chan Ke Za Zhi,,0529-567X,
31894111,J Biosci,,0973-7138,Springer Science and Business Media LLC
25034213,Arch Biochem Biophys,10.1016/j.abb.2014.07.005,1096-0384,
29693984,Przegl Lek,,0033-2240,
14993275,Mol Cell Biol,10.1128/MCB.24.6.2352-2363.2004,0270-7306,Informa UK Limited
12359749,Cancer Res,,0008-5472,American Association for Cancer Research (AACR)
17217200,Vestn Oftalmol,,0042-465X,Media Sphere Publishing Group
34017385,Am J Transl Res,,1943-8141,e-Century Publishing Corporation
23803199,Nan Fang Yi Ke Da Xue Xue Bao,,1673-4254,
33576339,J Biosci,,0973-7138,Springer Science and Business Media LLC
10752931,Invest Ophthalmol Vis Sci,,0146-0404,Association for Research in Vision and Ophthalmology (ARVO)
25509126,Tsitologiia,,0041-3771,Pleiades Publishing Ltd
11409317,Folia Biol (Praha),,0015-5500,"Charles University in Prague, Karolinum Press"
14654532,Clin Cancer Res,,1078-0432,American Association for Cancer Research (AACR)
11392785,Ukr Biokhim Zh (1999),,,
33956436,Acc Chem Res,10.1021/acs.accounts.1c00135,1520-4898,American Chemical Society (ACS)
17490571,Zhongguo Wei Zhong Bing Ji Jiu Yi Xue,,1003-0603,
24800496,Rinsho Byori,,0047-1860,
24640556,Ital J Anat Embryol,,1122-6714,Firenze University Press
10630996,Biochemistry,10.1021/bi991952o,0006-2960,American Chemical Society (ACS)
24247793,Ann Clin Lab Sci,,1550-8080,
25491779,Mol Carcinog,10.1002/mc.22242,1098-2744,Wiley
11899704,Acta Cient Venez,,0001-5504,
16755850,Klin Med (Mosk),,0023-2149,Medical Informational Agency Publishers
23420953,Bull Acad Natl Med,,0001-4079,Elsevier BV
16142322,Int J Oncol,,1019-6439,Spandidos Publications
36145246,Nutrients,10.3390/nu14183871,2072-6643,MDPI AG
16282457,J Virol,10.1128/JVI.79.23.14570-14585.2005,0022-538X,American Society for Microbiology
22594278,Biofizika,,0006-3029,Pleiades Publishing Ltd
21532317,J Microbiol Biotechnol,,1738-8872,Korean Society for Microbiology and Biotechnology
19794887,Can J Vet Res,,1928-9022,
16253189,Zhonghua Yi Xue Za Zhi,,0376-2491,
11454674,Cancer Res,,0008-5472,American Association for Cancer Research (AACR)
11931430,J Environ Qual,,0047-2425,Wiley
18612243,Mol Cells,,1016-8478,Elsevier BV
28770955,Eur Rev Med Pharmacol Sci,,2284-0729,
21737628,Anticancer Res,,1791-7530,Anticancer Research USA Inc.
23342636,Ukr Biokhim Zh (1999),,,
27524955,Heart Metab,,1566-0338,Servier International
17983186,Rev Med Chir Soc Med Nat Iasi,,0048-7848,Grigore T. Popa University of Medicine and Pharmacy
22117435,Biofizika,,0006-3029,Pleiades Publishing Ltd
33552061,Front Immunol,10.3389/fimmu.2020.603278,1664-3224,Frontiers Media SA
10903798,Eur Cytokine Netw,,1148-5493,John Libbey Eurotext
14509350,Pol J Vet Sci,,1505-1773,Polish Academy of Sciences Chancellery
29779329,Zhonghua Xue Ye Xue Za Zhi,10.3760/cma.j.issn.0253-2727.2018.04.012,0253-2727,
16080537,Anticancer Res,,0250-7005,Anticancer Research USA Inc.
11381969,Water Sci Technol,,0273-1223,IWA Publishing
12411053,Zhonghua Xue Ye Xue Za Zhi,,0253-2727,
21575439,Zhonghua Kou Qiang Yi Xue Za Zhi,,1002-0098,
33884344,Afr J Infect Dis,10.21010/ajid.v14i2.1,2006-0165,African Traditional Herbal Medicine Supporters Initiative (ATHMSI)
32509386,Am J Cancer Res,,2156-6976,e-Century Publishing Corporation
21769075,Minerva Gastroenterol Dietol,,1121-421X,Edizioni Minerva Medica
17929581,Prikl Biokhim Mikrobiol,,0555-1099,Pleiades Publishing Ltd
16819308,Mol Cells,,1016-8478,Elsevier BV
12243090,Vopr Med Khim,,0042-8809,
11110698,Blood,,0006-4971,American Society of Hematology
19187601,Chin Med J (Engl),,2542-5641,Ovid Technologies (Wolters Kluwer Health)
21105475,Klin Med (Mosk),,0023-2149,Medical Informational Agency Publishers
21265264,Hiroshima J Med Sci,,0018-2052,
37122605,World J Gastroenterol,10.3748/wjg.v29.i14.2172,2219-2840,
17674714,Zh Evol Biokhim Fiziol,,0044-4529,The Russian Academy of Sciences
12449801,Prikl Biokhim Mikrobiol,,0555-1099,Pleiades Publishing Ltd
11085921,Biochem J,,0264-6021,Portland Press Ltd.
12921344,Jpn J Vet Res,,0047-1917,
11986746,Zhonghua Shi Yan He Lin Chuang Bing Du Xue Za Zhi,,1003-9279,
10666227,Blood,,0006-4971,American Society of Hematology
22679759,Ukr Biokhim Zh (1999),,,
12036970,Invest Ophthalmol Vis Sci,,0146-0404,Association for Research in Vision and Ophthalmology (ARVO)
27089683,Sheng Li Ke Xue Jin Zhan,,0559-7765,
11254751,J Lipid Res,,0022-2275,Elsevier BV
10645969,J Neurobiol,,0022-3034,Wiley
19031807,Zhonghua Jie He He Hu Xi Za Zhi,,1001-0939,
32017001,Eur Rev Med Pharmacol Sci,10.26355/eurrev_202001_20079,2284-0729,
12491604,Rinsho Byori,,0047-1860,
21055180,Zhonghua Bing Li Xue Za Zhi,,0529-5807,
16403254,Zhongguo Shi Yan Xue Ye Xue Za Zhi,,1009-2137,
22220406,Coll Antropol,,0350-6134,Croatian Anthropological Society
11751459,Cell Growth Differ,,1044-9523,
26248740,Biomed Environ Sci,10.3967/bes2015.078,0895-3988,Elsevier BV
26242038,Zhonghua Nan Ke Xue,,1009-3591,
29636998,Am J Cancer Res,,2156-6976,e-Century Publishing Corporation
30480413,Tsitol Genet,,0564-3783,
20404524,Cell Cycle,,1551-4005,Informa UK Limited
25629266,Folia Biol (Praha),,0015-5500,"Charles University in Prague, Karolinum Press"
25246568,Proc Natl Acad Sci U S A,10.1073/pnas.1410775111,1091-6490,Proceedings of the National Academy of Sciences
20428793,Int J Mol Med,,1791-244X,Spandidos Publications
16545180,Zhonghua Bing Li Xue Za Zhi,,0529-5807,
10969771,Cancer Res,,0008-5472,American Association for Cancer Research (AACR)
11751455,Cell Growth Differ,,1044-9523,
15583810,Oncol Rep,,1021-335X,Spandidos Publications
12750284,Cancer Res,,0008-5472,American Association for Cancer Research (AACR)
20201365,Voen Med Zh,,0026-9050,Federal State Budgetary Institution &quot;RIC &quot;Krasnaya Zvezda&quot; of the Ministry of Defense of Russia
19492157,Thromb Haemost,,0340-6245,Georg Thieme Verlag KG
10701835,Cell Stress Chaperones,10.1043/1355-8145(2000)005<0014:PACOPA>2.0.CO;2,1355-8145,Elsevier BV
15951858,Saudi Med J,,0379-5284,Saudi Medical Journal
18453054,Probl Tuberk Bolezn Legk,,1728-2993,
11994503,J Leukoc Biol,,0741-5400,Oxford University Press (OUP)
20127032,Oncol Rep,,1791-2431,Spandidos Publications
12082400,J Hum Virol,,1090-9508,
16388744,Xi Bao Yu Fen Zi Mian Yi Xue Za Zhi,,1007-8738,
10686018,J Med Virol,,0146-6615,Wiley
11160639,J Pharmacol Exp Ther,,0022-3565,American Society for Pharmacology & Experimental Therapeutics (ASPET)
14633680,Cancer Res,,0008-5472,American Association for Cancer Research (AACR)
12918255,Fiziol Zh (1994),,2522-9028,National Academy of Sciences of Ukraine (Co. LTD Ukrinformnauka)
11742571,Acta Pharmacol Sin,,1671-4083,Springer Science and Business Media LLC
26394474,Biofizika,,0006-3029,Pleiades Publishing Ltd
24459703,Toxicol Lett,,1879-3169,
15236509,Ann Agric Environ Med,,1232-1966,Institute of Rural Health
22296396,Asian Pac J Cancer Prev,,2476-762X,EpiSmart Science Vector Ltd
16447633,Zhongguo Yi Xue Ke Xue Yuan Xue Bao,,1000-503X,
10768493,Membr Cell Biol,,1023-6597,
14654987,Int J Mol Med,,1107-3756,Spandidos Publications
16859028,Wiad Parazytol,,0043-5163,
12589032,Mol Cancer Ther,,1535-7163,American Association for Cancer Research (AACR)
16077910,Int J Oncol,,1019-6439,Spandidos Publications
32519665,Xi Bao Yu Fen Zi Mian Yi Xue Za Zhi,,1007-8738,
16894896,Sheng Wu Gong Cheng Xue Bao,,1000-3061,
35610016,J Tradit Chin Med,10.19852/j.cnki.jtcm.20220408.004,2589-451X,
11447890,Health Estate,,,
10861983,Rapid Commun Mass Spectrom,10.1002/1097-0231(20000630)14:12<1029::AID-RCM984>3.0.CO;2-#,0951-4198,Wiley
17425851,Zhonghua Yi Xue Za Zhi,,0376-2491,
15911768,Proc Natl Acad Sci U S A,10.1073/pnas.0502206102,0027-8424,Proceedings of the National Academy of Sciences
19012240,Histol Histopathol,10.14670/HH-24.13,1699-5848,
10930855,Ann Dermatol Venereol,,0151-9638,Elsevier BV
25331998,Sheng Li Xue Bao,,0371-0874,
18198792,Ideggyogy Sz,,0019-1442,Ideggyogyaszati Szemle Journal
32822048,Methods Mol Biol,10.1007/978-1-0716-0876-0_31,1940-6029,Springer New York
11527210,Biochem Cell Biol,,0829-8211,Canadian Science Publishing
15323363,J Biol Regul Homeost Agents,,0393-974X,
18029619,Nucleic Acids Symp Ser (Oxf),10.1093/nass/nrm064,1746-8272,Oxford University Press (OUP)
11431439,Invest Ophthalmol Vis Sci,,0146-0404,Association for Research in Vision and Ophthalmology (ARVO)
35096325,Arch Razi Inst,10.22092/ari.2021.355942.1743,2008-9872,DoNotEdit
11061890,J Urol,,0022-5347,Ovid Technologies (Wolters Kluwer Health)
20684312,Sheng Wu Gong Cheng Xue Bao,,1000-3061,
21651842,Zhonghua Shao Shang Za Zhi,,1009-2587,
11888884,Cancer Res,,0008-5472,American Association for Cancer Research (AACR)
22071418,Stomatologija,,1822-301X,
22238987,Eksp Klin Farmakol,,0869-2092,Folium Publishing Company
10706597,J Lipid Res,,0022-2275,Elsevier BV
10842321,J Cell Biochem,,0730-2312,Wiley
22108332,Biomed Environ Sci,10.3967/0895-3988.2011.04.014,0895-3988,Elsevier BV
23113356,Mol Biol (Mosk),,0026-8984,Akademizdatcenter Nauka
12454415,Biorheology,,0006-355X,Elsevier BV
12368377,J Nucl Med,,0161-5505,Society of Nuclear Medicine
37968076,Zhonghua Zhong Liu Za Zhi,10.3760/cma.j.cn112152-20220901-00590,0253-3766,
23530434,Vopr Pitan,,0042-8833,Geotar-Media Publishing Group
26579576,J Physiol Pharmacol,,1899-1505,
20302012,Tsitologiia,,0041-3771,Pleiades Publishing Ltd
21961290,Ross Fiziol Zh Im I M Sechenova,,0869-8139,The Russian Academy of Sciences
12014627,Anticancer Res,,0250-7005,Anticancer Research USA Inc.
36097779,Zhong Nan Da Xue Xue Bao Yi Xue Ban,10.11817/j.issn.1672-7347.2022.200708,1672-7347,
32196604,Eur Rev Med Pharmacol Sci,10.26355/eurrev_202003_20521,2284-0729,
19334633,Biofizika,,0006-3029,Pleiades Publishing Ltd
23189697,Ying Yong Sheng Tai Xue Bao,,1001-9332,
36793649,Acta Myol,10.36185/2532-1900-085,2532-1900,
31894004,Xi Bao Yu Fen Zi Mian Yi Xue Za Zhi,,1007-8738,
15634588,Zhonghua Xue Ye Xue Za Zhi,,0253-2727,
31841194,Eur Rev Med Pharmacol Sci,10.26355/eurrev_201912_19679,2284-0729,
22678787,Zhonghua Yi Xue Yi Chuan Xue Za Zhi,10.3760/cma.j.issn.1003-9406.2012.03.006,1003-9406,
10604950,J Pharmacol Exp Ther,,0022-3565,American Society for Pharmacology & Experimental Therapeutics (ASPET)
19137742,Genetika,,0016-6758,Akademizdatcenter Nauka
31599439,Eur Rev Med Pharmacol Sci,10.26355/eurrev_201909_19030,2284-0729,
15928608,Mol Vis,,1090-0535,
37020577,Can J Vet Res,,1928-9022,
20942123,Nihon Rinsho,,0047-1852,
11309342,Clin Cancer Res,,1078-0432,American Association for Cancer Research (AACR)
11292255,Cell Mol Biol (Noisy-le-grand),,0145-5680,CMB Association
24331534,Biomed Environ Sci,10.3967/bes2013.018,0895-3988,Elsevier BV
26118250,Ideggyogy Sz,,0019-1442,Ideggyogyaszati Szemle Journal
36151813,Sheng Wu Gong Cheng Xue Bao,10.13345/j.cjb.220199,1872-2075,Elsevier BV
16894884,Sheng Wu Gong Cheng Xue Bao,,1000-3061,
12872986,Mol Cells,,1016-8478,Elsevier BV
23229667,G Ital Nefrol,,0393-5590,
17523450,Eksp Klin Farmakol,,0869-2092,Folium Publishing Company
24864463,Ter Arkh,,0040-3660,Consilium Medicum
11115406,Biochem J,,0264-6021,Portland Press Ltd.
15695395,Cancer Res,,0008-5472,American Association for Cancer Research (AACR)
21186515,Zhonghua Shi Yan He Lin Chuang Bing Du Xue Za Zhi,,1003-9279,
30030956,Cell Mol Biol (Noisy-le-grand),,1165-158X,CMB Association
12390791,Di Yi Jun Yi Da Xue Xue Bao,,1000-2588,
15840293,Zhonghua Fu Chan Ke Za Zhi,,0529-567X,
23477215,Antibiot Khimioter,,0235-2990,Publishing House OKI
11226054,Reproduction,,1470-1626,Bioscientifica
20109156,In Silico Biol,,1434-3207,IOS Press
27188485,Zhonghua Shao Shang Za Zhi,10.3760/cma.j.issn.1009-2587.2016.05.004,1009-2587,
12230943,Acta Pharmacol Sin,,1671-4083,Springer Science and Business Media LLC
20351933,AMIA Annu Symp Proc,,1942-597X,
18706200,Chin Med J (Engl),,0366-6999,Ovid Technologies (Wolters Kluwer Health)
12019438,Sheng Wu Hua Xue Yu Sheng Wu Wu Li Xue Bao (Shanghai),,0582-9879,
16931339,Chem Biol,10.1016/j.chembiol.2006.06.015,1074-5521,Elsevier BV
19351501,Xi Bao Yu Fen Zi Mian Yi Xue Za Zhi,,1007-8738,
18825633,Urol J,,1735-546X,
21528537,Bing Du Xue Bao,,1000-8721,
10706131,Cancer Res,,0008-5472,American Association for Cancer Research (AACR)
21548386,Zhonghua Zheng Xing Wai Ke Za Zhi,,1009-4598,
16264199,J Invasive Cardiol,,1557-2501,"HMP Communications, LLC"
18633470,J Contemp Dent Pract,,1526-3711,Jaypee Brothers Medical Publishing
11804856,Am J Physiol Gastrointest Liver Physiol,10.1152/ajpgi.00376.2001,0193-1857,American Physiological Society
17068623,Beijing Da Xue Xue Bao Yi Xue Ban,,1671-167X,
10901161,Mol Cells,,1016-8478,Elsevier BV
15554188,Mol Biol (Mosk),,0026-8984,Akademizdatcenter Nauka
11747758,Acta Pharmacol Sin,,1671-4083,Springer Science and Business Media LLC
32572906,Eur Rev Med Pharmacol Sci,10.26355/eurrev_202006_21486,2284-0729,
34155994,Wiad Lek,,0043-5147,ALUNA
15946527,Zhonghua Xue Ye Xue Za Zhi,,0253-2727,
26459399,Iran Biomed J,10.7508/ibj.2016.01.002,2008-823X,CMV Verlag
14654975,Int J Mol Med,,1107-3756,Spandidos Publications
15010833,Int J Oncol,,1019-6439,Spandidos Publications
24559379,BMC Genomics,10.1186/1471-2164-15-147,1471-2164,Springer Science and Business Media LLC
20734717,Zh Mikrobiol Epidemiol Immunobiol,,0372-9311,Central Research Institute for Epidemiology
11042808,Genetika,,0016-6758,The Russian Academy of Sciences
16255882,Zhonghua Nei Ke Za Zhi,,0578-1426,
25973311,Am J Cancer Res,,2156-6976,e-Century Publishing Corporation
21633729,Acta Biochim Pol,,1734-154X,Frontiers Media SA
21309180,Rev Med Suisse,,1660-9379,Médecine et Hygiène
35753725,Zhong Nan Da Xue Xue Bao Yi Xue Ban,10.11817/j.issn.1672-7347.2022.210319,1672-7347,
32513940,Nat Commun,10.1038/s41467-020-16376-5,2041-1723,Springer Science and Business Media LLC
11985338,Pol J Pharmacol,,1230-6002,
28018136,Yale J Biol Med,,1551-4056,Yale Journal of Biology and Medicine
11519427,Lik Sprava,,1019-5297,LLC Information and Research Center Likarska Sprava
25674239,Int J Clin Exp Pathol,,1936-2625,e-Century Publishing Corporation
17701915,Histol Histopathol,10.14670/HH-22.1355,1699-5848,
11001906,Blood,,0006-4971,American Society of Hematology
38076663,Psychopharmacol Bull,,2472-2448,
34858337,Front Endocrinol (Lausanne),10.3389/fendo.2021.765359,1664-2392,Frontiers Media SA
11104703,Biochem J,,0264-6021,Portland Press Ltd.
10769688,Anticancer Res,,0250-7005,Anticancer Research USA Inc.
11521737,Physiol Res,,0862-8408,Institute of Physiology of the Czech Academy of Sciences
10997303,Fiziol Zh (1994),,2522-9028,National Academy of Sciences of Ukraine (Co. LTD Ukrinformnauka)
27312021,G Ital Cardiol (Rome),10.1714/2254.24282,1827-6806,
11081227,Ross Fiziol Zh Im I M Sechenova,,0869-8139,The Russian Academy of Sciences
36964960,Chembiochem,10.1002/cbic.202300072,1439-7633,Wiley
11788900,Int J Oncol,,1019-6439,Spandidos Publications
12597026,Indian J Exp Biol,,0019-5189,CSIR-National Institute of Science Communication and Policy Research (NIScPR)
21189249,J Biol Chem,10.1074/jbc.M110.201236,1083-351X,Elsevier BV
26582220,Zhongguo Fei Ai Za Zhi,10.3779/j.issn.1009-3419.2015.11.01,1999-6187,
19663011,Lik Sprava,,1019-5297,LLC Information and Research Center Likarska Sprava
15375435,Cryo Letters,,0143-2044,CryoLetters Limited Liability Partnership
21954610,Genetika,,0016-6758,The Russian Academy of Sciences
22667112,Sheng Wu Gong Cheng Xue Bao,,1000-3061,
23591335,Beijing Da Xue Xue Bao Yi Xue Ban,,1671-167X,
14500385,Cancer Res,,0008-5472,American Association for Cancer Research (AACR)
21410066,Hepatogastroenterology,,0172-6390,Update Medical Publishing
19806798,J Extra Corpor Technol,,0022-1058,EDP Sciences
21078585,Eur Cytokine Netw,10.1684/ecn.2010.0207,1952-4005,John Libbey Eurotext
11104681,Biochem J,,0264-6021,Portland Press Ltd.
31903891,Folia Biol (Praha),,0015-5500,"Charles University in Prague, Karolinum Press"
22900342,Indian J Biochem Biophys,,0301-1208,CSIR-National Institute of Science Communication and Policy Research (NIScPR)
28251954,Biomed Khim,10.18097/PBMC2017630175,2310-6972,Institute of Biochemistry
22394629,Xi Bao Yu Fen Zi Mian Yi Xue Za Zhi,,1007-8738,
11555583,Clin Cancer Res,,1078-0432,American Association for Cancer Research (AACR)
12237483,Clin Hemorheol Microcirc,,1386-0291,IOS Press
11697232,Recept Channels,,1060-6823,Informa UK Limited
15498318,Zhonghua Wai Ke Za Zhi,,0529-5815,
18076791,Ai Zheng,,,
34248051,Georgian Med News,,1512-0112,
35968328,Am J Cancer Res,,2156-6976,e-Century Publishing Corporation
14981905,Anticancer Res,,0250-7005,Anticancer Research USA Inc.
17688427,In Silico Biol,,1386-6338,IOS Press
29631686,Cell Mol Biol (Noisy-le-grand),,1165-158X,CMB Association
12578614,Zhongguo Shi Yan Xue Ye Xue Za Zhi,,1009-2137,
15730617,Zhonghua Yi Xue Za Zhi,,0376-2491,
11169474,J Comp Neurol,,0021-9967,Wiley
28948953,Indian J Med Res,10.4103/ijmr.IJMR_718_14,0971-5916,Scientific Scholar
18646518,Wei Sheng Yan Jiu,,1000-8020,
22712297,Arkh Patol,,0004-1955,Media Sphere Publishing Group
11094720,Biofizika,,0006-3029,Pleiades Publishing Ltd
29643533,Beijing Da Xue Xue Bao Yi Xue Ban,,1671-167X,
23390375,Cancer Immun,,1424-9634,
24031727,Braz J Microbiol,10.1590/S1517-838220110003000030,1517-8382,FapUNIFESP (SciELO)
12930679,Zhonghua Yi Xue Za Zhi,,0376-2491,
16715965,Rinsho Ketsueki,,0485-1439,
18019736,Hepatogastroenterology,,0172-6390,Update Medical Publishing
15232223,Mol Cells,,1016-8478,Elsevier BV
10620500,Biochem J,,0264-6021,Portland Press Ltd.
10713554,Biochemistry (Mosc),,0006-2979,Springer Science and Business Media LLC
19379552,Zhongguo Shi Yan Xue Ye Xue Za Zhi,,1009-2137,
20448330,Cell Oncol,10.3233/CLO-2010-0524,1875-8606,Springer Science and Business Media LLC
24584960,Acta Sci Pol Technol Aliment,,1898-9594,Uniwersytet Przyrodniczy w Poznaniu (Poznan University of Life Sciences)
23401971,Zh Evol Biokhim Fiziol,,0044-4529,Akademizdatcenter Nauka
17131818,Biofizika,,0006-3029,Pleiades Publishing Ltd
15155195,Antimicrob Agents Chemother,10.1128/AAC.48.6.2025-2036.2004,0066-4804,American Society for Microbiology
17357522,Lin Chuang Er Bi Yan Hou Ke Za Zhi,,,
34306343,Am J Transl Res,,1943-8141,e-Century Publishing Corporation
10959197,Rocz Panstw Zakl Hig,,0035-7715,National Institute of Public Health NIH (National Research Institute)
21685690,Zhong Nan Da Xue Xue Bao Yi Xue Ban,10.3969/j.issn.1672-7347.2011.05.001,1672-7347,
11706166,Plant Physiol,,0032-0889,Oxford University Press (OUP)
10879996,J Investig Allergol Clin Immunol,,1018-9068,"Esmon Publicidad, SA"
10648026,J Rheumatol,,0315-162X,The Journal of Rheumatology
15107619,Cell Cycle,,1538-4101,Informa UK Limited
32443670,Biomolecules,10.3390/biom10050789,2218-273X,MDPI AG
16567873,Indian J Med Res,,0971-5916,Scientific Scholar
32096262,Chemistry,10.1002/chem.202000245,1521-3765,Wiley
12384053,J Theor Biol,,0022-5193,Elsevier BV
15553846,Sheng Wu Yi Xue Gong Cheng Xue Za Zhi,,1001-5515,
16391844,Oncol Rep,,1021-335X,Spandidos Publications
31160715,Sci Rep,10.1038/s41598-019-44464-0,2045-2322,Springer Science and Business Media LLC
15375761,Histol Histopathol,10.14670/HH-19.1187,0213-3911,
17691278,Rev Port Cardiol,,0870-2551,Elsevier BV
17460893,Sheng Wu Gong Cheng Xue Bao,,1000-3061,
11563335,Indian J Biochem Biophys,,0301-1208,CSIR-National Institute of Science Communication and Policy Research (NIScPR)
35008849,Int J Mol Sci,10.3390/ijms23010423,1422-0067,MDPI AG
16077981,Oncol Rep,,1021-335X,Spandidos Publications
30626470,Xi Bao Yu Fen Zi Mian Yi Xue Za Zhi,,1007-8738,
10910956,Carcinogenesis,,0143-3334,Oxford University Press (OUP)
30541953,J Biosci,,0973-7138,Springer Science and Business Media LLC
11170207,Proteins,,0887-3585,Wiley
10691741,Genes Dev,,0890-9369,Cold Spring Harbor Laboratory
16261208,Zhonghua Shi Yan He Lin Chuang Bing Du Xue Za Zhi,,1003-9279,
25296013,Comp Med,,2769-819X,
15373217,Hokkaido Igaku Zasshi,,0367-6102,
14615674,Rev Neurol (Paris),,0035-3787,Elsevier BV
18471863,Chemosphere,10.1016/j.chemosphere.2008.03.043,0045-6535,Elsevier BV
11357949,Ann Neurol,,0364-5134,Wiley
12497724,Presse Med,,0755-4982,Elsevier BV
16183024,Chem Biol,10.1016/j.chembiol.2005.07.006,1074-5521,Elsevier BV
11783089,Zhonghua Zhong Liu Za Zhi,,0253-3766,
19548533,Mol Biol (Mosk),,0026-8984,Akademizdatcenter Nauka
26062415,Xi Bao Yu Fen Zi Mian Yi Xue Za Zhi,,1007-8738,
14761602,Zhonghua Bing Li Xue Za Zhi,,0529-5807,
15130378,Zhonghua Fu Chan Ke Za Zhi,,0529-567X,
11867573,Invest Ophthalmol Vis Sci,,0146-0404,Association for Research in Vision and Ophthalmology (ARVO)
11421359,RNA,10.1017/s1355838201010317,1355-8382,Cold Spring Harbor Laboratory
22932426,J Genet,,0973-7731,Springer Science and Business Media LLC
11792734,J Lipid Res,,0022-2275,Elsevier BV
30265489,Klin Khir,,0023-2130,"Liga-Inform, Ltd."
12748175,J Biol Chem,10.1074/jbc.M303317200,0021-9258,Elsevier BV
34645146,Zhonghua Shao Shang Za Zhi,10.3760/cma.j.cn501120-20210412-00125,1009-2587,
19610537,J Ayub Med Coll Abbottabad,,1025-9589,"Ayub Medical College, Abbottabad Pakistan"
36945688,ArXiv,,2331-8422,
12149426,J Leukoc Biol,,0741-5400,Oxford University Press (OUP)
21842651,Zhongguo Zhong Yao Za Zhi,,1001-5302,China Journal of Chinese Materia Medica
18634161,J Rheumatol,,0315-162X,The Journal of Rheumatology
27228653,Tsitologiia,,0041-3771,Pleiades Publishing Ltd
11562430,Mol Pharmacol,,0026-895X,American Society for Pharmacology & Experimental Therapeutics (ASPET)
24495761,Zhonghua Er Ke Za Zhi,,0578-1310,
30226234,Phys Chem Chem Phys,10.1039/c8cp03915a,1463-9084,Royal Society of Chemistry (RSC)
19942747,Indian J Med Res,,0971-5916,Scientific Scholar
21215094,Zhonghua Bing Li Xue Za Zhi,,0529-5807,
22424633,Biomed Environ Sci,10.3967/0895-3988.2012.01.014,0895-3988,Elsevier BV
20021965,Zhonghua Bing Li Xue Za Zhi,,0529-5807,
11220500,J Physiol Pharmacol,,0867-5910,
16619495,Anticancer Res,,0250-7005,Anticancer Research USA Inc.
20819594,Chin Med J (Engl),,2542-5641,Ovid Technologies (Wolters Kluwer Health)
25745767,Acta Pol Pharm,,0001-6837,Polish Pharmaceutical Society
14985456,Mol Cancer Ther,,1535-7163,American Association for Cancer Research (AACR)
16936330,Rheumatology (Oxford),10.1093/rheumatology/kel305,1462-0324,Oxford University Press (OUP)
25339750,J Neurosci,10.1523/JNEUROSCI.1222-14.2014,1529-2401,Society for Neuroscience
22447179,Breast Cancer Res Treat,10.1007/s10549-012-2014-8,1573-7217,Springer Science and Business Media LLC
20503177,Histol Histopathol,10.14670/HH-25.889,1699-5848,
32459558,Mol Biol Cell,10.1091/mbc.E19-07-0406,1939-4586,American Society for Cell Biology (ASCB)
17380899,Mol Biol (Mosk),,0026-8984,Akademizdatcenter Nauka
16964378,Int J Oncol,,1019-6439,Spandidos Publications
18075123,Arch Ital Biol,,0003-9829,Pisa University Press
16596172,Oncol Rep,,1021-335X,Spandidos Publications
26349244,Tsitologiia,,0041-3771,Pleiades Publishing Ltd
34637168,Chembiochem,10.1002/cbic.202100361,1439-7633,Wiley
11714063,Mycoses,,0933-7407,Wiley
26015772,Mol Vis,,1090-0535,
25868278,Bing Du Xue Bao,,1000-8721,
22016091,Obesity (Silver Spring),10.1038/oby.2011.328,1930-739X,Wiley
10772641,Drug Metab Dispos,,0090-9556,American Society for Pharmacology & Experimental Therapeutics (ASPET)
22263267,Bing Du Xue Bao,,1000-8721,
12193473,Cell Growth Differ,,1044-9523,
14528907,Cell Mol Biol (Noisy-le-grand),,0145-5680,CMB Association
11642031,Ukr Biokhim Zh (1999),,,
35831508,Nature,10.1038/s41586-022-04930-8,1476-4687,Springer Science and Business Media LLC
30033401,Pak J Pharm Sci,,1011-601X,"Faculty of Pharmacy and Pharmaceutical Sciences, University of Karachi"
11474126,Mol Med,,1076-1551,Springer Science and Business Media LLC
12883667,Oncol Rep,,1021-335X,Spandidos Publications
11302003,Nutr Metab Cardiovasc Dis,,0939-4753,Elsevier BV
15107614,Cell Cycle,,1538-4101,Informa UK Limited
26190105,Cell Rep,10.1016/j.celrep.2015.06.053,2211-1247,Elsevier BV
22574505,Acta Pol Pharm,,0001-6837,Polish Pharmaceutical Society
24923038,Rev Prat,,0035-2640,
16297314,Zhongguo Wei Zhong Bing Ji Jiu Yi Xue,,1003-0603,
11956018,Eur Cytokine Netw,,1148-5493,John Libbey Eurotext
19334593,Mikrobiologiia,,0026-3656,Akademizdatcenter Nauka
19368127,In Vivo,,0258-851X,Anticancer Research USA Inc.
11392115,Fiziol Zh (1994),,2522-9028,National Academy of Sciences of Ukraine (Co. LTD Ukrinformnauka)
10938798,J Exp Bot,,0022-0957,Oxford University Press (OUP)
33434265,Nucleic Acids Res,10.1093/nar/gkaa1266,1362-4962,Oxford University Press (OUP)
11129648,J Leukoc Biol,,0741-5400,Oxford University Press (OUP)
20672443,J Immunotoxicol,,1547-6901,Informa UK Limited
19396030,Med Sci Monit,,1643-3750,"International Scientific Information, Inc."
12942645,Mol Biol (Mosk),,0026-8984,Akademizdatcenter Nauka
32146764,Zhonghua Yi Xue Za Zhi,10.3760/cma.j.issn.0376-2491.2020.06.006,0376-2491,
12194797,Zhonghua Yi Xue Za Zhi,,0376-2491,
19035320,Bing Du Xue Bao,,1000-8721,
10815882,Clin Cancer Res,,1078-0432,American Association for Cancer Research (AACR)
31359677,Zhongguo Zhong Yao Za Zhi,10.19540/j.cnki.cjcmm.20190603.202,1001-5302,China Journal of Chinese Materia Medica
11798599,Zhonghua Nei Ke Za Zhi,,0578-1426,
16969516,Oncol Rep,,1021-335X,Spandidos Publications
25031724,Int J Clin Exp Pathol,,1936-2625,e-Century Publishing Corporation
17022371,Physiol Chem Phys Med NMR,,0748-6642,
11507066,Cancer Res,,0008-5472,American Association for Cancer Research (AACR)
16240751,Izv Akad Nauk Ser Biol,,1026-3470,The Russian Academy of Sciences
19569502,Biofizika,,0006-3029,Pleiades Publishing Ltd
15747838,Tsitologiia,,0041-3771,Pleiades Publishing Ltd
10864802,J Reprod Fertil,,0022-4251,Bioscientifica
16921416,J Burns Wounds,,1554-0766,
18062879,Xi Bao Yu Fen Zi Mian Yi Xue Za Zhi,,1007-8738,
15759507,Biofizika,,0006-3029,Pleiades Publishing Ltd
21103453,Acta Biochim Pol,,1734-154X,Frontiers Media SA
17484809,Cell Mol Immunol,,1672-7681,Springer Science and Business Media LLC
26489343,Huan Jing Ke Xue,,0250-3301,
27228705,Vopr Pitan,,0042-8833,Geotar-Media Publishing Group
11726627,Invest Ophthalmol Vis Sci,,0146-0404,Association for Research in Vision and Ophthalmology (ARVO)
11682463,Cell Growth Differ,,1044-9523,
32185926,Zhongguo Xue Xi Chong Bing Fang Zhi Za Zhi,10.16250/j.32.1374.2019147,1005-6661,
35359059,Zhonghua Bing Li Xue Za Zhi,10.3760/cma.j.cn112151-20210831-00634,0529-5807,
15196336,Zhonghua Jie He He Hu Xi Za Zhi,,1001-0939,
15180275,Adv Exp Med Biol,,0065-2598,Springer US
17611319,Zhong Nan Da Xue Xue Bao Yi Xue Ban,,1672-7347,
14532964,Int J Oncol,,1019-6439,Spandidos Publications
24344040,J BUON,,1107-0625,
24348211,Yale J Biol Med,,1551-4056,Yale Journal of Biology and Medicine
30207306,J Biosci,,0973-7138,Springer Science and Business Media LLC
24830199,Zhongguo Ji Sheng Chong Xue Yu Ji Sheng Chong Bing Za Zhi,,1000-7423,
22110187,Anticancer Res,,1791-7530,Anticancer Research USA Inc.
19950693,Zhonghua Zhong Liu Za Zhi,,0253-3766,
18041224,Vopr Virusol,,0507-4088,Central Research Institute for Epidemiology
34538009,Plant J,10.1111/tpj.15496,1365-313X,Wiley
22990106,Cancer Genomics Proteomics,,1790-6245,Anticancer Research USA Inc.
15193243,Xi Bao Yu Fen Zi Mian Yi Xue Za Zhi,,1007-8738,
12624624,Thromb Haemost,,0340-6245,Georg Thieme Verlag KG
28066036,Trans Am Clin Climatol Assoc,,0065-7778,
12764252,Mol Vis,,1090-0535,
26317183,Acta Chir Orthop Traumatol Cech,,0001-5415,"Galen, spol. s r.o."
15631156,Polim Med,,0370-0747,Wroclaw Medical University
10739481,Biochemistry (Mosc),,0006-2979,Pleiades Publishing Ltd
27335683,Int J Biochem Mol Biol,,2152-4114,e-Century Publishing Corporation
21256150,Dev Comp Immunol,10.1016/j.dci.2011.01.010,1879-0089,
28230826,Exp Oncol,,2312-8852,National Academy of Sciences of Ukraine (Co. LTD Ukrinformnauka) (Publications)
10749923,Mol Biol Cell,10.1091/mbc.11.4.1183,1059-1524,American Society for Cell Biology (ASCB)
15319168,Eur Cytokine Netw,,1148-5493,John Libbey Eurotext
16869282,Ross Fiziol Zh Im I M Sechenova,,0869-8139,The Russian Academy of Sciences
31479752,Vascul Pharmacol,10.1016/j.vph.2019.106597,1879-3649,
20602287,Folia Neuropathol,,1509-572X,
16477136,Zhi Wu Sheng Li Yu Fen Zi Sheng Wu Xue Xue Bao,,1671-3877,
25720140,Genetika,,0016-6758,The Russian Academy of Sciences
15048159,Cell Mol Biol Lett,,1425-8153,Springer Science and Business Media LLC
17886717,Bing Du Xue Bao,,1000-8721,
12469227,Int J Mol Med,,1107-3756,Spandidos Publications
18288360,Sheng Li Xue Bao,,0371-0874,
11289145,Cancer Res,,0008-5472,American Association for Cancer Research (AACR)
15277996,Med Sci Monit,,1234-1010,"International Scientific Information, Inc."
11160648,J Pharmacol Exp Ther,,0022-3565,American Society for Pharmacology & Experimental Therapeutics (ASPET)
25509418,Tsitologiia,,0041-3771,Pleiades Publishing Ltd
28564534,Clin Transpl,,0890-9016,
19849945,Zhongguo Dang Dai Er Ke Za Zhi,,1008-8830,
12839924,Cancer Res,,0008-5472,American Association for Cancer Research (AACR)
29286505,Probl Radiac Med Radiobiol,,2304-8336,National Research Center for Radiation Medicine of the NAMS of Ukraine
18636154,Int J Oncol,,1019-6439,Spandidos Publications
26811933,Clin Exp Rheumatol,,0392-856X,Clinical and Experimental Rheumatology
17440229,J Physiol Pharmacol,,0867-5910,
12655352,Cell Mol Biol Lett,,1425-8153,Springer Science and Business Media LLC
29457131,Med Res Arch,10.18103/mra.v5i9.1526,2375-1916,Knowledge Enterprise Journals
15665285,Cancer Res,,0008-5472,American Association for Cancer Research (AACR)
19562965,Pol Arch Med Wewn,,,
25862865,Anticancer Res,,1791-7530,Anticancer Research USA Inc.
29461224,Georgian Med News,,1512-0112,
12912935,Clin Cancer Res,,1078-0432,American Association for Cancer Research (AACR)
16101018,Ital J Anat Embryol,,1122-6714,Firenze University Press
24027667,Cell J,,2228-5806,
16874656,Histol Histopathol,10.14670/HH-21.1143,1699-5848,
29372961,Genetika,,0016-6758,Akademizdatcenter Nauka
15636134,Zh Mikrobiol Epidemiol Immunobiol,,0372-9311,Central Research Institute for Epidemiology
27861481,Gac Med Mex,,0016-3813,"Publicidad Permanyer, SLU"
11702666,Zhonghua Yi Xue Za Zhi,,0376-2491,
17951821,Comput Syst Bioinformatics Conf,,1752-7791,
25844451,Mikrobiologiia,,0026-3656,Akademizdatcenter Nauka
19705792,Klin Med (Mosk),,0023-2149,Medical Informational Agency Publishers
22761186,Iran J Allergy Asthma Immunol,,1735-1502,Knowledge E
29509392,Prikl Biokhim Mikrobiol,,0555-1099,Pleiades Publishing Ltd
10769173,Biochem J,,0264-6021,Portland Press Ltd.
19119612,Sheng Li Ke Xue Jin Zhan,,0559-7765,
14708435,Ter Arkh,,0040-3660,LLC Obyedinennaya Redaktsiya
21877552,Undersea Hyperb Med,,1066-2936,Undersea and Hyperbaric Medical Society (UHMS)
15055488,Indian J Med Res,,0971-5916,Scientific Scholar
25842401,Eksp Klin Gastroenterol,,1682-8658,LLC Global Media Technology
14726678,Cell Cycle,,1538-4101,Informa UK Limited
18402291,Asian Pac J Allergy Immunol,,0125-877X,"Allergy, Asthma, and Immunology Association of Thailand"
26845853,Genetika,,0016-6758,The Russian Academy of Sciences
17273753,Oncol Rep,,1021-335X,Spandidos Publications
11497105,Membr Cell Biol,,1023-6597,
17672939,Ai Zheng,,,
11396193,Anticancer Res,,0250-7005,Anticancer Research USA Inc.
11732620,Acta Biochim Pol,,0001-527X,Frontiers Media SA
12395931,Biotechniques,,0736-6205,Informa UK Limited
18540434,Arkh Patol,,0004-1955,Media Sphere Publishing Group
10945626,Cancer Res,,0008-5472,American Association for Cancer Research (AACR)
18095520,J Heart Valve Dis,,0966-8519,International Academic and Research Consortium
15375530,Int J Oncol,,1019-6439,Spandidos Publications
23510838,Zhonghua Lao Dong Wei Sheng Zhi Ye Bing Za Zhi,,1001-9391,
11451350,J Androl,,0196-3635,Wiley
14509360,Pol J Vet Sci,,1505-1773,Polish Academy of Sciences Chancellery
10835883,Nippon Ganka Gakkai Zasshi,,0029-0203,
22117442,Biofizika,,0006-3029,Pleiades Publishing Ltd
36426731,Histol Histopathol,10.14670/HH-18-553,1699-5848,
19069790,Vopr Virusol,,0507-4088,Central Research Institute for Epidemiology
21500556,Sichuan Da Xue Xue Bao Yi Xue Ban,,1672-173X,
12437234,Indian J Chest Dis Allied Sci,,0377-9343,Jaypee Brothers Medical Publishing
30601623,Klin Lab Diagn,,0869-2084,EKOlab
19634757,Bing Du Xue Bao,,1000-8721,
15854490,Zhonghua Yi Xue Za Zhi,,0376-2491,
16342666,Biomed Khim,,2310-6972,Institute of Biochemistry
15034288,Korean J Gastroenterol,,1598-9992,The Korean Society of Gastroenterology
20193257,Chin Med J (Engl),,2542-5641,Ovid Technologies (Wolters Kluwer Health)
32269740,Am J Transl Res,,1943-8141,e-Century Publishing Corporation
11867591,Invest Ophthalmol Vis Sci,,0146-0404,Association for Research in Vision and Ophthalmology (ARVO)
33013272,EXCLI J,10.17179/excli2020-2363,1611-2156,
20717637,Sheng Li Xue Bao,,0371-0874,
37665724,J Assoc Genet Technol,,1523-7834,
17639987,Zhongguo Zhong Yao Za Zhi,,1001-5302,China Journal of Chinese Materia Medica
11788774,Plant Physiol,,0032-0889,Oxford University Press (OUP)
37802875,Zhongguo Zhong Yao Za Zhi,10.19540/j.cnki.cjcmm.20230510.706,1001-5302,China Journal of Chinese Materia Medica
10944156,J Exp Bot,,0022-0957,Oxford University Press (OUP)
12231479,Eur Cytokine Netw,,1148-5493,John Libbey Eurotext
11916135,J Enzyme Inhib,,8755-5093,Informa UK Limited
18813787,Int J Oncol,,1019-6439,Spandidos Publications
18664130,Tsitologiia,,0041-3771,Pleiades Publishing Ltd
37515338,Xi Bao Yu Fen Zi Mian Yi Xue Za Zhi,,1007-8738,
15208742,Mol Med,,1076-1551,Springer Science and Business Media LLC
12670892,Cancer Res,,0008-5472,American Association for Cancer Research (AACR)
29212581,Comp Med,,2769-819X,
16042885,Zhonghua Gan Zang Bing Za Zhi,,1007-3418,
26744869,Eur Rev Med Pharmacol Sci,,2284-0729,
18669302,Zh Obshch Biol,,0044-4596,The Russian Academy of Sciences
18528967,J Rheumatol,,0315-162X,The Journal of Rheumatology
28613662,StatPearls,,,
15964967,Am J Trop Med Hyg,,0002-9637,American Society of Tropical Medicine and Hygiene
16636373,Georgian Med News,,1512-0112,
28975966,Eur Rev Med Pharmacol Sci,,2284-0729,
30584709,Sheng Wu Gong Cheng Xue Bao,10.13345/j.cjb.180069,1872-2075,Elsevier BV
29950072,Zhongguo Zhong Yao Za Zhi,10.19540/j.cnki.cjcmm.20180322.001,1001-5302,China Journal of Chinese Materia Medica
27347333,Am J Transl Res,,1943-8141,e-Century Publishing Corporation
24022934,Zhejiang Da Xue Xue Bao Yi Xue Ban,10.3785/j.issn.1008-9292.2013.04.012,1008-9292,China Science Publishing & Media Ltd.
25352738,Mol Vis,,1090-0535,
17380886,Mol Biol (Mosk),,0026-8984,Akademizdatcenter Nauka
21557907,Xi Bao Yu Fen Zi Mian Yi Xue Za Zhi,,1007-8738,
11776324,Thromb Haemost,,0340-6245,Georg Thieme Verlag KG
16579077,Bull Soc Pathol Exot,,0037-9085,Lavoisier
16741026,Exp Biol Med (Maywood),,1535-3702,Frontiers Media SA
19069647,Wei Sheng Yan Jiu,,1000-8020,
18299274,Eur Cytokine Netw,10.1684/ecn.2008.0120,1952-4005,John Libbey Eurotext
22648546,Histol Histopathol,10.14670/HH-27.905,1699-5848,
27681547,J Vector Borne Dis,,0972-9062,Medknow
11360674,Acta Pharmacol Sin,,1671-4083,Springer Science and Business Media LLC
19081849,Acta Biochim Pol,,0001-527X,Frontiers Media SA
25976454,Histol Histopathol,10.14670/HH-11-630,1699-5848,
21965782,Anticancer Res,,1791-7530,Anticancer Research USA Inc.
19533890,Asia Pac J Public Health,,1010-5395,SAGE Publications
10766736,Genes Dev,,0890-9369,Cold Spring Harbor Laboratory
15747869,Vopr Virusol,,0507-4088,Central Research Institute for Epidemiology
32564565,Zhonghua Liu Xing Bing Xue Za Zhi,10.3760/cma.j.cn112338-20190815-00599,0254-6450,
16395491,Hamostaseologie,,0720-9355,Georg Thieme Verlag KG
24902367,Anal Quant Cytopathol Histpathol,,2578-742X,
18468426,Pol Arch Med Wewn,,,
19108467,Zhongguo Gu Shang,,1003-0034,
12820370,Anticancer Res,,0250-7005,Anticancer Research USA Inc.
18304426,Zhonghua Gan Zang Bing Za Zhi,,1007-3418,
12593473,Clin Lab,,1433-6510,Clinical Laboratory Publications
20608180,Mol Biol (Mosk),,0026-8984,Akademizdatcenter Nauka
11170055,J Med Virol,,0146-6615,Wiley
15130416,Zhonghua Nei Ke Za Zhi,,0578-1426,
11350919,Clin Cancer Res,,1078-0432,American Association for Cancer Research (AACR)
10959706,Thromb Haemost,,0340-6245,Georg Thieme Verlag KG
11861662,J Lipid Res,,0022-2275,Elsevier BV
11521598,Klin Lab Diagn,,0869-2084,EKOlab
10875438,Cell Mol Biol (Noisy-le-grand),,0145-5680,CMB Association
11156408,Cancer Res,,0008-5472,American Association for Cancer Research (AACR)
22594280,Biofizika,,0006-3029,Pleiades Publishing Ltd
17763712,Ying Yong Sheng Tai Xue Bao,,1001-9332,
24044220,Zhonghua Shi Yan He Lin Chuang Bing Du Xue Za Zhi,,1003-9279,
22582495,Clin Lab,,1433-6510,Clinical Laboratory Publications
22527432,J Drugs Dermatol,,1545-9616,SanovaWorks
26299053,Invest Clin,,0535-5133,Universidad del Zulia
11204566,Thromb Haemost,,0340-6245,Georg Thieme Verlag KG
19564817,Med Sci Monit,,1643-3750,"International Scientific Information, Inc."
11049984,Blood,,0006-4971,American Society of Hematology
15835784,Mikrobiologiia,,0026-3656,Akademizdatcenter Nauka
29618424,Pak J Pharm Sci,,1011-601X,"Faculty of Pharmacy and Pharmaceutical Sciences, University of Karachi"
25958681,Wei Sheng Wu Xue Bao,,0001-6209,China Science Publishing & Media Ltd.
19209727,Pac Symp Biocomput,,2335-6928,
17493350,Zhongguo Shi Yan Xue Ye Xue Za Zhi,,1009-2137,
10760947,J Cell Biochem,,0730-2312,Wiley
38018538,J Biosci,,0973-7138,Springer Science and Business Media LLC
18204143,J Physiol Pharmacol,,0867-5910,
22430988,Rev Argent Microbiol,10.1590/S0325-75412011000300002,0325-7541,Elsevier BV
26167115,Mol Vis,,1090-0535,
11248694,Eur J Biochem,,0014-2956,Wiley
31933977,Int J Clin Exp Pathol,,1936-2625,e-Century Publishing Corporation
12664443,Kekkaku,,0022-9776,
11985345,Pol J Pharmacol,,1230-6002,
12924192,Vopr Kurortol Fizioter Lech Fiz Kult,,0042-8787,Media Sphere Publishing Group
18622378,Khirurgiia (Sofiia),,0450-2167,
10648425,Blood,,0006-4971,American Society of Hematology
17569348,Zhongguo Zhong Xi Yi Jie He Za Zhi,,1003-5370,
11177211,Br J Nutr,,0007-1145,Cambridge University Press (CUP)
26826815,Pak J Pharm Sci,,1011-601X,"Faculty of Pharmacy and Pharmaceutical Sciences, University of Karachi"
16775291,AJNR Am J Neuroradiol,,0195-6108,American Society of Neuroradiology (ASNR)
26586704,Ann Clin Lab Sci,,1550-8080,
14608683,Radiats Biol Radioecol,,0869-8031,Akademizdatcenter Nauka
25345243,Indian J Exp Biol,,0019-5189,CSIR-National Institute of Science Communication and Policy Research (NIScPR)
27342524,Zhongguo Shi Yan Xue Ye Xue Za Zhi,10.7534/j.issn.1009-2137.2016.03.042,1009-2137,
29634106,Acta Pol Pharm,,0001-6837,Polish Pharmaceutical Society
19260477,Hepatogastroenterology,,0172-6390,Update Medical Publishing
21976956,Mol Vis,,1090-0535,
14594026,Space Med Med Eng (Beijing),,1002-0837,
25152129,Zhonghua Xue Ye Xue Za Zhi,10.3760/cma.j.issn.0253-2727.2014.08.020,0253-2727,
12904270,Acta Pharmacol Sin,,1671-4083,Springer Science and Business Media LLC
15732781,Otolaryngol Pol,,0030-6657,Index Copernicus
27703308,Mol Vis,,1090-0535,
24113271,Exp Mol Med,10.1038/emm.2013.91,2092-6413,Springer Science and Business Media LLC
16969489,Oncol Rep,,1021-335X,Spandidos Publications
16480624,Zhonghua Shao Shang Za Zhi,,1009-2587,
14723817,Zhonghua Er Ke Za Zhi,,0578-1310,
30198686,Tsitologiia,,0041-3771,Pleiades Publishing Ltd
11559543,Cancer Res,,0008-5472,American Association for Cancer Research (AACR)
11212254,Cancer Res,,0008-5472,American Association for Cancer Research (AACR)
34462374,Brain Nerve,10.11477/mf.1416201882,1881-6096,
12212362,Wien Klin Wochenschr,,0043-5325,Springer Science and Business Media LLC
30051904,Histol Histopathol,10.14670/HH-18-031,1699-5848,
21152271,Mol Vis,,1090-0535,
12024821,Mikrobiologiia,,0026-3656,Akademizdatcenter Nauka
10648015,J Rheumatol,,0315-162X,The Journal of Rheumatology
27079099,Sheng Wu Yi Xue Gong Cheng Xue Za Zhi,,1001-5515,
26271969,Xi Bao Yu Fen Zi Mian Yi Xue Za Zhi,,1007-8738,
36895982,Am J Cancer Res,,2156-6976,e-Century Publishing Corporation
23401653,Mol Vis,,1090-0535,
11848621,Ann Clin Lab Sci,,0091-7370,
15870939,Oncol Rep,,1021-335X,Spandidos Publications
12474521,Magy Seb,,0025-0295,Akademiai Kiado Zrt.
17684970,Ter Arkh,,0040-3660,Consilium Medicum
15134379,Drugs Exp Clin Res,,0378-6501,
16594544,Vet Comp Orthop Traumatol,,0932-0814,Georg Thieme Verlag KG
18240569,Mol Biol (Mosk),,0026-8984,Akademizdatcenter Nauka
20700909,Anal Chem,,1520-6882,American Chemical Society (ACS)
10861548,J Exp Zool,,0022-104X,Wiley
18394334,Xi Bao Yu Fen Zi Mian Yi Xue Za Zhi,,1007-8738,
26429367,Hellenic J Cardiol,,2241-5955,
11581577,J Endotoxin Res,,0968-0519,SAGE Publications
27779472,J Physiol Pharmacol,,1899-1505,
25300117,Antibiot Khimioter,,0235-2990,Publishing House OKI
31055537,Wiad Lek,,0043-5147,ALUNA
20715420,Jpn J Vet Res,,0047-1917,
25842852,Mol Biol (Mosk),,0026-8984,Akademizdatcenter Nauka
19366077,Rom J Intern Med,,1220-4749,Walter de Gruyter GmbH
12438214,Cancer Res,,0008-5472,American Association for Cancer Research (AACR)
34017421,Am J Transl Res,,1943-8141,e-Century Publishing Corporation
12019167,Cancer Res,,0008-5472,American Association for Cancer Research (AACR)
12432952,J Mol Microbiol Biotechnol,,1464-1801,S. Karger AG
16756174,Vopr Virusol,,0507-4088,Central Research Institute for Epidemiology
15977792,Prikl Biokhim Mikrobiol,,0555-1099,Akademizdatcenter Nauka
23898512,Sichuan Da Xue Xue Bao Yi Xue Ban,,1672-173X,
17622202,Int Angiol,,0392-9590,Edizioni Minerva Medica
18260892,Kardiologiia,,0022-9040,APO Society of Specialists in Heart Failure
12133464,Zhonghua Yi Xue Za Zhi,,0376-2491,
17503393,Genome Inform,,0919-9454,
20306667,Egypt J Immunol,,1110-4902,Egyptian Association of Immunologists
23855148,Nephrol News Issues,,0896-1263,
15646825,In Vivo,,0258-851X,Anticancer Research USA Inc.
21090173,Mol Biol (Mosk),,0026-8984,Akademizdatcenter Nauka
19103526,Eur Cytokine Netw,10.1684/ecn.2008.0136,1952-4005,John Libbey Eurotext
11585739,Cancer Res,,0008-5472,American Association for Cancer Research (AACR)
25551949,Clin Exp Obstet Gynecol,,0390-6663,IMR Press
15500712,Zhonghua Yi Xue Za Zhi,,0376-2491,
11064816,Anal Quant Cytol Histol,,,
17598641,Invest Clin,,0535-5133,Universidad del Zulia
16211260,Int J Mol Med,,1107-3756,Spandidos Publications
32940340,Histol Histopathol,10.14670/HH-18-258,1699-5848,
18583228,Nan Fang Yi Ke Da Xue Xue Bao,,1673-4254,
15699000,Di Yi Jun Yi Da Xue Xue Bao,,1000-2588,
11502884,Mol Pharmacol,,0026-895X,American Society for Pharmacology & Experimental Therapeutics (ASPET)
11215815,J Biol Regul Homeost Agents,,0393-974X,
18198668,Morfologiia,,1026-3543,ECO-Vector LLC
15459646,J Microbiol,,1225-8873,Springer Science and Business Media LLC
27236875,Bull Acad Natl Med,,0001-4079,Elsevier BV
15590423,Eur J Histochem,,1121-760X,PAGEPress Publications
11306717,Mol Pharmacol,,0026-895X,American Society for Pharmacology & Experimental Therapeutics (ASPET)
16386177,Zhongguo Wei Zhong Bing Ji Jiu Yi Xue,,1003-0603,
14582399,Genetika,,0016-6758,Akademizdatcenter Nauka
11299781,Anticancer Res,,0250-7005,Anticancer Research USA Inc.
23302332,Zhonghua Bing Li Xue Za Zhi,10.3760/cma.j.issn.0529-5807.2012.11.005,0529-5807,
15931643,J Nephrol,,1121-8428,Springer Science and Business Media LLC
31298323,Eur Rev Med Pharmacol Sci,10.26355/eurrev_201907_18308,2284-0729,
23016331,Guang Pu Xue Yu Guang Pu Fen Xi,,1000-0593,
14506168,Clin Cancer Res,,1078-0432,American Association for Cancer Research (AACR)
30229837,Eur Rev Med Pharmacol Sci,10.26355/eurrev_201809_15827,2284-0729,
23819038,Acta Naturae,,2075-8251,Acta Naturae Ltd
12500176,Mol Vis,,1090-0535,
12577849,Ter Arkh,,0040-3660,LLC Obyedinennaya Redaktsiya
11062063,Biochem J,,0264-6021,Portland Press Ltd.
30653883,Mikrobiol Z,,1028-0987,National Academy of Sciences of Ukraine (Co. LTD Ukrinformnauka)
10727408,Biochem J,,0264-6021,Portland Press Ltd.
16957390,Zhi Wu Sheng Li Yu Fen Zi Sheng Wu Xue Xue Bao,,1671-3877,
25842869,Mol Biol (Mosk),,0026-8984,Akademizdatcenter Nauka
17089001,Int J Oncol,,1019-6439,Spandidos Publications
19489277,Zhonghua Yi Xue Za Zhi,,0376-2491,
31232005,Sheng Wu Gong Cheng Xue Bao,10.13345/j.cjb.180492,1872-2075,Elsevier BV
19066132,J Exp Ther Oncol,,1359-4117,Wiley
14974716,Photochem Photobiol,,0031-8655,Wiley
18663967,Izv Akad Nauk Ser Biol,,1026-3470,The Russian Academy of Sciences
11606405,Cancer Res,,0008-5472,American Association for Cancer Research (AACR)
15192337,J Vet Sci,,1229-845X,XMLink
14695167,Cancer Res,,0008-5472,American Association for Cancer Research (AACR)
24798563,Nefrologia,10.3265/Nefrologia.pre2014.Jan.12436,1989-2284,
12566320,Cancer Res,,0008-5472,American Association for Cancer Research (AACR)
11203734,J Orofac Pain,,1064-6655,Quintessence Publishing
11173703,Ann Med Interne (Paris),,0003-410X,
15142447,Ai Zheng,,,
10770846,J Neurobiol,,0022-3034,Wiley
17671684,Int J Oncol,,1019-6439,Spandidos Publications
11180402,J Cell Biochem,,0730-2312,Wiley
35770635,Sheng Li Xue Bao,,0371-0874,
32012499,Wiad Lek,,0043-5147,ALUNA
11095580,Drug Metab Dispos,,0090-9556,American Society for Pharmacology & Experimental Therapeutics (ASPET)
14989173,Tsitologiia,,0041-3771,Pleiades Publishing Ltd
25007625,Guang Pu Xue Yu Guang Pu Fen Xi,,1000-0593,
12371140,Histol Histopathol,10.14670/HH-17.1121,0213-3911,
22390062,Pol J Microbiol,,1733-1331,Polish Society of Microbiologists
21950193,Invest Clin,,0535-5133,Universidad del Zulia
11606377,Cancer Res,,0008-5472,American Association for Cancer Research (AACR)
15944795,Oncol Rep,,1021-335X,Spandidos Publications
19062711,Zhonghua Zhong Liu Za Zhi,,0253-3766,
24403444,Anticancer Res,,1791-7530,Anticancer Research USA Inc.
11706180,Plant Physiol,,0032-0889,Oxford University Press (OUP)
15954464,Biocell,,0327-9545,
18396630,Zhonghua Yi Xue Za Zhi,,0376-2491,
17201176,Anticancer Res,,0250-7005,Anticancer Research USA Inc.
11939716,J Physiol Pharmacol,,0867-5910,
11895921,Clin Cancer Res,,1078-0432,American Association for Cancer Research (AACR)
19536307,Mol Vis,,1090-0535,
35352818,Histol Histopathol,10.14670/HH-18-452,1699-5848,
17380895,Mol Biol (Mosk),,0026-8984,Akademizdatcenter Nauka
17627080,J Musculoskelet Neuronal Interact,,1108-7161,
25941715,Mikrobiologiia,,0026-3656,Akademizdatcenter Nauka
11462897,Hepatogastroenterology,,0172-6390,Update Medical Publishing
17085967,Mol Cells,,1016-8478,Elsevier BV
12435858,Mol Med,,1076-1551,Springer Science and Business Media LLC
15228666,Zhongguo Shi Yan Xue Ye Xue Za Zhi,,1009-2137,
22416407,Vestn Khir Im I I Grek,,0042-4625,FSBEI HE I.P. Pavlov SPbSMU MOH Russia
27545213,Cell Mol Biol (Noisy-le-grand),,1165-158X,CMB Association
19641684,Exp Clin Cardiol,,1205-6626,
16358959,Rocz Akad Med Bialymst,,,
34150009,Am J Transl Res,,1943-8141,e-Century Publishing Corporation
12724941,Biomed Sci Instrum,,0067-8856,
11247339,Mikrobiol Z,,1028-0987,National Academy of Sciences of Ukraine (Co. LTD Ukrinformnauka)
15609857,Prikl Biokhim Mikrobiol,,0555-1099,Akademizdatcenter Nauka
19252416,Cancer Biol Ther,,1555-8576,Informa UK Limited
17539322,Ginecol Obstet Mex,,0300-9041,Nieto Editores
10690617,Hepatogastroenterology,,0172-6390,Update Medical Publishing
14738992,Biochim Biophys Acta,,0006-3002,Elsevier BV
26710459,Sheng Wu Yi Xue Gong Cheng Xue Za Zhi,,1001-5515,
38062961,Mol Biol (Mosk),,0026-8984,Akademizdatcenter Nauka
11309316,Cancer Res,,0008-5472,American Association for Cancer Research (AACR)
12907610,Cancer Res,,0008-5472,American Association for Cancer Research (AACR)
17425902,Psicothema,,0214-9915,
24741985,Zhongguo Ying Yong Sheng Li Xue Za Zhi,,1000-6834,Editorial Office of Chinese Journal of Applied Physiology
25826491,Rom J Morphol Embryol,,2066-8279,Societatea Romana de Morfologie
15002752,Biocell,,0327-9545,
11953203,Zhonghua Yi Xue Za Zhi,,0376-2491,
28641616,Zhongguo Shi Yan Xue Ye Xue Za Zhi,10.7534/j.issn.1009-2137.2017.03.007,1009-2137,
11159775,Clin Chem,,0009-9147,Oxford University Press (OUP)
20641162,Bone,,1873-2763,
16274629,Cell Mol Immunol,,2042-0226,Springer Science and Business Media LLC
19835058,ALTEX,,1868-596X,ALTEX Edition
27511995,J Physiol Pharmacol,,1899-1505,
12374701,Clin Cancer Res,,1078-0432,American Association for Cancer Research (AACR)
21776299,J Med Life,,1844-3117,S.C.  JURNALUL PENTRU MEDICINA SI VIATA S.R.L
11844871,Mol Med,,1076-1551,Springer Science and Business Media LLC
11034092,Cancer Res,,0008-5472,American Association for Cancer Research (AACR)
26841626,Huan Jing Ke Xue,,0250-3301,
21208568,Xi Bao Yu Fen Zi Mian Yi Xue Za Zhi,,1007-8738,
19201747,Ann Clin Lab Sci,,1550-8080,
36151640,Virologie (Montrouge),10.1684/13-2.2021.14902,1267-8694,John Libbey Eurotext
27807325,Zhong Nan Da Xue Xue Bao Yi Xue Ban,10.11817/j.issn.1672-7347.2016.10.005,1672-7347,
11474125,Mol Med,,1076-1551,Springer Science and Business Media LLC
15944763,Oncol Rep,,1021-335X,Spandidos Publications
12391690,Kyobu Geka,,0021-5252,
12715915,J Med Dent Sci,,1342-8810,
11980848,Invest Ophthalmol Vis Sci,,0146-0404,Association for Research in Vision and Ophthalmology (ARVO)
22212920,Folia Neuropathol,,1509-572X,
23599814,J Med Life,,1844-3117,S.C.  JURNALUL PENTRU MEDICINA SI VIATA S.R.L
30820148,Mol Vis,,1090-0535,
12118326,Int J Oncol,,1019-6439,Spandidos Publications
11221836,Cancer Res,,0008-5472,American Association for Cancer Research (AACR)
21954596,Mol Biol (Mosk),,0026-8984,Akademizdatcenter Nauka
12692265,Mol Cancer Res,,1541-7786,American Association for Cancer Research (AACR)
37732577,Xi Bao Yu Fen Zi Mian Yi Xue Za Zhi,,1007-8738,
28614771,J Physiol Pharmacol,,1899-1505,
27228661,Tsitologiia,,0041-3771,Pleiades Publishing Ltd
24020126,Pharmazie,,0031-7144,
24611351,Coll Antropol,,0350-6134,Croatian Anthropological Society
10959704,Thromb Haemost,,0340-6245,Georg Thieme Verlag KG
20143672,Ann Acad Med Stetin,,1427-440X,
20387634,Ukr Biokhim Zh (1999),,,
16004262,Izv Akad Nauk Ser Biol,,1026-3470,The Russian Academy of Sciences
23762990,Eksp Klin Farmakol,,0869-2092,Folium Publishing Company
26191122,Int J Clin Exp Pathol,,1936-2625,e-Century Publishing Corporation
37914237,Rinsho Ketsueki,10.11406/rinketsu.64.1258,0485-1439,
12899389,Chin Med Sci J,,1001-9294,Chinese Medical Sciences Journal
15989007,Ter Arkh,,0040-3660,LLC Obyedinennaya Redaktsiya
17458052,Adv Med Sci,,1896-1126,Elsevier BV
31128030,J BUON,,2241-6293,
10985260,J Leukoc Biol,,0741-5400,Oxford University Press (OUP)
22428467,Eur Rev Med Pharmacol Sci,,1128-3602,
11221890,Cancer Res,,0008-5472,American Association for Cancer Research (AACR)
21442950,Mikrobiol Z,,1028-0987,National Academy of Sciences of Ukraine (Co. LTD Ukrinformnauka)
27412932,Xi Bao Yu Fen Zi Mian Yi Xue Za Zhi,,1007-8738,
24409759,Wei Sheng Wu Xue Bao,,0001-6209,China Science Publishing & Media Ltd.
10949910,Mol Med,,1076-1551,Springer Science and Business Media LLC
14752275,Cell Cycle,,1538-4101,Informa UK Limited
31233686,Vopr Pitan,10.24411/0042-8833-2019-10015,0042-8833,Geotar-Media Publishing Group
18204791,Int J Mol Med,,1107-3756,Spandidos Publications
17631765,Zhonghua Fu Chan Ke Za Zhi,,0529-567X,
11833780,Acta Biochim Pol,,0001-527X,Frontiers Media SA
21615995,Zhonghua Bing Li Xue Za Zhi,,0529-5807,
17543216,Cell Mol Biol (Noisy-le-grand),,1165-158X,CMB Association
16050109,Evolution,,0014-3820,The Society for the Study of Evolution
12620973,Hum Mol Genet,,0964-6906,Oxford University Press (OUP)
16136724,J Submicrosc Cytol Pathol,,1122-9497,
18080495,Fiziol Zh (1994),,2522-9028,National Academy of Sciences of Ukraine (Co. LTD Ukrinformnauka)
24829177,Neth J Med,,1872-9061,
17172020,Wei Sheng Wu Xue Bao,,0001-6209,China Science Publishing & Media Ltd.
26521461,Klin Khir,,0023-2130,"Liga-Inform, Ltd."
17907405,Biofizika,,0006-3029,Pleiades Publishing Ltd
18405058,Coll Antropol,,0350-6134,Croatian Anthropological Society
15842829,Zhonghua Yu Fang Yi Xue Za Zhi,,0253-9624,
18157474,Sheng Li Xue Bao,,0371-0874,
38085149,Iran J Allergy Asthma Immunol,10.18502/ijaai.v22i5.13997,1735-5249,Knowledge E DMCC
19122831,Mol Vis,,1090-0535,
21154164,Curr Opin Mol Ther,,2040-3445,
15031510,Am J Trop Med Hyg,,0002-9637,American Society of Tropical Medicine and Hygiene
11481257,Invest Ophthalmol Vis Sci,,0146-0404,Association for Research in Vision and Ophthalmology (ARVO)
22340390,Chin Med J (Engl),,2542-5641,Ovid Technologies (Wolters Kluwer Health)
23981607,Chin Med J (Engl),,2542-5641,Ovid Technologies (Wolters Kluwer Health)
17786354,Oncol Rep,,1021-335X,Spandidos Publications
11888927,Cancer Res,,0008-5472,American Association for Cancer Research (AACR)
24396996,Biocell,,0327-9545,
15636144,Zh Mikrobiol Epidemiol Immunobiol,,0372-9311,Central Research Institute for Epidemiology
31622254,Wiad Lek,,0043-5147,ALUNA
11732569,Ital J Anat Embryol,,1122-6714,Firenze University Press
11321455,Clin Hemorheol Microcirc,,1386-0291,IOS Press
11788791,Mol Med,,1076-1551,Springer Science and Business Media LLC
18989530,Thromb Haemost,,0340-6245,Georg Thieme Verlag KG
14527354,Chin Med J (Engl),,0366-6999,Ovid Technologies (Wolters Kluwer Health)
19260479,Hepatogastroenterology,,0172-6390,Update Medical Publishing
29693365,Asian Pac J Cancer Prev,10.22034/APJCP.2018.19.4.969,2476-762X,EpiSmart Science Vector Ltd
19331208,Anticancer Res,,0250-7005,Anticancer Research USA Inc.
18669257,Prikl Biokhim Mikrobiol,,0555-1099,Pleiades Publishing Ltd
16185532,Zhonghua Yi Xue Za Zhi,,0376-2491,
15559612,Pol Merkur Lekarski,,1426-9686,ALUNA
17914591,Oncol Rep,,1021-335X,Spandidos Publications
11445847,Int J Oncol,,1019-6439,Spandidos Publications
18791271,Cell Oncol,10.3233/clo-2008-0442,1570-5870,
12023868,Biochem Soc Trans,,0300-5127,Portland Press Ltd.
10809664,Genes Dev,,0890-9369,Cold Spring Harbor Laboratory
16447766,Rinsho Shinkeigaku,,0009-918X,Societas Neurologica Japonica
12553071,Anticancer Res,,0250-7005,Anticancer Research USA Inc.
12857501,Zhongguo Wei Zhong Bing Ji Jiu Yi Xue,,1003-0603,
11309272,Cancer Res,,0008-5472,American Association for Cancer Research (AACR)
12217806,Haematologica,,0390-6078,Ferrata Storti Foundation (Haematologica)
20848843,Zhonghua Shi Yan He Lin Chuang Bing Du Xue Za Zhi,,1003-9279,
21575478,Zhonghua Zhong Liu Za Zhi,,0253-3766,
12680244,Anticancer Res,,0250-7005,Anticancer Research USA Inc.
22430657,Pain Physician,,2150-1149,American Society of Interventional Pain Physicians
33645151,Sheng Wu Gong Cheng Xue Bao,10.13345/j.cjb.200312,1872-2075,Elsevier BV
12719784,Thromb Haemost,,0340-6245,Georg Thieme Verlag KG
11987468,Folia Biol (Krakow),,0015-5497,"Institute of Systematics and Evolution of Animals, Polish Academy of Sciences"
12813565,Cell Mol Biol Lett,,1425-8153,Springer Science and Business Media LLC
12481431,Mol Cancer Ther,,1535-7163,American Association for Cancer Research (AACR)
16913229,Mol Biol (Mosk),,0026-8984,Akademizdatcenter Nauka
15495983,J Environ Sci (China),,1001-0742,Elsevier BV
12750285,Cancer Res,,0008-5472,American Association for Cancer Research (AACR)
27293376,Mol Vis,,1090-0535,
16081580,Ann Clin Lab Sci,,0091-7370,
20684070,J Mol Biol,,1089-8638,Elsevier BV
25169219,Zhonghua Lao Dong Wei Sheng Zhi Ye Bing Za Zhi,,1001-9391,
18225661,Biofizika,,0006-3029,Pleiades Publishing Ltd
37034225,Am J Cancer Res,,2156-6976,e-Century Publishing Corporation
15969078,Sheng Wu Gong Cheng Xue Bao,,1000-3061,
20952726,In Vivo,,1791-7549,Anticancer Research USA Inc.
18686603,Zhongguo Yi Xue Ke Xue Yuan Xue Bao,,1000-503X,
18177616,Xi Bao Yu Fen Zi Mian Yi Xue Za Zhi,,1007-8738,
21574455,Klin Lab Diagn,,0869-2084,EKOlab
12784746,Ital Heart J,,1129-471X,
15100990,Genet Mol Res,,1676-5680,Genetics and Molecular Research
21961240,Zhonghua Nan Ke Xue,,1009-3591,
24966661,Mol Vis,,1090-0535,
19292032,Sichuan Da Xue Xue Bao Yi Xue Ban,,1672-173X,
10850426,Cancer Res,,0008-5472,American Association for Cancer Research (AACR)
12719780,Thromb Haemost,,0340-6245,Georg Thieme Verlag KG
10949036,Mol Cell,,1097-2765,Elsevier BV
10753850,Blood,,0006-4971,American Society of Hematology
11586265,J Urol,,0022-5347,Ovid Technologies (Wolters Kluwer Health)
34458691,MicroPubl Biol,10.17912/micropub.biology.000430,2578-9430,
30726655,Klin Lab Diagn,10.18821/0869-2084-2018-63-8-500-505,0869-2084,EKOlab
21169731,J Endocrinol Invest,10.3275/7411,1720-8386,Springer Science and Business Media LLC
16705863,Mol Cell Biomech,,1556-5297,Sin-Chn Scientific Press Pte. Ltd (Singapore) (Publications)
23239849,In Vivo,,1791-7549,Anticancer Research USA Inc.
32642284,Am J Cancer Res,,2156-6976,e-Century Publishing Corporation
22166631,Chin Med J (Engl),,2542-5641,Ovid Technologies (Wolters Kluwer Health)
21207640,Pol Merkur Lekarski,,1426-9686,ALUNA
20957220,Int J Nanomedicine,,1178-2013,Informa UK Limited
26927340,Ann Clin Lab Sci,,1550-8080,
16496675,Yao Xue Xue Bao,,0513-4870,
15498113,Zhongguo Shi Yan Xue Ye Xue Za Zhi,,1009-2137,
14959821,Methods Mol Med,,1543-1894,Humana Press
16379289,Guang Pu Xue Yu Guang Pu Fen Xi,,1000-0593,
19238754,Biochemistry,,1520-4995,American Chemical Society (ACS)
23567848,Iran Biomed J,10.6091/ibj.1114.2013,2008-823X,CMV Verlag
15748434,Zhongguo Shi Yan Xue Ye Xue Za Zhi,,1009-2137,
16026142,Bratisl Lek Listy,,0006-9248,
11606399,Cancer Res,,0008-5472,American Association for Cancer Research (AACR)
11977244,Dokl Biochem,,0012-4958,
12841135,Stomatologiia (Mosk),,0039-1735,Media Sphere Publishing Group
29375048,J Physiol Pharmacol,,1899-1505,
33083498,ArXiv,,2331-8422,
11827167,Mol Cell Biochem,,0300-8177,Springer Science and Business Media LLC
12848090,Ital Heart J,,1129-471X,
11563328,Indian J Biochem Biophys,,0301-1208,CSIR-National Institute of Science Communication and Policy Research (NIScPR)
10937349,Int J Tissue React,,0250-0868,
33334792,Ann Clin Lab Sci,,1550-8080,
22519177,Bing Du Xue Bao,,1000-8721,
12442900,Mol Cells,,1016-8478,Elsevier BV
26027278,Vestn Ross Akad Med Nauk,,0869-6047,Paediatrician Publishers LLC
12603024,Pac Symp Biocomput,,2335-6928,
15724381,Egypt J Immunol,,1110-4902,Egyptian Association of Immunologists
28829501,Eur Rev Med Pharmacol Sci,,2284-0729,
16965676,Ai Zheng,,,
20149318,Clin Exp Rheumatol,,0392-856X,Clinical and Experimental Rheumatology
10855636,J Nucl Med,,0161-5505,Society of Nuclear Medicine
12384561,Cancer Res,,0008-5472,American Association for Cancer Research (AACR)
26883632,Nucleic Acids Res,10.1093/nar/gkw086,1362-4962,Oxford University Press (OUP)
15490883,Yi Chuan Xue Bao,,0379-4172,Elsevier BV
11691828,Cancer Res,,0008-5472,American Association for Cancer Research (AACR)
17970088,Anticancer Res,,0250-7005,Anticancer Research USA Inc.
11023510,Blood,,0006-4971,American Society of Hematology
36443051,Sichuan Da Xue Xue Bao Yi Xue Ban,10.12182/20221160201,1672-173X,
12086398,J Environ Pathol Toxicol Oncol,,0731-8898,Begell House
16383036,Zhonghua Shao Shang Za Zhi,,1009-2587,
11583324,Thromb Haemost,,0340-6245,Georg Thieme Verlag KG
26964362,Mikrobiologiia,,0026-3656,Akademizdatcenter Nauka
11929784,Blood,,0006-4971,American Society of Hematology
11776314,Thromb Haemost,,0340-6245,Georg Thieme Verlag KG
18319612,Mol Cells,,1016-8478,Elsevier BV
21179700,Hua Xi Kou Qiang Yi Xue Za Zhi,,1000-1182,
28446410,Nan Fang Yi Ke Da Xue Xue Bao,10.3969/j.issn.1673-4254.2017.04.20,1673-4254,
15171253,Novartis Found Symp,,1528-2511,
12449636,Mikrobiologiia,,0026-3656,Akademizdatcenter Nauka
17139372,Thromb Haemost,,0340-6245,Georg Thieme Verlag KG
11299835,Anticancer Res,,0250-7005,Anticancer Research USA Inc.
12176893,Blood,,0006-4971,American Society of Hematology
16865289,Int J Oncol,,1019-6439,Spandidos Publications
19693287,Mol Vis,,1090-0535,
21692033,Histol Histopathol,10.14670/HH-26.1007,1699-5848,
22838206,Indian J Tuberc,,0019-5707,Elsevier BV
21427980,Tsitologiia,,0041-3771,Pleiades Publishing Ltd
18030284,Environ Sci,,0915-955X,
12174582,Genetika,,0016-6758,The Russian Academy of Sciences
16258401,Med Sci Monit,,1234-1010,"International Scientific Information, Inc."
24941761,Zhonghua Zheng Xing Wai Ke Za Zhi,,1009-4598,
35747942,Histol Histopathol,10.14670/HH-18-484,1699-5848,
11234401,Prikl Biokhim Mikrobiol,,0555-1099,Akademizdatcenter Nauka
19916321,Patol Fiziol Eksp Ter,,0031-2991,Cifra Ltd - Russian Agency for Digital Standardization (RADS)
12029002,Clin Chem,,0009-9147,Oxford University Press (OUP)
11697235,Recept Channels,,1060-6823,Informa UK Limited
24623969,Mol Vis,,1090-0535,
17487359,Int J Oncol,,1019-6439,Spandidos Publications
23302462,Zhonghua Wai Ke Za Zhi,,0529-5815,
26977027,Anticancer Res,,1791-7530,Anticancer Research USA Inc.
12516962,Mol Cancer Ther,,1535-7163,American Association for Cancer Research (AACR)
25816527,Zh Mikrobiol Epidemiol Immunobiol,,0372-9311,Central Research Institute for Epidemiology
11551150,Physiol Res,,0862-8408,Institute of Physiology of the Czech Academy of Sciences
17912804,Wiad Parazytol,,0043-5163,
11860933,Zhonghua Yu Fang Yi Xue Za Zhi,,0253-9624,
16459354,Zh Nevrol Psikhiatr Im S S Korsakova,,1997-7298,Media Sphere Publishing Group
17908505,Xi Bao Yu Fen Zi Mian Yi Xue Za Zhi,,1007-8738,
11289106,Cancer Res,,0008-5472,American Association for Cancer Research (AACR)
28820402,J Physiol Pharmacol,,1899-1505,
21542284,Yao Xue Xue Bao,,0513-4870,
33013268,EXCLI J,10.17179/excli2020-2286,1611-2156,
23610920,Mikrobiologiia,,0026-3656,Akademizdatcenter Nauka
16511355,Mol Cells,,1016-8478,Elsevier BV
17111826,Yao Xue Xue Bao,,0513-4870,
15481790,Chin J Physiol,,0304-4920,Medknow
10657247,Biochem J,,0264-6021,Portland Press Ltd.
32186099,J Tradit Chin Med,,2589-451X,
21109931,Int J Oncol,,1791-2423,Spandidos Publications
34179196,Iran J Biotechnol,10.30498/IJB.2021.2783,1728-3043,Armenian Green Publishing Co.
16012770,Int J Mol Med,,1107-3756,Spandidos Publications
11053283,Invest Ophthalmol Vis Sci,,0146-0404,Association for Research in Vision and Ophthalmology (ARVO)
20922681,G Ital Nefrol,,0393-5590,
11771326,Prikl Biokhim Mikrobiol,,0555-1099,Pleiades Publishing Ltd
33601825,Trop Biomed,,2521-9855,Malaysian Society of Parasitology and Tropical Medicine
12778796,Zhonghua Zheng Xing Wai Ke Za Zhi,,1009-4598,
22642083,Klin Khir,,0023-2130,"Liga-Inform, Ltd."
14558965,Ai Zheng,,,
26480761,Nihon Rinsho,,0047-1852,
12701794,J Heart Valve Dis,,0966-8519,International Academic and Research Consortium
16029568,Zhonghua Yi Xue Za Zhi,,0376-2491,
21340435,Sheng Li Xue Bao,,0371-0874,
37963752,Zhonghua Xin Xue Guan Bing Za Zhi,10.3760/cma.j.cn112148-20230918-00171,0253-3758,
24319944,Zhonghua Shi Yan He Lin Chuang Bing Du Xue Za Zhi,,1003-9279,
33268576,Zhong Nan Da Xue Xue Bao Yi Xue Ban,10.11817/j.issn.1672-7347.2020.190241,1672-7347,
36247238,Am J Transl Res,,1943-8141,e-Century Publishing Corporation
25204079,Indian J Biochem Biophys,,0301-1208,CSIR-National Institute of Science Communication and Policy Research (NIScPR)
17786272,Int J Mol Med,,1107-3756,Spandidos Publications
21211436,Zhonghua Kou Qiang Yi Xue Za Zhi,,1002-0098,
20344938,Wei Sheng Wu Xue Bao,,0001-6209,China Science Publishing & Media Ltd.
15526467,Biofizika,,0006-3029,Pleiades Publishing Ltd
15269981,Zhejiang Da Xue Xue Bao Yi Xue Ban,10.3785/j.issn.1008-9292.2004.04.008,1008-9292,China Science Publishing & Media Ltd.
20003764,J Biol Regul Homeost Agents,,0393-974X,
16329651,Ernst Schering Res Found Workshop,,0947-6075,Springer Berlin Heidelberg
21369644,J Drugs Dermatol,,1545-9616,SanovaWorks
23114254,MMWR Morb Mortal Wkly Rep,,1545-861X,Centers for Disease Control MMWR Office
26191190,Int J Clin Exp Pathol,,1936-2625,e-Century Publishing Corporation
22582503,Clin Lab,,1433-6510,Clinical Laboratory Publications
19105276,Zhongguo Gu Shang,,1003-0034,
24868914,Ukr Biochem J,,2409-4943,National Academy of Sciences of Ukraine (Co. LTD Ukrinformnauka)
29974848,Cell Mol Biol (Noisy-le-grand),,1165-158X,CMB Association
16235546,Sichuan Da Xue Xue Bao Yi Xue Ban,,1672-173X,
10698689,Biochem J,,0264-6021,Portland Press Ltd.
26535185,Transl Med UniSa,,2239-9747,"Translational Medicine, University of Salerno"
28781278,Rinsho Ketsueki,10.11406/rinketsu.58.806,0485-1439,
17264961,Thromb Haemost,,0340-6245,Georg Thieme Verlag KG
11372677,Thromb Haemost,,0340-6245,Georg Thieme Verlag KG
12147616,Invest Ophthalmol Vis Sci,,0146-0404,Association for Research in Vision and Ophthalmology (ARVO)
17592551,Mol Med,10.2119/2006–00091.Carelli,1076-1551,Springer Science and Business Media LLC
11891855,J Cell Biochem,,0730-2312,Wiley
20183801,Histol Histopathol,10.14670/HH-25.485,1699-5848,
23944053,Zhongguo Zhong Yao Za Zhi,,1001-5302,China Journal of Chinese Materia Medica
26263631,Mikrobiologiia,,0026-3656,Akademizdatcenter Nauka
16964381,Int J Oncol,,1019-6439,Spandidos Publications
18064323,Thromb Haemost,,0340-6245,Georg Thieme Verlag KG
19785955,Zhonghua Gan Zang Bing Za Zhi,,1007-3418,
12458325,Neoplasma,,0028-2685,"AEPress, s.r.o."
22442976,Zh Mikrobiol Epidemiol Immunobiol,,0372-9311,Central Research Institute for Epidemiology
23369087,J Immunotoxicol,10.3109/1547691X.2013.763872,1547-6901,Informa UK Limited
12524983,Probl Tuberk,,0032-9533,
23600199,Sichuan Da Xue Xue Bao Yi Xue Ban,,1672-173X,
14503849,Mol Cells,,1016-8478,Elsevier BV
10706873,Blood,,0006-4971,American Society of Hematology
18547981,Mol Cells,,1016-8478,Elsevier BV
17393579,Br J Cancer,,0007-0920,Springer Science and Business Media LLC
17806217,Med Tr Prom Ekol,,1026-9428,FSBI Research Institute of Occupational Health RAMS
21176350,Zhongguo Shi Yan Xue Ye Xue Za Zhi,,1009-2137,
12053755,Cas Lek Cesk,,0008-7335,
21464593,J Microbiol Biotechnol,,1738-8872,Korean Society for Microbiology and Biotechnology
17083810,Zhonghua Fu Chan Ke Za Zhi,,0529-567X,
11310559,Biochem Cell Biol,,0829-8211,Canadian Science Publishing
19226769,Commun Agric Appl Biol Sci,,1379-1176,
14769205,Acta Pharmacol Sin,,1671-4083,Springer Science and Business Media LLC
15496829,Mol Vis,,1090-0535,
28956420,J Biol Regul Homeost Agents,,0393-974X,
11272280,J Leukoc Biol,,0741-5400,Oxford University Press (OUP)
11432805,Cell Growth Differ,,1044-9523,
12905658,Zhongguo Yi Xue Ke Xue Yuan Xue Bao,,1000-503X,
19085831,Histol Histopathol,10.14670/HH-24.149,1699-5848,
14677173,J Rheumatol,,0315-162X,The Journal of Rheumatology
22396869,Aging Dis,,2152-5250,Aging and Disease
12567182,Mol Vis,,1090-0535,
15667795,Chin Med J (Engl),,0366-6999,Ovid Technologies (Wolters Kluwer Health)
23127396,Xi Bao Yu Fen Zi Mian Yi Xue Za Zhi,,1007-8738,
11497261,Anticancer Res,,0250-7005,Anticancer Research USA Inc.
12506326,Sheng Li Xue Bao,,0371-0874,
15490874,Yi Chuan Xue Bao,,0379-4172,Elsevier BV
23738399,J Indian Med Assoc,,0019-5847,
26667573,Folia Biol (Praha),,0015-5500,"Charles University in Prague, Karolinum Press"
25161284,Proc Natl Acad Sci U S A,10.1073/pnas.1321940111,1091-6490,Proceedings of the National Academy of Sciences
30556867,Eur Rev Med Pharmacol Sci,10.26355/eurrev_201812_16524,2284-0729,
23173123,Acta Biochim Pol,,1734-154X,Frontiers Media SA
20806082,Mol Vis,,1090-0535,
28186120,Sci Rep,10.1038/srep42166,2045-2322,Springer Science and Business Media LLC
23700898,Rev Med Chir Soc Med Nat Iasi,,0048-7848,Grigore T. Popa University of Medicine and Pharmacy
16734118,Egypt J Immunol,,1110-4902,Egyptian Association of Immunologists
31036909,Nat Microbiol,10.1038/s41564-019-0431-8,2058-5276,Springer Science and Business Media LLC
31635448,J Biol Regul Homeost Agents,10.23812/19-97-L,0393-974X,
11050005,Blood,,0006-4971,American Society of Hematology
18546511,Genome Inform,,0919-9454,
26492646,Pharmazie,,0031-7144,
31631594,Sichuan Da Xue Xue Bao Yi Xue Ban,,1672-173X,
12149570,Mol Med,,1076-1551,Springer Science and Business Media LLC
26259392,J Exp Ther Oncol,,1359-4117,Wiley
11049968,Blood,,0006-4971,American Society of Hematology
17633210,Yao Xue Xue Bao,,0513-4870,
14628085,Neoplasma,,0028-2685,"AEPress, s.r.o."
25931227,Zhong Nan Da Xue Xue Bao Yi Xue Ban,10.11817/j.issn.1672-7347.2015.04.001,1672-7347,
10741715,Clin Cancer Res,,1078-0432,American Association for Cancer Research (AACR)
12627902,J Pak Med Assoc,,0030-9982,Pakistan Medical Association
21395010,Eksp Klin Farmakol,,0869-2092,Folium Publishing Company
11693377,Indian J Biochem Biophys,,0301-1208,CSIR-National Institute of Science Communication and Policy Research (NIScPR)
10871296,J Pharmacol Exp Ther,,0022-3565,American Society for Pharmacology & Experimental Therapeutics (ASPET)
20968036,Fiziol Zh (1994),,2522-9028,National Academy of Sciences of Ukraine (Co. LTD Ukrinformnauka)
11309333,Clin Cancer Res,,1078-0432,American Association for Cancer Research (AACR)
11780325,Chin Med J (Engl),,0366-6999,Ovid Technologies (Wolters Kluwer Health)
26722046,Anticancer Res,,1791-7530,Anticancer Research USA Inc.
30201066,Zhongguo Fei Ai Za Zhi,10.3779/j.issn.1009-3419.2018.09.05,1999-6187,
17515111,Nihon Shinkei Seishin Yakurigaku Zasshi,,1340-2544,
26502537,Zhen Ci Yan Jiu,,1000-0607,
18320118,Biomedica,,0120-4157,Instituto Nacional de Salud (Colombia)
15634544,Zhonghua Nei Ke Za Zhi,,0578-1426,
23458003,Gig Sanit,,0016-9900,Federal Scientific Center for Hygiene F.F.Erisman
14712927,Novartis Found Symp,,1528-2511,
11961590,Sheng Li Xue Bao,,0371-0874,
12640971,Lakartidningen,,0023-7205,
11317942,Scand J Clin Lab Invest Suppl,,0085-591X,
17595870,Rev Med Chir Soc Med Nat Iasi,,0048-7848,Grigore T. Popa University of Medicine and Pharmacy
17722604,Vopr Virusol,,0507-4088,Central Research Institute for Epidemiology
19788872,Discov Med,,1944-7930,
23786011,Lik Sprava,,1019-5297,LLC Information and Research Center Likarska Sprava
29169414,Xi Bao Yu Fen Zi Mian Yi Xue Za Zhi,,1007-8738,
11887894,Space Med Med Eng (Beijing),,1002-0837,
19035205,Zhonghua Wai Ke Za Zhi,,0529-5815,
12168722,Gen Physiol Biophys,,0231-5882,"AEPress, s.r.o."
12673889,Clin Exp Rheumatol,,0392-856X,Clinical and Experimental Rheumatology
11104699,Biochem J,,0264-6021,Portland Press Ltd.
32975230,J Biosci,,0973-7138,Springer Science and Business Media LLC
24466583,Toxicol Appl Pharmacol,,1096-0333,
18349508,Zhi Wu Sheng Li Yu Fen Zi Sheng Wu Xue Xue Bao,,1671-3877,
10971962,Vopr Virusol,,0507-4088,Central Research Institute for Epidemiology
11358847,Cancer Res,,0008-5472,American Association for Cancer Research (AACR)
21756776,Zhonghua Yi Xue Za Zhi,,0376-2491,
12654237,Zhonghua Nei Ke Za Zhi,,0578-1426,
17094896,Ai Zheng,,,
12207699,Mol Microbiol,10.1046/j.1365-2958.2002.03097.x,0950-382X,Wiley
21699019,J Exp Ther Oncol,,1359-4117,Wiley
10813389,Crit Rev Eukaryot Gene Expr,,1045-4403,Begell House
19595136,Zhonghua Yi Xue Za Zhi,,0376-2491,
25433105,Nutr Hosp,10.3305/nh.2014.30.6.7843,1699-5198,ARAN Ediciones
19526678,Acta Pharm Hung,,0001-6659,Acta Pharmaceutica Hungarica
24273277,Nan Fang Yi Ke Da Xue Xue Bao,,1673-4254,
18690338,Thromb Haemost,,0340-6245,Georg Thieme Verlag KG
17332928,Int J Oncol,,1019-6439,Spandidos Publications
11816708,Thromb Haemost,,0340-6245,Georg Thieme Verlag KG
10939591,Cell Growth Differ,,1044-9523,
17503399,Genome Inform,,0919-9454,
10851036,Biochemistry (Mosc),,0006-2979,Springer Science and Business Media LLC
11234377,Mol Biol (Mosk),,0026-8984,Akademizdatcenter Nauka
10737936,Proteins,,0887-3585,Wiley
10648385,Blood,,0006-4971,American Society of Hematology
21696053,Clin Transpl,,0890-9016,
15214174,Tsitologiia,,0041-3771,Pleiades Publishing Ltd
24980769,Exp Oncol,,2312-8852,National Academy of Sciences of Ukraine (Co. LTD Ukrinformnauka) (Publications)
12153047,J Biomol NMR,,0925-2738,Springer Science and Business Media LLC
29512643,Mol Biol (Mosk),,0026-8984,Akademizdatcenter Nauka
11016654,Cancer Res,,0008-5472,American Association for Cancer Research (AACR)
27273962,J BUON,,1107-0625,
11107906,Rev Cubana Med Trop,,0375-0760,
27101705,Wei Sheng Wu Xue Bao,,0001-6209,China Science Publishing & Media Ltd.
12408269,J Indian Med Assoc,,0019-5847,
11780616,Phys Med,,1120-1797,Elsevier BV
10921998,J Physiol,,0022-3751,Wiley
23902617,Zhonghua Yi Xue Za Zhi,,0376-2491,
25895368,Bioorg Khim,,0132-3423,Akademizdatcenter Nauka
20942149,Nihon Rinsho,,0047-1852,
18050673,Rinsho Byori,,0047-1860,
16846073,Ukr Biokhim Zh (1999),,,
16496042,Acta Biochim Pol,,0001-527X,Frontiers Media SA
26537074,J BUON,,1107-0625,
12147602,Invest Ophthalmol Vis Sci,,0146-0404,Association for Research in Vision and Ophthalmology (ARVO)
20448477,Cell Cycle,,1551-4005,Informa UK Limited
18260735,Asian Pac J Cancer Prev,,2476-762X,EpiSmart Science Vector Ltd
16161923,Pol Merkur Lekarski,,1426-9686,ALUNA
11712088,Int J Mol Med,,1107-3756,Spandidos Publications
25400745,Int J Clin Exp Pathol,,1936-2625,e-Century Publishing Corporation
19149969,Cell Mol Biol (Noisy-le-grand),,1165-158X,CMB Association
11714848,J Lipid Res,,0022-2275,Elsevier BV
19082480,Int J Oncol,,1019-6439,Spandidos Publications
12499254,Cancer Res,,0008-5472,American Association for Cancer Research (AACR)
20077813,Rinsho Byori,,0047-1860,
26292509,Eksp Klin Farmakol,,0869-2092,Folium Publishing Company
18719355,Mol Cells,,1016-8478,Elsevier BV
26408706,Anticancer Res,,1791-7530,Anticancer Research USA Inc.
20941987,Nihon Rinsho,,0047-1852,
12393932,Mol Med,,1076-1551,Springer Science and Business Media LLC
18756949,Zhonghua Yi Xue Za Zhi,,0376-2491,
32373306,Iran J Basic Med Sci,10.22038/ijbms.2019.32414.7989,2008-3866,
15141021,Mol Cancer Ther,,1535-7163,American Association for Cancer Research (AACR)
18357714,Zhonghua Er Bi Yan Hou Tou Jing Wai Ke Za Zhi,,1673-0860,
32644477,StatPearls,,,
32187520,Immunity,10.1016/j.immuni.2020.02.007,1097-4180,
33533447,Acta Chim Slov,,1580-3155,Slovenian Chemical Society
22164419,Klin Lab Diagn,,0869-2084,EKOlab
10921297,Nihon Igaku Hoshasen Gakkai Zasshi,,0048-0428,
23750400,Zhong Yao Cai,,1001-4454,
16358983,Rocz Akad Med Bialymst,,,
26722602,Int J Clin Exp Pathol,,1936-2625,e-Century Publishing Corporation
16511922,J Rheumatol,,0315-162X,The Journal of Rheumatology
29166726,Zhonghua Xin Xue Guan Bing Za Zhi,10.3760/cma.j.issn.0253-3758.2017.11.015,0253-3758,
31205408,Mol Vis,,1090-0535,
28539744,Pharmacognosy Res,10.4103/0974-8490.204655,0976-4836,EManuscript Technologies
28086193,Redox Biol,10.1016/j.redox.2016.12.028,2213-2317,Elsevier BV
30840296,Eur Rev Med Pharmacol Sci,10.26355/eurrev_201902_17133,2284-0729,
12938419,Guang Pu Xue Yu Guang Pu Fen Xi,,1000-0593,
11200136,Tsitologiia,,0041-3771,Pleiades Publishing Ltd
12846047,Clin Exp Rheumatol,,0392-856X,Clinical and Experimental Rheumatology
23516891,Radiats Biol Radioecol,,0869-8031,The Russian Academy of Sciences
12803483,Mol Cells,,1016-8478,Elsevier BV
36725274,Zhongguo Zhong Yao Za Zhi,10.19540/j.cnki.cjcmm.20221014.701,1001-5302,China Journal of Chinese Materia Medica
11720282,RNA,,1355-8382,Cold Spring Harbor Laboratory
11310979,Acta Biochim Pol,,0001-527X,Frontiers Media SA
10807783,Blood,,0006-4971,American Society of Hematology
19220965,Zhongguo Wei Zhong Bing Ji Jiu Yi Xue,,1003-0603,
11495296,Asian Pac J Allergy Immunol,,0125-877X,"Allergy, Asthma, and Immunology Association of Thailand"
26899329,Zhonghua Zhong Liu Za Zhi,10.3760/cma.j.issn.0253-3766.2016.02.006,0253-3766,
31938213,Int J Clin Exp Pathol,,1936-2625,e-Century Publishing Corporation
15455072,J Insect Sci,,1536-2442,Oxford University Press (OUP)
22073819,Adv Perit Dial,,1197-8554,
20069063,Mol Vis,,1090-0535,
16396108,Mikrobiol Z,,1028-0987,National Academy of Sciences of Ukraine (Co. LTD Ukrinformnauka)
10648640,Mol Pharmacol,,0026-895X,American Society for Pharmacology & Experimental Therapeutics (ASPET)
15232201,Indian J Med Res,,0971-5916,Scientific Scholar
14739999,Acta Biochim Pol,,0001-527X,Frontiers Media SA
15648401,Indian J Physiol Pharmacol,,0019-5499,Scientific Scholar
11816710,Thromb Haemost,,0340-6245,Georg Thieme Verlag KG
24984543,Eur J Gynaecol Oncol,,0392-2936,MRE Press
23293203,Ann Hepatol,,1665-2681,Elsevier BV
30782301,Cell Mol Biol (Noisy-le-grand),,1165-158X,CMB Association
16933603,Wei Sheng Wu Xue Bao,,0001-6209,China Science Publishing & Media Ltd.
21906486,Dermatol Online J,,1087-2108,California Digital Library (CDL)
11427454,Clin Chem,,0009-9147,Oxford University Press (OUP)
19082481,Int J Oncol,,1019-6439,Spandidos Publications
23101406,Ontogenez,,0475-1450,Akademizdatcenter Nauka
18989526,Thromb Haemost,,0340-6245,Georg Thieme Verlag KG
28876618,S Afr J Surg,,0038-2361,Medpharm Publications
18318190,Eksp Klin Farmakol,,0869-2092,Folium Publishing Company
22541085,Zhongguo Shi Yan Xue Ye Xue Za Zhi,,1009-2137,
23996750,Nan Fang Yi Ke Da Xue Xue Bao,,1673-4254,
12784384,J Rheumatol,,0315-162X,The Journal of Rheumatology
11381075,Invest Ophthalmol Vis Sci,,0146-0404,Association for Research in Vision and Ophthalmology (ARVO)
17688791,Zhonghua Wai Ke Za Zhi,,0529-5815,
22642105,Mol Biol (Mosk),,0026-8984,Akademizdatcenter Nauka
12622899,Zhonghua Bing Li Xue Za Zhi,,0529-5807,
18038798,Zhongguo Ji Sheng Chong Xue Yu Ji Sheng Chong Bing Za Zhi,,1000-7423,
37293178,Am J Cancer Res,,2156-6976,e-Century Publishing Corporation
12066838,In Silico Biol,,1386-6338,IOS Press
15989784,Xi Bao Yu Fen Zi Mian Yi Xue Za Zhi,,1007-8738,
10979565,Ukr Biokhim Zh (1999),,,
17392490,Exp Biol Med (Maywood),,1535-3702,Frontiers Media SA
18620547,Biosci Rep,10.1042/BSR20080085,0144-8463,Portland Press Ltd.
28003732,Mol Vis,,1090-0535,
12053769,Tsitologiia,,0041-3771,Pleiades Publishing Ltd
24966962,Int J Clin Exp Pathol,,1936-2625,e-Century Publishing Corporation
18690348,Thromb Haemost,,0340-6245,Georg Thieme Verlag KG
31539156,Eur Rev Med Pharmacol Sci,10.26355/eurrev_201909_18887,2284-0729,
19846984,Anticancer Res,,1791-7530,Anticancer Research USA Inc.
14612968,Int J Mol Med,,1107-3756,Spandidos Publications
15517779,Ginekol Pol,,0017-0011,VM Media SP. zo.o VM Group SK
24622432,Chin Med J (Engl),,2542-5641,Ovid Technologies (Wolters Kluwer Health)
15701049,Biochemistry (Mosc),,0006-2979,Springer Science and Business Media LLC
30223933,Pharmazie,10.1691/ph.2018.8600,0031-7144,
14612534,Cancer Res,,0008-5472,American Association for Cancer Research (AACR)
26008601,Nat Commun,10.1038/ncomms8215,2041-1723,Springer Science and Business Media LLC
38074477,MicroPubl Biol,10.17912/micropub.biology.001012,2578-9430,
15455686,Vestn Ross Akad Med Nauk,,0869-6047,Paediatrician Publishers LLC
16523381,IDrugs,,1369-7056,
30810108,Pol Merkur Lekarski,,1426-9686,ALUNA
15319176,Eur Cytokine Netw,,1148-5493,John Libbey Eurotext
15224534,Sb Lek,,0036-5327,
10949049,Int J Dev Biol,,0214-6282,UPV/EHU Press
18309268,J Microbiol Biotechnol,,1017-7825,Korean Society for Microbiology and Biotechnology
17563726,Mol Vis,,1090-0535,
23489802,Chin Med J (Engl),,2542-5641,Ovid Technologies (Wolters Kluwer Health)
22348612,Curr Mol Med,,1875-5666,Bentham Science Publishers Ltd.
28959866,Sheng Wu Gong Cheng Xue Bao,10.13345/j.cjb.160211,1000-3061,
15581219,Can J Vet Res,,0830-9000,
12956408,Mol Cell Biochem,,0300-8177,Springer Science and Business Media LLC
28371616,Discov Med,,1944-7930,
12883694,Oncol Rep,,1021-335X,Spandidos Publications
14534685,Oncol Rep,,1021-335X,Spandidos Publications
21138676,Xi Bao Yu Fen Zi Mian Yi Xue Za Zhi,,1007-8738,
22624463,Klin Lab Diagn,,0869-2084,EKOlab
15597579,J Heart Valve Dis,,0966-8519,International Academic and Research Consortium
17257496,Cell Mol Immunol,,1672-7681,Springer Science and Business Media LLC
21575372,Zhonghua Er Ke Za Zhi,,0578-1310,
15816545,Anticancer Res,,0250-7005,Anticancer Research USA Inc.
28625263,Zhonghua Wei Zhong Bing Ji Jiu Yi Xue,10.3760/cma.j.issn.2095-4352.2017.02.011,2095-4352,
15318938,Breast Cancer Res,10.1186/bcr912,1465-542X,Springer Science and Business Media LLC
12778443,Zhonghua Yi Xue Yi Chuan Xue Za Zhi,,1003-9406,
24753134,Hippocampus,10.1002/hipo.22290,1098-1063,Wiley
21213210,Eur Cell Mater,,1473-2262,Forum Multimedia Publishing LLC
18396625,Zhonghua Yi Xue Za Zhi,,0376-2491,
23849407,J Am Assoc Lab Anim Sci,,2769-6677,
22199327,Anticancer Res,,1791-7530,Anticancer Research USA Inc.
10979579,Ukr Biokhim Zh (1999),,,
24214601,Georgian Med News,,1512-0112,
16127743,World J Gastroenterol,10.3748/wjg.v11.i33.5142,1007-9327,Baishideng Publishing Group Inc.
10652437,Int J Cancer,,0020-7136,Wiley
19205432,Biomed Khim,,2310-6972,Institute of Biochemistry
17063776,Rev Latinoam Microbiol,,0187-4640,
15685856,Vopr Pitan,,0042-8833,Geotar-Media Publishing Group
29564062,Gastroenterol Hepatol Bed Bench,,2008-2258,
15664347,J Chromatogr B Analyt Technol Biomed Life Sci,10.1016/j.jchromb.2004.11.029,1570-0232,Elsevier BV
17883102,Indian J Pathol Microbiol,,0377-4929,Medknow
28686022,J Org Chem,10.1021/acs.joc.7b01235,1520-6904,American Chemical Society (ACS)
23897473,Acta Crystallogr D Biol Crystallogr,10.1107/S090744491301010X,1399-0047,International Union of Crystallography (IUCr)
15668243,J Biol Chem,10.1074/jbc.M409187200,0021-9258,Elsevier BV
24522142,Trop Biomed,,2521-9855,Malaysian Society of Parasitology and Tropical Medicine
25423737,Mikrobiologiia,,0026-3656,Akademizdatcenter Nauka
19622302,Ai Zheng,,,
16045029,Zhong Nan Da Xue Xue Bao Yi Xue Ban,,1672-7347,
17143486,Oncol Rep,,1021-335X,Spandidos Publications
27566091,In Vivo,,1791-7549,Anticancer Research USA Inc.
19402511,Huan Jing Ke Xue,,0250-3301,
27192020,Clin Exp Rheumatol,,0392-856X,Clinical and Experimental Rheumatology
26045787,Int J Clin Exp Pathol,,1936-2625,e-Century Publishing Corporation
21546551,Nucleic Acids Res,10.1093/nar/gkr313,1362-4962,Oxford University Press (OUP)
11110685,Blood,,0006-4971,American Society of Hematology
12693381,Am J Dent,,0894-8275,
21467605,J Popul Ther Clin Pharmacol,,2561-8741,
12438242,Cancer Res,,0008-5472,American Association for Cancer Research (AACR)
18269877,Zhonghua Yi Xue Za Zhi,,0376-2491,
14679002,Cancer Res,,0008-5472,American Association for Cancer Research (AACR)
27466484,Anticancer Res,,1791-7530,Anticancer Research USA Inc.
10914725,Clin Cancer Res,,1078-0432,American Association for Cancer Research (AACR)
22900345,Indian J Biochem Biophys,,0301-1208,CSIR-National Institute of Science Communication and Policy Research (NIScPR)
16363120,Shi Yan Sheng Wu Xue Bao,,0001-5334,
15029693,Prikl Biokhim Mikrobiol,,0555-1099,Pleiades Publishing Ltd
15990925,Acta Biochim Pol,,1734-154X,Frontiers Media SA
12921625,Zhonghua Shao Shang Za Zhi,,1009-2587,
16550931,Acta Myol,,1128-2460,
20578419,Acta Biomed,,0392-4203,
23757854,Bing Du Xue Bao,,1000-8721,
11894131,Int J Oncol,,1019-6439,Spandidos Publications
11710529,Mol Cells,,1016-8478,Elsevier BV
11001881,Blood,,0006-4971,American Society of Hematology
10780796,J Investig Allergol Clin Immunol,,1018-9068,"Esmon Publicidad, SA"
10731476,Clin Sci (Lond),,0143-5221,Portland Press Ltd.
23020031,Ann Agric Environ Med,,1898-2263,Institute of Rural Health
11859854,Thromb Haemost,,0340-6245,Georg Thieme Verlag KG
24551953,Kekkaku,,0022-9776,
26234070,Vestn Khir Im I I Grek,,0042-4625,FSBEI HE I.P. Pavlov SPbSMU MOH Russia
11548547,Vojnosanit Pregl,,0042-8450,National Library of Serbia
30864745,Histol Histopathol,10.14670/HH-18-100,1699-5848,
25481955,Biofizika,,0006-3029,Pleiades Publishing Ltd
19952394,Zhong Nan Da Xue Xue Bao Yi Xue Ban,,1672-7347,
19253682,Probl Tuberk Bolezn Legk,,1728-2993,
16522850,J Biomol Tech,,1524-0215,Association of Biomolecular Resource Facilities
11040997,Bioorg Khim,,0132-3423,Akademizdatcenter Nauka
17991494,Neuropharmacology,10.1016/j.neuropharm.2007.09.013,0028-3908,Elsevier BV
35249873,Nan Fang Yi Ke Da Xue Xue Bao,10.12122/j.issn.1673-4254.2022.01.09,1673-4254,
12733393,Presse Med,,0755-4982,Elsevier BV
34650771,Am J Transl Res,,1943-8141,e-Century Publishing Corporation
12750274,Cancer Res,,0008-5472,American Association for Cancer Research (AACR)
22074159,J Proteome Res,10.1021/pr200900s,1535-3907,American Chemical Society (ACS)
17137023,Arch Ital Urol Androl,,1124-3562,PAGEPress Publications
36197773,Ann Clin Lab Sci,,1550-8080,
16883540,Zhonghua Yi Xue Yi Chuan Xue Za Zhi,,1003-9406,
34738753,Rev Med Liege,,0370-629X,
17205042,J Microbiol,,1225-8873,Springer Science and Business Media LLC
27255043,Zhongguo Ying Yong Sheng Li Xue Za Zhi,,1000-6834,Editorial Office of Chinese Journal of Applied Physiology
15193226,Xi Bao Yu Fen Zi Mian Yi Xue Za Zhi,,1007-8738,
36872049,Zhongguo Fei Ai Za Zhi,10.3779/j.issn.1009-3419.2023.106.04,1999-6187,
15659664,J Bacteriol,10.1128/JB.187.3.862-871.2005,0021-9193,American Society for Microbiology
35614049,Nat Commun,10.1038/s41467-022-30565-4,2041-1723,Springer Science and Business Media LLC
23640618,Saudi J Kidney Dis Transpl,10.4103/1319-2442.111014,1319-2442,Medknow
33184242,J Biosci,,0973-7138,Springer Science and Business Media LLC
11354309,Anticancer Drug Des,,0266-9536,
12841068,MLO Med Lab Obs,,0580-7247,
20676042,Cell Cycle,,1551-4005,Informa UK Limited
32829623,Zhonghua Shao Shang Za Zhi,10.3760/cma.j.cn501120-20190702-00291,1009-2587,
22016385,J Biol Chem,10.1074/jbc.M111.310920,1083-351X,Elsevier BV
29897600,Nucleic Acids Res,10.1093/nar/gky199,1362-4962,Oxford University Press (OUP)
17523478,Zh Mikrobiol Epidemiol Immunobiol,,0372-9311,Central Research Institute for Epidemiology
30702818,Bing Du Xue Bao,,1000-8721,
15634454,Zhonghua Bing Li Xue Za Zhi,,0529-5807,
12165799,Int J Mol Med,,1107-3756,Spandidos Publications
12513716,Zhongguo Shi Yan Xue Ye Xue Za Zhi,,1009-2137,
15144120,Clin Exp Rheumatol,,0392-856X,Clinical and Experimental Rheumatology
22516881,Altern Ther Health Med,,1078-6791,
10758641,Zh Nevrol Psikhiatr Im S S Korsakova,,1997-7298,Media Sphere Publishing Group
18279608,Ai Zheng,,,
10706863,Blood,,0006-4971,American Society of Hematology
26441204,Folia Biol (Praha),,0015-5500,"Charles University in Prague, Karolinum Press"
12449703,Zh Mikrobiol Epidemiol Immunobiol,,0372-9311,Central Research Institute for Epidemiology
28847065,Zhonghua Liu Xing Bing Xue Za Zhi,10.3760/cma.j.issn.0254-6450.2017.08.023,0254-6450,
30334402,J Biol Regul Homeost Agents,,0393-974X,
17087247,Klin Lab Diagn,,0869-2084,EKOlab
12228239,J Biol Chem,10.1074/jbc.M209123200,0021-9258,Elsevier BV
10648402,Blood,,0006-4971,American Society of Hematology
11203203,Eur Cytokine Netw,,1148-5493,John Libbey Eurotext
24648726,Int J Nanomedicine,10.2147/IJN.S56298,1178-2013,Informa UK Limited
15486189,Mol Cancer Ther,,1535-7163,American Association for Cancer Research (AACR)
10969793,Cancer Res,,0008-5472,American Association for Cancer Research (AACR)
32486536,Zhonghua Bing Li Xue Za Zhi,10.3760/cma.j.cn112151-20200224-00130,0529-5807,
14569940,Vopr Onkol,,0507-3758,Autonomous non-profit scientific and medical organization - Questions of Oncology
12390692,Di Yi Jun Yi Da Xue Xue Bao,,1000-2588,
14574748,Ukr Biokhim Zh (1999),,,
11383511,J Biol Chem,,0021-9258,Elsevier BV
14571716,Hepatogastroenterology,,0172-6390,Update Medical Publishing
15636051,Int J Artif Organs,,0391-3988,SAGE Publications
12152651,Thromb Haemost,,0340-6245,Georg Thieme Verlag KG
16206674,Zhonghua Nei Ke Za Zhi,,0578-1426,
18590197,Zhongguo Zhong Yao Za Zhi,,1001-5302,China Journal of Chinese Materia Medica
11599434,Ukr Biokhim Zh (1999),,,
11605538,Mol Biol (Mosk),,0026-8984,Akademizdatcenter Nauka
35764571,Zhonghua Nei Ke Za Zhi,10.3760/cma.j.cn112138-20210930-00669,0578-1426,
17786324,Int J Oncol,,1019-6439,Spandidos Publications
31102360,Zhejiang Da Xue Xue Bao Yi Xue Ban,10.3785/j.issn.1008-9292.2019.02.11,1008-9292,China Science Publishing & Media Ltd.
32385222,J Biosci,,0973-7138,Springer Science and Business Media LLC
24640095,Klin Lab Diagn,,0869-2084,EKOlab
17573662,Genet Mol Res,,1676-5680,Genetics and Molecular Research
11077679,Tsitologiia,,0041-3771,Pleiades Publishing Ltd
16808348,Biofizika,,0006-3029,Pleiades Publishing Ltd
32214786,Mol Vis,,1090-0535,
11077676,Tsitologiia,,0041-3771,Pleiades Publishing Ltd
11169748,J Cell Biochem,,0730-2312,Wiley
17503378,Genome Inform,,0919-9454,
24297885,Proc Natl Acad Sci U S A,10.1073/pnas.1318065110,1091-6490,Proceedings of the National Academy of Sciences
25998435,Yi Chuan,10.16288/j.yczz.15-060,0253-9772,China Science Publishing & Media Ltd.
11436703,Medicina (B Aires),,0025-7680,
35485158,Zhongguo Gu Shang,10.12200/j.issn.1003-0034.2022.04.016,1003-0034,
22209830,Oncol Rep,10.3892/or.2011.1615,1791-2431,Spandidos Publications
30695452,Zh Mikrobiol Epidemiol Immunobiol,,0372-9311,Central Research Institute for Epidemiology
12056632,Folia Histochem Cytobiol,,0239-8508,VM Media SP. zo.o VM Group SK
12161339,Front Biosci,10.2741/A763,1093-9946,IMR Press
31133093,Wei Sheng Yan Jiu,,1000-8020,
15958305,Di Yi Jun Yi Da Xue Xue Bao,,1000-2588,
11569175,Vestn Oftalmol,,0042-465X,Media Sphere Publishing Group
15274293,Anticancer Res,,0250-7005,Anticancer Research USA Inc.
18390426,Ann Biol Clin (Paris),10.1684/abc.2008.0216,0003-3898,John Libbey Eurotext
10979578,Ukr Biokhim Zh (1999),,,
15547698,Int J Oncol,,1019-6439,Spandidos Publications
20665448,Pneumonol Alergol Pol,,0867-7077,MDPI AG
11734579,J Lipid Res,,0022-2275,Elsevier BV
11358824,Cancer Res,,0008-5472,American Association for Cancer Research (AACR)
25286505,Zh Mikrobiol Epidemiol Immunobiol,,0372-9311,Central Research Institute for Epidemiology
11116524,Indian J Exp Biol,,0019-5189,CSIR-National Institute of Science Communication and Policy Research (NIScPR)
17236161,Int Microbiol,,1139-6709,Springer Science and Business Media LLC
26604661,Mol Vis,,1090-0535,
12359760,Cancer Res,,0008-5472,American Association for Cancer Research (AACR)
30698933,Radiats Biol Radioecol,,0869-8031,Akademizdatcenter Nauka
18396798,In Vivo,,0258-851X,Anticancer Research USA Inc.
11811616,Indian J Biochem Biophys,,0301-1208,CSIR-National Institute of Science Communication and Policy Research (NIScPR)
15292186,J Biol Chem,10.1074/jbc.M407096200,0021-9258,Elsevier BV
19946349,Iran Biomed J,,1028-852X,CMV Verlag
15067355,Int J Oncol,,1019-6439,Spandidos Publications
23458008,Gig Sanit,,0016-9900,Federal Scientific Center for Hygiene F.F.Erisman
19941273,G Ital Nefrol,,0393-5590,
23763479,Biochemistry,10.1021/bi400344b,1520-4995,American Chemical Society (ACS)
15559819,J Environ Sci (China),,1001-0742,Elsevier BV
10673502,Genes Dev,,0890-9369,Cold Spring Harbor Laboratory
17531151,Cell Mol Biol (Noisy-le-grand),,1165-158X,CMB Association
20586319,Biofizika,,0006-3029,Pleiades Publishing Ltd
11783106,Zhonghua Zhong Liu Za Zhi,,0253-3766,
20432932,Sheng Wu Gong Cheng Xue Bao,,1000-3061,
16219579,Haematologica,,1592-8721,Ferrata Storti Foundation (Haematologica)
10845584,Invest Ophthalmol Vis Sci,,0146-0404,Association for Research in Vision and Ophthalmology (ARVO)
12177179,J Lipid Res,,0022-2275,Elsevier BV
15663228,Zhongguo Yi Xue Ke Xue Yuan Xue Bao,,1000-503X,
25296445,Int Microbiol,10.2436/20.1501.01.206,1139-6709,Springer Science and Business Media LLC
33991444,Physiol Rep,10.14814/phy2.14842,2051-817X,Wiley
21138678,Xi Bao Yu Fen Zi Mian Yi Xue Za Zhi,,1007-8738,
22057311,Hamostaseologie,,0720-9355,Georg Thieme Verlag KG
11708325,Exp Mol Med,,1226-3613,Springer Science and Business Media LLC
31418349,Zhongguo Shi Yan Xue Ye Xue Za Zhi,10.19746/j.cnki.issn.1009-2137.2019.04.003,1009-2137,
25607400,Rom J Morphol Embryol,,2066-8279,Societatea Romana de Morfologie
22263463,Ying Yong Sheng Tai Xue Bao,,1001-9332,
11768218,Genome,,0831-2796,Canadian Science Publishing
15523899,In Vivo,,0258-851X,Anticancer Research USA Inc.
33740855,Vnitr Lek,,0042-773X,Solen s.r.o.
17550354,J Anim Breed Genet,10.1111/j.1439-0388.2007.00645.x,0931-2668,Wiley
19781192,Zhonghua Bing Li Xue Za Zhi,,0529-5807,
26146085,Cell Rep,10.1016/j.celrep.2015.06.018,2211-1247,Elsevier BV
12391746,Prikl Biokhim Mikrobiol,,0555-1099,Akademizdatcenter Nauka
12499787,Taehan Kan Hakhoe Chi,,1226-0479,
12803119,Haematologia (Budap),,0017-6559,Brill
12529982,Anticancer Res,,0250-7005,Anticancer Research USA Inc.
12036943,Cancer Res,,0008-5472,American Association for Cancer Research (AACR)
16986359,Osaka City Med J,,0030-6096,
18549620,Zhongguo Shi Yan Xue Ye Xue Za Zhi,,1009-2137,
12578313,New Microbiol,,1121-7138,
24780562,Neurosci Lett,10.1016/j.neulet.2014.04.024,1872-7972,
17204697,J Nucl Med,,0161-5505,Society of Nuclear Medicine
17944320,Pharmazie,,0031-7144,
15628588,Zh Nevrol Psikhiatr Im S S Korsakova,,1997-7298,Media Sphere Publishing Group
11812320,Zhonghua Kou Qiang Yi Xue Za Zhi,,1002-0098,
26571656,Ying Yong Sheng Tai Xue Bao,,1001-9332,
29149785,Iran J Allergy Asthma Immunol,,1735-1502,Knowledge E
27127109,Anticancer Res,,1791-7530,Anticancer Research USA Inc.
16206761,Zhongguo Xiu Fu Chong Jian Wai Ke Za Zhi,,1002-1892,
15375544,Int J Oncol,,1019-6439,Spandidos Publications
19725564,Mol Pharm,10.1021/mp900150g,1543-8392,American Chemical Society (ACS)
11521743,Physiol Res,,0862-8408,Institute of Physiology of the Czech Academy of Sciences
17708263,Hepatogastroenterology,,0172-6390,Update Medical Publishing
26976509,Exp Cell Res,10.1016/j.yexcr.2016.03.011,1090-2422,
28736133,Neuroscience,10.1016/j.neuroscience.2017.07.014,1873-7544,
21615997,Zhonghua Bing Li Xue Za Zhi,,0529-5807,
33163285,Am J Cancer Res,,2156-6976,e-Century Publishing Corporation
37875366,Zhong Nan Da Xue Xue Bao Yi Xue Ban,10.11817/j.issn.1672-7347.2023.230064,1672-7347,
16964828,Antivir Ther,,1359-6535,SAGE Publications
17523425,Zh Mikrobiol Epidemiol Immunobiol,,0372-9311,Central Research Institute for Epidemiology
19528508,Anticancer Res,,0250-7005,Anticancer Research USA Inc.
14658589,Eur J Gynaecol Oncol,,0392-2936,MRE Press
20533263,Zhonghua Yi Xue Yi Chuan Xue Za Zhi,10.3760/cma.j.issn.1003-9406.2010.0.007,1003-9406,
15555435,Xi Bao Yu Fen Zi Mian Yi Xue Za Zhi,,1007-8738,
21646859,J Endocrinol Invest,10.3275/7767,1720-8386,Springer Science and Business Media LLC
28375828,Clin Exp Rheumatol,,0392-856X,Clinical and Experimental Rheumatology
11204589,Thromb Haemost,,0340-6245,Georg Thieme Verlag KG
36188729,Int J Biochem Mol Biol,,2152-4114,e-Century Publishing Corporation
12467228,Mol Cancer Ther,,1535-7163,American Association for Cancer Research (AACR)
25951639,Zhongguo Zhong Xi Yi Jie He Za Zhi,,1003-5370,
30622137,J Biol Chem,10.1074/jbc.RA118.004984,1083-351X,Elsevier BV
15265384,Chin Med J (Engl),,0366-6999,Ovid Technologies (Wolters Kluwer Health)
37248591,Sichuan Da Xue Xue Bao Yi Xue Ban,10.12182/20230560203,1672-173X,
33263521,Blood Transfus,10.2450/2020.0179-20,2385-2070,
35717565,Cell J,10.22074/cellj.2022.7763,2228-5806,
19000440,Ai Zheng,,,
26564516,Zhongguo Yi Xue Ke Xue Yuan Xue Bao,10.3881/j.issn.1000-503X.2015.05.020,1000-503X,
12848937,Neuron,10.1016/s0896-6273(03)00390-8,0896-6273,Elsevier BV
31860851,Wiad Lek,,0043-5147,ALUNA
15236479,J Zhejiang Univ Sci,10.1007/BF02947602,1009-3095,Zhejiang University Press
22185004,Gig Sanit,,0016-9900,Federal Scientific Center for Hygiene F.F.Erisman
14664159,Mol Gen Mikrobiol Virusol,,0208-0613,Media Sphere Publishing Group
17225872,Mol Med,10.2119/2006–00026.Baroni,1076-1551,Springer Science and Business Media LLC
12140899,Tsitol Genet,,0564-3783,
24084328,Nephrol Dial Transplant,10.1093/ndt/gft298,1460-2385,Oxford University Press (OUP)
26191218,Int J Clin Exp Pathol,,1936-2625,e-Century Publishing Corporation
19425149,Genome Inform,,0919-9454,
12085630,Biomed Sci Instrum,,0067-8856,
32096175,Eur Rev Med Pharmacol Sci,10.26355/eurrev_202002_20155,2284-0729,
11457735,Cell Growth Differ,,1044-9523,
26394473,Biofizika,,0006-3029,Pleiades Publishing Ltd
11732159,Folia Biol (Krakow),,0015-5497,"Institute of Systematics and Evolution of Animals, Polish Academy of Sciences"
12611235,Rev Med Chil,,0034-9887,SciELO Agencia Nacional de Investigacion y Desarrollo (ANID)
17970081,Anticancer Res,,0250-7005,Anticancer Research USA Inc.
16596266,Int J Mol Med,,1107-3756,Spandidos Publications
23805044,Mol Vis,,1090-0535,
16402019,Mol Vis,,1090-0535,
17825155,Zhonghua Yi Xue Za Zhi,,0376-2491,
18288374,Int J Mol Med,,1107-3756,Spandidos Publications
11431373,Cancer Res,,0008-5472,American Association for Cancer Research (AACR)
21812294,Ying Yong Sheng Tai Xue Bao,,1001-9332,
29891743,Iran J Kidney Dis,,1735-8604,CMV Verlag
26900328,Mol Vis,,1090-0535,
18677379,Beijing Da Xue Xue Bao Yi Xue Ban,,1671-167X,
23682387,Hepatogastroenterology,,0172-6390,Update Medical Publishing
16621829,J Bacteriol,10.1128/JB.188.9.3345-3356.2006,0021-9193,American Society for Microbiology
11816714,Thromb Haemost,,0340-6245,Georg Thieme Verlag KG
21653853,J Neurosci,10.1523/JNEUROSCI.5317-10.2011,1529-2401,Society for Neuroscience
17209382,Ying Yong Sheng Tai Xue Bao,,1001-9332,
11058440,J Reprod Fertil,,0022-4251,Bioscientifica
27028374,FEBS J,10.1111/febs.13724,1742-4658,Wiley
12624636,Thromb Haemost,,0340-6245,Georg Thieme Verlag KG
15949417,Zhonghua Zhong Liu Za Zhi,,0253-3766,
29741309,Ying Yong Sheng Tai Xue Bao,10.13287/j.1001-9332.201704.025,1001-9332,
16261764,Zygote,,0967-1994,Cambridge University Press (CUP)
24014183,PLoS One,10.1371/journal.pone.0071512,1932-6203,Public Library of Science (PLoS)
12837208,Zhonghua Gan Zang Bing Za Zhi,,1007-3418,
17037387,Kekkaku,,0022-9776,
17966218,Eur J Gynaecol Oncol,,0392-2936,MRE Press
16699525,Nat Immunol,10.1038/ni1347,1529-2908,Springer Science and Business Media LLC
12772321,Zhonghua Er Bi Yan Hou Ke Za Zhi,,0412-3948,
18507020,Anticancer Res,,0250-7005,Anticancer Research USA Inc.
16379293,Guang Pu Xue Yu Guang Pu Fen Xi,,1000-0593,
17072062,J Physiol Pharmacol,,1899-1505,
26924499,Nucl Med Biol,10.1016/j.nucmedbio.2015.12.001,1872-9614,
16042866,Chin J Traumatol,,1008-1275,Elsevier BV
23895847,Nan Fang Yi Ke Da Xue Xue Bao,,1673-4254,
20182557,Mol Vis,,1090-0535,
10866309,Cancer Res,,0008-5472,American Association for Cancer Research (AACR)
11454911,J Pharmacol Exp Ther,,0022-3565,American Society for Pharmacology & Experimental Therapeutics (ASPET)
20487630,J Biol Regul Homeost Agents,,0393-974X,
12566317,Cancer Res,,0008-5472,American Association for Cancer Research (AACR)
19784929,Int Microbiol,,1618-1905,Springer Science and Business Media LLC
15713669,J Biol Chem,10.1074/jbc.M414253200,0021-9258,Elsevier BV
20942122,Nihon Rinsho,,0047-1852,
14633719,Cancer Res,,0008-5472,American Association for Cancer Research (AACR)
11173978,J Biomed Sci,10.1007/BF02255973,1021-7770,Springer Science and Business Media LLC
11731421,Cancer Res,,0008-5472,American Association for Cancer Research (AACR)
16273259,Oncol Rep,,1021-335X,Spandidos Publications
31696483,Eur Rev Med Pharmacol Sci,10.26355/eurrev_201910_19294,2284-0729,
17372568,Q J Nucl Med Mol Imaging,,1824-4785,Edizioni Minerva Medica
23962128,Am J Respir Cell Mol Biol,10.1165/rcmb.2013-0085OC,1535-4989,American Thoracic Society
32801450,Can J Vet Res,,1928-9022,
27466485,Anticancer Res,,1791-7530,Anticancer Research USA Inc.
10642536,Biochem J,,0264-6021,Portland Press Ltd.
12194825,Curr Biol,10.1016/s0960-9822(02)01075-8,0960-9822,Elsevier BV
18655368,Pol J Pathol,,1233-9687,Termedia Sp. z.o.o.
31957847,Eur Rev Med Pharmacol Sci,10.26355/eurrev_202001_19931,2284-0729,
19955409,Proc Natl Acad Sci U S A,10.1073/pnas.0912008106,1091-6490,Proceedings of the National Academy of Sciences
16266902,Haematologica,,1592-8721,Ferrata Storti Foundation (Haematologica)
14694645,Zhonghua Lao Dong Wei Sheng Zhi Ye Bing Za Zhi,,1001-9391,
15809767,Oncol Rep,,1021-335X,Spandidos Publications
15747863,Vopr Virusol,,0507-4088,Central Research Institute for Epidemiology
15690691,Pol Merkur Lekarski,,1426-9686,ALUNA
18971187,Nan Fang Yi Ke Da Xue Xue Bao,,1673-4254,
19694183,Pharmazie,,0031-7144,
10706887,Blood,,0006-4971,American Society of Hematology
16011250,Shi Yan Sheng Wu Xue Bao,,0001-5334,
11956649,Int J Mol Med,,1107-3756,Spandidos Publications
17626762,Ai Zheng,,,
19642270,Comput Syst Bioinformatics Conf,,1752-7791,
24922656,Anticancer Res,,1791-7530,Anticancer Research USA Inc.
11355705,Mol Cells,,1016-8478,Elsevier BV
10996850,J Cell Biochem,,0730-2312,Wiley
25327651,Zhonghua Zhong Liu Za Zhi,,0253-3766,
23739182,Clin Exp Rheumatol,,0392-856X,Clinical and Experimental Rheumatology
35187630,Histol Histopathol,10.14670/HH-18-440,1699-5848,
21813459,Nucleic Acids Res,10.1093/nar/gkr597,1362-4962,Oxford University Press (OUP)
28480858,Georgian Med News,,1512-0112,
37052042,Cell Physiol Biochem,10.33594/000000618,1421-9778,S. Karger AG
17252804,J Nanosci Nanotechnol,,1533-4880,American Scientific Publishers
19449534,Se Pu,,1000-8713,China Science Publishing & Media Ltd.
30207316,J Biosci,,0973-7138,Springer Science and Business Media LLC
21055061,Zhonghua Er Bi Yan Hou Tou Jing Wai Ke Za Zhi,,1673-0860,
11156228,Clin Cancer Res,,1078-0432,American Association for Cancer Research (AACR)
11060347,J Lipid Res,,0022-2275,Elsevier BV
11212237,Cancer Res,,0008-5472,American Association for Cancer Research (AACR)
15151767,Xi Bao Yu Fen Zi Mian Yi Xue Za Zhi,,1007-8738,
11865575,Pol Arch Med Wewn,,,
15889014,Mol Vis,,1090-0535,
21434424,Genetika,,0016-6758,Akademizdatcenter Nauka
11335953,Mol Reprod Dev,10.1002/mrd.1013,1040-452X,Wiley
14640394,Antivir Ther,,1359-6535,SAGE Publications
21634123,Mol Biol (Mosk),,0026-8984,Akademizdatcenter Nauka
11911288,Anticancer Res,,0250-7005,Anticancer Research USA Inc.
11936880,Cell Mol Biol (Noisy-le-grand),,0145-5680,CMB Association
12488503,J Leukoc Biol,,0741-5400,Oxford University Press (OUP)
15523888,In Vivo,,0258-851X,Anticancer Research USA Inc.
34650684,Am J Transl Res,,1943-8141,e-Century Publishing Corporation
18320076,Acta Biochim Pol,,0001-527X,Frontiers Media SA
33336726,Eur Rev Med Pharmacol Sci,10.26355/eurrev_202012_23997,2284-0729,
19923081,Nan Fang Yi Ke Da Xue Xue Bao,,1673-4254,
37782646,Adv Gerontol,,1561-9125,Saint Petersburg Institute of Bioregulation and Gerontology
12174895,Anticancer Res,,0250-7005,Anticancer Research USA Inc.
14583486,Cancer Res,,0008-5472,American Association for Cancer Research (AACR)
10713991,Proteins,,0887-3585,Wiley
15648785,Ann Clin Lab Sci,,0091-7370,
22919732,Yao Xue Xue Bao,,0513-4870,
25210934,Acta Biochim Pol,,1734-154X,Frontiers Media SA
11558314,Vopr Med Khim,,0042-8809,
16438375,Zh Mikrobiol Epidemiol Immunobiol,,0372-9311,Central Research Institute for Epidemiology
11023841,Biochem J,,0264-6021,Portland Press Ltd.
15285626,Mol Biol (Mosk),,0026-8984,Akademizdatcenter Nauka
34076991,J BUON,,2241-6293,
20029648,Mol Vis,,1090-0535,
15629081,Xi Bao Yu Fen Zi Mian Yi Xue Za Zhi,,1007-8738,
21604429,Zh Evol Biokhim Fiziol,,0044-4529,The Russian Academy of Sciences
10919673,Cancer Res,,0008-5472,American Association for Cancer Research (AACR)
21711399,Plant J,10.1111/j.1365-313X.2011.04692.x,1365-313X,Wiley
11344904,Hokkaido Igaku Zasshi,,0367-6102,
10762162,Ann Neurol,,0364-5134,Wiley
12815957,Mol Biol (Mosk),,0026-8984,Akademizdatcenter Nauka
15836819,Zhongguo Wei Zhong Bing Ji Jiu Yi Xue,,1003-0603,
25031747,Int J Clin Exp Pathol,,1936-2625,e-Century Publishing Corporation
15065767,J Biol Regul Homeost Agents,,0393-974X,
16029573,Zhonghua Yi Xue Za Zhi,,0376-2491,
18540208,Pol J Vet Sci,,1505-1773,Polish Academy of Sciences Chancellery
34481426,Iran Biomed J,10.52547/ibj.25.5.349,2008-823X,CMV Verlag
23794785,Acta Med Biol (Niigata),,0567-7734,
16252694,Yi Chuan Xue Bao,,0379-4172,Elsevier BV
31180055,J Biosci,,0973-7138,Springer Science and Business Media LLC
12068582,Prikl Biokhim Mikrobiol,,0555-1099,Akademizdatcenter Nauka
18410284,Liver Int,10.1111/j.1478-3231.2008.01720.x,1478-3231,Wiley
17255222,Am J Trop Med Hyg,,0002-9637,American Society of Tropical Medicine and Hygiene
10961888,Blood,,0006-4971,American Society of Hematology
15232492,Med Sci Monit,,1234-1010,"International Scientific Information, Inc."
20942108,Nihon Rinsho,,0047-1852,
28557706,Folia Biol (Praha),,0015-5500,"Charles University in Prague, Karolinum Press"
11218674,Indian J Pathol Microbiol,,0377-4929,Medknow
23795467,Tsitologiia,,0041-3771,Pleiades Publishing Ltd
19351504,Xi Bao Yu Fen Zi Mian Yi Xue Za Zhi,,1007-8738,
12133382,Zhonghua Yan Ke Za Zhi,,0412-4081,
17684969,Ter Arkh,,0040-3660,Consilium Medicum
21733368,Zhonghua Fu Chan Ke Za Zhi,,0529-567X,
14702177,Histol Histopathol,10.14670/HH-19.105,0213-3911,
19947526,Radiats Biol Radioecol,,0869-8031,Akademizdatcenter Nauka
19238259,Acta Biochim Pol,,0001-527X,Frontiers Media SA
30942153,Cell Mol Biol (Noisy-le-grand),,1165-158X,CMB Association
17436535,J Environ Biol,,0254-8704,Triveni Enterprises
17974099,Res Commun Mol Pathol Pharmacol,,1078-0297,
31933727,Int J Clin Exp Pathol,,1936-2625,e-Century Publishing Corporation
15695797,J Nucl Med,,0161-5505,Society of Nuclear Medicine
16313723,Zhonghua Gan Zang Bing Za Zhi,,1007-3418,
17626739,Ai Zheng,,,
30550084,Klin Lab Diagn,10.18821/0869-2084-2018-63-1-4-15,0869-2084,EKOlab
12810658,Cancer Res,,0008-5472,American Association for Cancer Research (AACR)
10906770,J Clin Lab Anal,10.1002/1098-2825(2000)14:4&#x0003c;169::AID-JCLA6&#x0003e;3.0.CO;2-E,0887-8013,Wiley
11082759,Acta Otorhinolaryngol Belg,,0001-6497,
12097288,Cancer Res,,0008-5472,American Association for Cancer Research (AACR)
17949552,Clin Exp Rheumatol,,0392-856X,Clinical and Experimental Rheumatology
19320887,Wound Repair Regen,10.1111/j.1524-475X.2009.00460.x,1524-475X,Wiley
12216988,Int J Dev Biol,,0214-6282,UPV/EHU Press
15176889,Biotechnol Prog,10.1021/bp0342654,8756-7938,Wiley
21125977,Acta Cardiol,10.2143/AC.65.5.2056242,0001-5385,Informa UK Limited
10919641,Cancer Res,,0008-5472,American Association for Cancer Research (AACR)
26254356,Anticancer Res,,1791-7530,Anticancer Research USA Inc.
16785855,Mol Vis,,1090-0535,
18819464,Ginekol Pol,,0017-0011,VM Media SP. zo.o VM Group SK
11598228,Plant Physiol,,0032-0889,Oxford University Press (OUP)
21117296,Mikrobiol Z,,1028-0987,National Academy of Sciences of Ukraine (Co. LTD Ukrinformnauka)
36215477,Proc Natl Acad Sci U S A,10.1073/pnas.2213718119,1091-6490,Proceedings of the National Academy of Sciences
22830250,Fiziol Cheloveka,,0131-1646,Akademizdatcenter Nauka
30622225,Mol Cells,10.14348/molcells.2018.0377,0219-1032,Elsevier BV
20690544,Berl Munch Tierarztl Wochenschr,,0005-9366,
11490718,Urologiia,,1728-2985,Bionika Media
22932410,Zhonghua Bing Li Xue Za Zhi,10.3760/cma.j.issn.0529-5807.2012.06.010,0529-5807,
28535648,Zhonghua Zhong Liu Za Zhi,10.3760/cma.j.issn.0253-3766.2017.05.003,0253-3766,
20329381,Indian J Lepr,,0254-9395,
14521088,Tsitologiia,,0041-3771,Pleiades Publishing Ltd
25720156,Sheng Wu Gong Cheng Xue Bao,,1000-3061,
22567979,Zh Evol Biokhim Fiziol,,0044-4529,Akademizdatcenter Nauka
15732762,Fiziol Zh (1994),,2522-9028,National Academy of Sciences of Ukraine (Co. LTD Ukrinformnauka)
29202545,Acta Med Iran,,1735-9694,Knowledge E
17932440,Indian J Med Res,,0971-5916,Scientific Scholar
10905798,Int Angiol,,0392-9590,Edizioni Minerva Medica
15375562,Int J Oncol,,1019-6439,Spandidos Publications
26722030,Anticancer Res,,1791-7530,Anticancer Research USA Inc.
15296087,Pharmazie,,0031-7144,
18719729,Biomedica,,0120-4157,Instituto Nacional de Salud (Colombia)
25076330,JOP,10.6092/1590-8577/2677,1590-8577,
25964952,J Proteolysis,,2331-6977,Journal of Pattern Recognition Research
12530079,Anticancer Res,,0250-7005,Anticancer Research USA Inc.
22120742,Acta Crystallogr D Biol Crystallogr,10.1107/S0907444911045033,1399-0047,International Union of Crystallography (IUCr)
16254447,J Mol Microbiol Biotechnol,10.1159/000088147,1464-1801,S. Karger AG
12154044,Cancer Res,,0008-5472,American Association for Cancer Research (AACR)
20700993,Rev Med Chir Soc Med Nat Iasi,,0048-7848,Grigore T. Popa University of Medicine and Pharmacy
25553707,Pak J Pharm Sci,,1011-601X,"Faculty of Pharmacy and Pharmaceutical Sciences, University of Karachi"
24322018,Rom J Morphol Embryol,,2066-8279,Societatea Romana de Morfologie
21866463,Pol J Pathol,,1233-9687,Termedia Sp. z.o.o.
18728384,Mol Cells,,1016-8478,Elsevier BV
35754228,Zhonghua Zhong Liu Za Zhi,10.3760/cma.j.cn112152-20211231-00986,0253-3766,
30078984,Mol Vis,,1090-0535,
16783873,FEBS Lett,,0014-5793,Wiley
11016635,Cancer Res,,0008-5472,American Association for Cancer Research (AACR)
14521056,Tsitologiia,,0041-3771,Pleiades Publishing Ltd
15971604,Sheng Wu Gong Cheng Xue Bao,,1000-3061,
21061469,Am J Chin Med,10.1142/S0192415X1000855X,1793-6853,World Scientific Pub Co Pte Lt
19955313,J Virol,10.1128/JVI.01874-09,1098-5514,American Society for Microbiology
12489858,J Chromatogr A,10.1016/s0021-9673(02)01357-2,0021-9673,Elsevier BV
25844463,Mikrobiologiia,,0026-3656,Akademizdatcenter Nauka
21378357,Anticancer Res,,1791-7530,Anticancer Research USA Inc.
31559750,Sheng Wu Gong Cheng Xue Bao,10.13345/j.cjb.190055,1872-2075,Elsevier BV
24399005,Rom J Morphol Embryol,,2066-8279,Societatea Romana de Morfologie
25131864,Gan To Kagaku Ryoho,,0385-0684,
11222686,J Virol,10.1128/JVI.75.6.2634-2645.2001,0022-538X,American Society for Microbiology
20533260,Zhonghua Yi Xue Yi Chuan Xue Za Zhi,10.3760/cma.j.issn.1003-9406.2010.0.004,1003-9406,
26464646,Int J Clin Exp Pathol,,1936-2625,e-Century Publishing Corporation
37389864,J Cell Biol,10.1083/jcb.202211025,1540-8140,Rockefeller University Press
35688054,Eur J Cell Biol,10.1016/j.ejcb.2022.151248,1618-1298,
11517331,Proc Natl Acad Sci U S A,10.1073/pnas.181354098,0027-8424,Proceedings of the National Academy of Sciences
11928517,Pac Symp Biocomput,,2335-6928,
12004145,Med Wieku Rozwoj,,,
19364428,Can J Urol,,1195-9479,
10828094,J Lipid Res,,0022-2275,Elsevier BV
12525003,Zh Mikrobiol Epidemiol Immunobiol,,0372-9311,Central Research Institute for Epidemiology
11291544,Folia Biol (Krakow),,0015-5497,"Institute of Systematics and Evolution of Animals, Polish Academy of Sciences"
17008930,EMBO Rep,10.1038/sj.embor.7400817,1469-221X,Springer Science and Business Media LLC
10717642,J Comp Neurol,,0021-9967,Wiley
12377954,J Leukoc Biol,,0741-5400,Oxford University Press (OUP)
10739394,Thromb Haemost,,0340-6245,Georg Thieme Verlag KG
22497114,Guang Pu Xue Yu Guang Pu Fen Xi,,1000-0593,
11751457,Cell Growth Differ,,1044-9523,
29254293,J Biol Regul Homeost Agents,,0393-974X,
16741042,Exp Biol Med (Maywood),,1535-3702,Frontiers Media SA
10959688,Thromb Haemost,,0340-6245,Georg Thieme Verlag KG
12396077,Cell Mol Biol (Noisy-le-grand),,0145-5680,CMB Association
11877021,Zhonghua Xue Ye Xue Za Zhi,,0253-2727,
12934394,Hunan Yi Ke Da Xue Xue Bao,,1000-5625,
29083823,StatPearls,,,
19062713,Zhonghua Zhong Liu Za Zhi,,0253-3766,
29926068,Sheng Li Xue Bao,,0371-0874,
22525502,Zhonghua Gan Zang Bing Za Zhi,10.3760/cma.j.issn.1007-3418.2011.12.006,1007-3418,
16358981,Rocz Akad Med Bialymst,,,
21686211,Trans Am Clin Climatol Assoc,,0065-7778,
11990083,Pol J Pharmacol,,1230-6002,
17333920,Sheng Wu Yi Xue Gong Cheng Xue Za Zhi,,1001-5515,
11436645,Zhonghua Shi Yan He Lin Chuang Bing Du Xue Za Zhi,,1003-9279,
18166671,J Biomol Tech,,1524-0215,Association of Biomolecular Resource Facilities
20942053,Nihon Rinsho,,0047-1852,
11724296,Anticancer Res,,0250-7005,Anticancer Research USA Inc.
33415003,Am J Cancer Res,,2156-6976,e-Century Publishing Corporation
12699691,Protein Expr Purif,10.1016/s1046-5928(02)00703-9,1046-5928,Elsevier BV
25553694,Pak J Pharm Sci,,1011-601X,"Faculty of Pharmacy and Pharmaceutical Sciences, University of Karachi"
15583822,Int J Mol Med,,1107-3756,Spandidos Publications
23145212,Am J Transl Res,,1943-8141,e-Century Publishing Corporation
26722458,Int J Clin Exp Pathol,,1936-2625,e-Century Publishing Corporation
11585728,Cancer Res,,0008-5472,American Association for Cancer Research (AACR)
11869130,Org Lett,,1523-7060,American Chemical Society (ACS)
18084163,Pediatr Endocrinol Rev,,1565-4753,
16990261,J Biol Chem,10.1074/jbc.M607703200,0021-9258,Elsevier BV
18051292,J Microbiol Biotechnol,,1017-7825,Korean Society for Microbiology and Biotechnology
11030224,Cytobios,,0011-4529,
11706196,Plant Physiol,,0032-0889,Oxford University Press (OUP)
11641953,Probl Tuberk,,0032-9533,
33534935,Angew Chem Int Ed Engl,10.1002/anie.202016105,1521-3773,Wiley
19996493,J Physiol Pharmacol,,1899-1505,
12036924,Cancer Res,,0008-5472,American Association for Cancer Research (AACR)
15724927,Ter Arkh,,0040-3660,Consilium Medicum
19893078,Gen Physiol Biophys,,0231-5882,"AEPress, s.r.o."
12054088,Curr Opin Investig Drugs,,1472-4472,
36284279,BMC Plant Biol,10.1186/s12870-022-03873-6,1471-2229,Springer Science and Business Media LLC
14503848,Mol Cells,,1016-8478,Elsevier BV
26585430,Eur Respir J,10.1183/13993003.01209-2015,1399-3003,European Respiratory Society (ERS)
18544747,Sci Signal,10.1126/scisignal.123pe27,1937-9145,American Association for the Advancement of Science (AAAS)
29991582,mBio,10.1128/mBio.01254-18,2150-7511,American Society for Microbiology
18803052,Zhonghua Wei Chang Wai Ke Za Zhi,,1671-0274,
10952992,J Biol Chem,10.1074/jbc.M007293200,0021-9258,Elsevier BV
11206325,Int J Dev Biol,,0214-6282,UPV/EHU Press
25874307,Klin Lab Diagn,,0869-2084,EKOlab
12325012,Chembiochem,10.1002/1439-7633(20020603)3:6<559::AID-CBIC559>3.0.CO;2-#,1439-4227,Wiley
37694837,Histol Histopathol,10.14670/HH-18-656,1699-5848,
15354540,Biomed Khim,,2310-6972,Institute of Biochemistry
24061741,Acta Chim Slov,,1318-0207,Slovenian Chemical Society
11894409,Verh Dtsch Ges Pathol,,0070-4113,
10978325,J Biol Chem,10.1074/jbc.M004840200,0021-9258,Elsevier BV
11042112,Biochem J,,0264-6021,Portland Press Ltd.
31938111,Int J Clin Exp Pathol,,1936-2625,e-Century Publishing Corporation
11827177,Mol Cell Biochem,,0300-8177,Springer Science and Business Media LLC
11289149,Cancer Res,,0008-5472,American Association for Cancer Research (AACR)
33799994,Int J Mol Sci,10.3390/ijms22052691,1422-0067,MDPI AG
10620758,Biotechnol Bioeng,,0006-3592,Wiley
14522900,Cancer Res,,0008-5472,American Association for Cancer Research (AACR)
15807254,Sichuan Da Xue Xue Bao Yi Xue Ban,,1672-173X,
16625837,J Endocrinol Invest,,0391-4097,Springer Science and Business Media LLC
19137103,J Biomol Tech,,1943-4731,Association of Biomolecular Resource Facilities
35271481,Georgian Med News,,1512-0112,
22377736,Dis Markers,10.3233/DMA-2011-0877,1875-8630,Hindawi Limited
19916164,Protein Sci,10.1002/pro.284,1469-896X,Wiley
26320860,Chem Biol,10.1016/j.chembiol.2015.07.018,1879-1301,
22669090,J Cardiovasc Surg (Torino),,1827-191X,Edizioni Minerva Medica
37087553,Xi Bao Yu Fen Zi Mian Yi Xue Za Zhi,,1007-8738,
33155208,Eur Rev Med Pharmacol Sci,10.26355/eurrev_202010_23405,2284-0729,
12481435,Mol Cancer Ther,,1535-7163,American Association for Cancer Research (AACR)
24119999,Zhonghua Kou Qiang Yi Xue Za Zhi,,1002-0098,
22649647,Acta Naturae,,2075-8251,Acta Naturae Ltd
19831042,Nat Prod Commun,,1934-578X,SAGE Publications
17700972,Sheng Li Xue Bao,,0371-0874,
11358992,J Leukoc Biol,,0741-5400,Oxford University Press (OUP)
11156371,Cancer Res,,0008-5472,American Association for Cancer Research (AACR)
12149425,J Leukoc Biol,,0741-5400,Oxford University Press (OUP)
23922494,Mol Vis,,1090-0535,
12792823,Int J Mol Med,,1107-3756,Spandidos Publications
12510866,J Physiol Pharmacol,,0867-5910,
22117439,Biofizika,,0006-3029,Pleiades Publishing Ltd
10910469,Teratog Carcinog Mutagen,10.1002/1520-6866(2000)20:4<171::aid-tcm1>3.0.co;2-j,0270-3211,Wiley
21598686,Tsitologiia,,0041-3771,Pleiades Publishing Ltd
23628031,Zhongguo Shi Yan Xue Ye Xue Za Zhi,10.7534/j.issn.1009-2137.2013.02.019,1009-2137,
22428127,Acta Biochim Pol,,1734-154X,Frontiers Media SA
16061001,Zhonghua Yi Xue Za Zhi,,0376-2491,
19145972,Prikl Biokhim Mikrobiol,,0555-1099,Akademizdatcenter Nauka
16490206,J Mol Biol,10.1016/j.jmb.2006.01.034,0022-2836,Elsevier BV
26021169,Tsitologiia,,0041-3771,Pleiades Publishing Ltd
23097088,J Endocrinol,10.1530/JOE-12-0434,1479-6805,Bioscientifica
19137061,Mol Vis,,1090-0535,
21575455,Zhonghua Zhong Liu Za Zhi,,0253-3766,
31511649,Sci Rep,10.1038/s41598-019-49583-2,2045-2322,Springer Science and Business Media LLC
29764579,Zhongguo Dang Dai Er Ke Za Zhi,10.7499/j.issn.1008-8830.2018.05.013,1008-8830,
16116206,J Immunol,10.4049/jimmunol.175.5.3157,0022-1767,The American Association of Immunologists
20465001,Zh Mikrobiol Epidemiol Immunobiol,,0372-9311,Central Research Institute for Epidemiology
18825976,Mikrobiologiia,,0026-3656,Akademizdatcenter Nauka
15640858,Zhonghua Shi Yan He Lin Chuang Bing Du Xue Za Zhi,,1003-9279,
12941802,Cancer Res,,0008-5472,American Association for Cancer Research (AACR)
12697128,Zhonghua Xue Ye Xue Za Zhi,,0253-2727,
11196175,Cancer Res,,0008-5472,American Association for Cancer Research (AACR)
20306696,Egypt J Immunol,,1110-4902,Egyptian Association of Immunologists
11783333,Zhongguo Zhong Xi Yi Jie He Za Zhi,,1003-5370,
14678994,Cancer Res,,0008-5472,American Association for Cancer Research (AACR)
23749904,Anticancer Res,,1791-7530,Anticancer Research USA Inc.
11085533,Cancer Res,,0008-5472,American Association for Cancer Research (AACR)
11431431,Invest Ophthalmol Vis Sci,,0146-0404,Association for Research in Vision and Ophthalmology (ARVO)
36730375,Anticancer Drugs,10.1097/CAD.0000000000001414,1473-5741,
26333121,Folia Biol (Praha),,0015-5500,"Charles University in Prague, Karolinum Press"
22720339,Sci Signal,,1937-9145,American Association for the Advancement of Science (AAAS)
24491004,J Coll Physicians Surg Pak,,1681-7168,College of Physicians and Surgeons Pakistan
15375592,Int J Mol Med,,1107-3756,Spandidos Publications
25151986,Clin Exp Rheumatol,,0392-856X,Clinical and Experimental Rheumatology
27559289,Mol Vis,,1090-0535,
15346962,Zh Mikrobiol Epidemiol Immunobiol,,0372-9311,Central Research Institute for Epidemiology
21806887,Xi Bao Yu Fen Zi Mian Yi Xue Za Zhi,,1007-8738,
18211745,J Biol Regul Homeost Agents,,0393-974X,
26842750,Cancer Immunol Res,10.1158/2326-6066.CIR-15-0200-T,2326-6074,American Association for Cancer Research (AACR)
16211257,Int J Mol Med,,1107-3756,Spandidos Publications
15210858,Mol Cancer Ther,,1535-7163,American Association for Cancer Research (AACR)
11069922,J Biol Chem,10.1074/jbc.M008972200,0021-9258,Elsevier BV
36725219,Zhongguo Zhong Yao Za Zhi,10.19540/j.cnki.cjcmm.20220905.707,1001-5302,China Journal of Chinese Materia Medica
17426709,Mol Ther,10.1038/sj.mt.6300169,1525-0016,Elsevier BV
12496362,Mol Cancer Res,,1541-7786,American Association for Cancer Research (AACR)
10779414,Blood,,0006-4971,American Society of Hematology
12174724,Berl Munch Tierarztl Wochenschr,,0005-9366,
12774502,Mikrobiol Z,,1028-0987,National Academy of Sciences of Ukraine (Co. LTD Ukrinformnauka)
17343782,Xi Bao Yu Fen Zi Mian Yi Xue Za Zhi,,1007-8738,
27192829,Biofizika,,0006-3029,Pleiades Publishing Ltd
31038387,J Parasitol,,1937-2345,American Society of Parasitologists
20369581,Arkh Patol,,0004-1955,Media Sphere Publishing Group
34849385,Data Brief,10.1016/j.dib.2021.107596,2352-3409,Elsevier BV
11691783,Cancer Res,,0008-5472,American Association for Cancer Research (AACR)
25852227,Can J Vet Res,,1928-9022,
20510007,Zhonghua Gan Zang Bing Za Zhi,10.3760/cma.j.issn.1007-3418.2010.05.017,1007-3418,
31966365,Int J Clin Exp Pathol,,1936-2625,e-Century Publishing Corporation
35112334,Histol Histopathol,10.14670/HH-18-427,1699-5848,
10947967,Biochem J,,0264-6021,Portland Press Ltd.
32196577,Eur Rev Med Pharmacol Sci,10.26355/eurrev_202003_20492,2284-0729,
36604881,Zhongguo Zhong Yao Za Zhi,10.19540/j.cnki.cjcmm.20220714.101,1001-5302,China Journal of Chinese Materia Medica
11431367,Cancer Res,,0008-5472,American Association for Cancer Research (AACR)
21268340,Biofizika,,0006-3029,Pleiades Publishing Ltd
25790677,Zhongguo Zhong Xi Yi Jie He Za Zhi,,1003-5370,
23356131,Lik Sprava,,1019-5297,LLC Information and Research Center Likarska Sprava
18950011,Lin Chuang Er Bi Yan Hou Tou Jing Wai Ke Za Zhi,,2096-7993,
11459228,Mol Cells,,1016-8478,Elsevier BV
11181089,Biochem Biophys Res Commun,10.1006/bbrc.2001.4398,0006-291X,Elsevier BV
23805667,Zh Mikrobiol Epidemiol Immunobiol,,0372-9311,Central Research Institute for Epidemiology
16365880,Ann Neurol,10.1002/ana.20729,0364-5134,Wiley
16355537,Novartis Found Symp,,1528-2511,
19847364,Sheng Li Xue Bao,,0371-0874,
17487411,Oncol Rep,,1021-335X,Spandidos Publications
15876961,Med Oral Patol Oral Cir Bucal,,1698-6946,"Medicina Oral, S.L."
29375042,J Physiol Pharmacol,,1899-1505,
18297874,Mikrobiologiia,,0026-3656,Akademizdatcenter Nauka
27187193,Immunohematology,,0894-203X,Walter de Gruyter GmbH
15647844,Int J Mol Med,,1107-3756,Spandidos Publications
15341128,Tsitologiia,,0041-3771,Pleiades Publishing Ltd
15809730,Int J Oncol,,1019-6439,Spandidos Publications
33501796,Sheng Wu Gong Cheng Xue Bao,10.13345/j.cjb.200237,1872-2075,Elsevier BV
15977818,Genetika,,0016-6758,Akademizdatcenter Nauka
35559420,Am J Transl Res,,1943-8141,e-Century Publishing Corporation
11804329,Mol Cells,,1016-8478,Elsevier BV
26750021,Zhongguo Xiu Fu Chong Jian Wai Ke Za Zhi,,1002-1892,
11951087,Mol Vis,,1090-0535,
20184142,Biofizika,,0006-3029,Pleiades Publishing Ltd
33928604,Eur Rev Med Pharmacol Sci,10.26355/eurrev_202104_25727,2284-0729,
22773582,In Vivo,,1791-7549,Anticancer Research USA Inc.
17101774,Mol Cell Biol,10.1128/MCB.01299-06,0270-7306,Informa UK Limited
18338572,Wei Sheng Wu Xue Bao,,0001-6209,China Science Publishing & Media Ltd.
11325832,Cancer Res,,0008-5472,American Association for Cancer Research (AACR)
25973293,Am J Cancer Res,,2156-6976,e-Century Publishing Corporation
33236603,Sichuan Da Xue Xue Bao Yi Xue Ban,10.12182/20201160503,1672-173X,
33193236,Front Microbiol,10.3389/fmicb.2020.586285,1664-302X,Frontiers Media SA
12516399,Hunan Yi Ke Da Xue Xue Bao,,1000-5625,
22883269,Zhonghua Liu Xing Bing Xue Za Zhi,,0254-6450,
10757754,Genetics,10.1093/genetics/154.3.1069,0016-6731,Oxford University Press (OUP)
22800423,Zhonghua Yan Ke Za Zhi,,0412-4081,
14744377,Zhonghua Er Ke Za Zhi,,0578-1310,
31060674,Zhongguo Yi Xue Ke Xue Yuan Xue Bao,10.3881/j.issn.1000-503X.10674,1000-503X,
16496041,Acta Biochim Pol,,0001-527X,Frontiers Media SA
33015801,Eur Rev Med Pharmacol Sci,10.26355/eurrev_202009_23046,2284-0729,
35633333,Wiad Lek,10.36740/WLek202204215,0043-5147,ALUNA
17295719,Alcohol Clin Exp Res,10.1111/j.1530-0277.2006.00331.x,0145-6008,Wiley
10688037,J Urol,,0022-5347,Ovid Technologies (Wolters Kluwer Health)
19351039,Biomed Khim,,2310-6972,Institute of Biochemistry
11155228,Biofizika,,0006-3029,Pleiades Publishing Ltd
16361898,J Trauma,,0022-5282,Ovid Technologies (Wolters Kluwer Health)
12920832,Beijing Da Xue Xue Bao Yi Xue Ban,,1671-167X,
11168526,Eur J Neurosci,,0953-816X,Wiley
22040489,Chin Med J (Engl),,2542-5641,Ovid Technologies (Wolters Kluwer Health)
15655353,Cell Cycle,,1551-4005,Informa UK Limited
36243986,Nucleic Acids Res,10.1093/nar/gkac897,1362-4962,Oxford University Press (OUP)
31800180,Adv Gerontol,,1561-9125,Saint Petersburg Institute of Bioregulation and Gerontology
21954642,Lik Sprava,,1019-5297,LLC Information and Research Center Likarska Sprava
12518221,Sheng Wu Hua Xue Yu Sheng Wu Wu Li Xue Bao (Shanghai),,0582-9879,
22471451,Asian Pac J Cancer Prev,,2476-762X,EpiSmart Science Vector Ltd
11517661,Tsitologiia,,0041-3771,Pleiades Publishing Ltd
23895834,Nan Fang Yi Ke Da Xue Xue Bao,,1673-4254,
30243715,Biochem Biophys Res Commun,10.1016/j.bbrc.2018.09.088,1090-2104,
16355538,Novartis Found Symp,,1528-2511,
23150584,Proc Natl Acad Sci U S A,10.1073/pnas.1213897109,1091-6490,Proceedings of the National Academy of Sciences
20942002,Nihon Rinsho,,0047-1852,
22428149,Acta Biochim Pol,,1734-154X,Frontiers Media SA
19331142,Anticancer Res,,0250-7005,Anticancer Research USA Inc.
31497209,Am J Transl Res,,1943-8141,e-Century Publishing Corporation
32986337,Vopr Pitan,10.24411/0042-8833-2020-10057,0042-8833,Geotar-Media Publishing Group
24241172,Biosci Trends,,1881-7823,International Research and Cooperation Association for Bio & Socio-Sciences Advancement (IRCA-BSSA)
15865215,Antivir Ther,,1359-6535,SAGE Publications
26524058,Zhongguo Shi Yan Xue Ye Xue Za Zhi,10.7534/j.issn.1009-2137.2015.05.046,1009-2137,
12813408,Mol Vis,,1090-0535,
16819301,Mol Cells,,1016-8478,Elsevier BV
21843439,Rev Fac Cien Med Univ Nac Cordoba,,0014-6722,Universidad Nacional de Cordoba
10677365,Biochem J,,0264-6021,Portland Press Ltd.
10706880,Blood,,0006-4971,American Society of Hematology
12615699,Cancer Res,,0008-5472,American Association for Cancer Research (AACR)
34105460,Zhongguo Shi Yan Xue Ye Xue Za Zhi,10.19746/j.cnki.issn.1009-2137.2021.03.008,1009-2137,
12359754,Cancer Res,,0008-5472,American Association for Cancer Research (AACR)
15555427,Xi Bao Yu Fen Zi Mian Yi Xue Za Zhi,,1007-8738,
12500177,Mol Vis,,1090-0535,
21768091,J Biol Chem,10.1074/jbc.M111.273607,1083-351X,Elsevier BV
11642117,Genetika,,0016-6758,Akademizdatcenter Nauka
22884151,Chin Med J (Engl),,2542-5641,Ovid Technologies (Wolters Kluwer Health)
24534232,Chin Med J (Engl),,2542-5641,Ovid Technologies (Wolters Kluwer Health)
12109895,Contemp Top Lab Anim Sci,,1060-0558,
18677094,Mol Cells,,1016-8478,Elsevier BV
19347047,Mol Vis,,1090-0535,
11873909,J Mol Microbiol Biotechnol,,1464-1801,S. Karger AG
14714526,Biofizika,,0006-3029,Pleiades Publishing Ltd
37052973,Altern Ther Health Med,,1078-6791,
12916471,Recept Channels,,1060-6823,Informa UK Limited
11774608,Adv Exp Med Biol,,0065-2598,Springer US
19661331,Anticancer Res,,1791-7530,Anticancer Research USA Inc.
14682392,Cell Mol Biol (Noisy-le-grand),,0145-5680,CMB Association
20593029,PLoS One,10.1371/journal.pone.0011328,1932-6203,Public Library of Science (PLoS)
17672343,Zhongguo Zhong Yao Za Zhi,,1001-5302,China Journal of Chinese Materia Medica
26107502,Cell Mol Biol (Noisy-le-grand),,1165-158X,CMB Association
21033342,Biofizika,,0006-3029,Pleiades Publishing Ltd
31826534,Zhonghua Jie He He Hu Xi Za Zhi,10.3760/cma.j.issn.1001-0939.2019.12.006,1001-0939,
11023516,Blood,,0006-4971,American Society of Hematology
29027453,Sheng Wu Gong Cheng Xue Bao,10.13345/j.cjb.160145,1000-3061,
10898795,Genes Dev,,0890-9369,Cold Spring Harbor Laboratory
36713254,ArXiv,,2331-8422,
16212053,Biofizika,,0006-3029,Pleiades Publishing Ltd
29970440,Ann Clin Lab Sci,,1550-8080,
11800015,Biochem Cell Biol,,0829-8211,Canadian Science Publishing
31218856,Hua Xi Kou Qiang Yi Xue Za Zhi,10.7518/hxkq.2019.03.004,2618-0456,
17334647,Int J Mol Med,,1107-3756,Spandidos Publications
23018505,Trop Biomed,,2521-9855,Malaysian Society of Parasitology and Tropical Medicine
29416926,Am J Cancer Res,,2156-6976,e-Century Publishing Corporation
20173062,Appl Environ Microbiol,10.1128/AEM.01463-09,1098-5336,American Society for Microbiology
25560505,Chirurgia (Bucur),,1221-9118,Celsius Publishing House
22838217,Roum Arch Microbiol Immunol,,1222-3891,Institutul National de Cercetare Dezvoltare Medico-Militara &quot;Cantacuzino&quot;
12635574,Allergy Asthma Proc,,1088-5412,Oceanside Publications Inc.
16758864,Mikrobiologiia,,0026-3656,Akademizdatcenter Nauka
30403600,Cell Mol Biol (Noisy-le-grand),,1165-158X,CMB Association
18226346,Zhonghua Gan Zang Bing Za Zhi,,1007-3418,
11439907,Jpn J Antibiot,,0368-2781,
14704122,Acta Pharmacol Sin,,1671-4083,Springer Science and Business Media LLC
19001833,Medicina (Kaunas),,1648-9144,MDPI AG
17348196,Zhongguo Zhong Yao Za Zhi,,1001-5302,China Journal of Chinese Materia Medica
12043057,Tidsskr Nor Laegeforen,,0029-2001,Norwegian Medical Association
27386437,Int J Mol Cell Med,,2251-9637,
36119839,Am J Cancer Res,,2156-6976,e-Century Publishing Corporation
17203175,Oncol Rep,,1021-335X,Spandidos Publications
23150805,Acta Naturae,,2075-8251,Acta Naturae Ltd
27296299,J Biomed Semantics,10.1186/s13326-016-0067-z,2041-1480,Springer Science and Business Media LLC
12469628,Ter Arkh,,0040-3660,Consilium Medicum
19718979,Bull Acad Natl Med,,0001-4079,Elsevier BV
20873608,Ying Yong Sheng Tai Xue Bao,,1001-9332,
12740567,Mol Vis,,1090-0535,
12684705,Int J Mol Med,,1107-3756,Spandidos Publications
26859959,Prikl Biokhim Mikrobiol,,0555-1099,Akademizdatcenter Nauka
25850303,Mol Biol (Mosk),,0026-8984,Akademizdatcenter Nauka
12428099,Thromb Haemost,,0340-6245,Georg Thieme Verlag KG
15995630,Exp Oncol,,1812-9269,National Academy of Sciences of Ukraine (Co. LTD Ukrinformnauka) (Publications)
26218510,Mol Imaging,,1536-0121,SAGE Publications
12974331,J Submicrosc Cytol Pathol,,1122-9497,
18156775,J Microbiol Biotechnol,,1017-7825,Korean Society for Microbiology and Biotechnology
17143789,Zhonghua Wei Chang Wai Ke Za Zhi,,1671-0274,
15030085,Afr J Med Med Sci,,0309-3913,
30378342,Sichuan Da Xue Xue Bao Yi Xue Ban,,1672-173X,
30697364,Int J Physiol Pathophysiol Pharmacol,,1944-8171,e-Century Publishing Corporation
12702563,Cancer Res,,0008-5472,American Association for Cancer Research (AACR)
11034081,Cancer Res,,0008-5472,American Association for Cancer Research (AACR)
11811062,Bioorg Khim,,0132-3423,Akademizdatcenter Nauka
11206324,Int J Dev Biol,,0214-6282,UPV/EHU Press
18062248,Wei Sheng Wu Xue Bao,,0001-6209,China Science Publishing & Media Ltd.
38275291,Oncotarget,10.18632/oncotarget.28544,1949-2553,"Impact Journals, LLC"
15969062,Sheng Wu Gong Cheng Xue Bao,,1000-3061,
25914735,J Med Life,,1844-3117,S.C.  JURNALUL PENTRU MEDICINA SI VIATA S.R.L
20569278,J Cell Mol Med,10.1111/j.1582-4934.2009.00677.x,1582-4934,Wiley
34622637,Sheng Wu Gong Cheng Xue Bao,10.13345/j.cjb.200709,1872-2075,Elsevier BV
25941716,Mikrobiologiia,,0026-3656,Akademizdatcenter Nauka
20891039,Klin Lab Diagn,,0869-2084,EKOlab
17543180,Chin Med J (Engl),,0366-6999,Ovid Technologies (Wolters Kluwer Health)
